name,context,price,utterance_template,state_template,question_prefix,question_affect,response_prefix,task_2,is_price_space,price_type,price_rounded,closest_price_space,item
Daniel,Daniel bought a new electric kettle,47,It cost $47.,It cost $47.,"A friend asked him, ",Was it expensive?,"Daniel said, ", Please provide the probability that Daniel thinks that the electric kettle is expensive.,False,sharp,50,51,electric kettle
Matt,Matt bought a new electric kettle,48,It cost $48.,It cost $47.,"A friend asked him, ",Was it expensive?,"Matt said, ", Please provide the probability that Matt thinks that the electric kettle is expensive.,False,sharp,50,51,electric kettle
Steve,Steve bought a new electric kettle,48,It cost $48.,It cost $48.,"A friend asked him, ",Was it expensive?,"Steve said, ", Please provide the probability that Steve thinks that the electric kettle is expensive.,False,sharp,50,51,electric kettle
Frank,Frank bought a new electric kettle,49,It cost $49.,It cost $47.,"A friend asked him, ",Was it expensive?,"Frank said, ", Please provide the probability that Frank thinks that the electric kettle is expensive.,True,sharp,50,51,electric kettle
Zach,Zach bought a new electric kettle,49,It cost $49.,It cost $48.,"A friend asked him, ",Was it expensive?,"Zach said, ", Please provide the probability that Zach thinks that the electric kettle is expensive.,True,sharp,50,51,electric kettle
Harry,Harry bought a new electric kettle,49,It cost $49.,It cost $49.,"A friend asked him, ",Was it expensive?,"Harry said, ", Please provide the probability that Harry thinks that the electric kettle is expensive.,True,sharp,50,51,electric kettle
Barry,Barry bought a new electric kettle,50,It cost $50.,It cost $47.,"A friend asked him, ",Was it expensive?,"Barry said, ", Please provide the probability that Barry thinks that the electric kettle is expensive.,True,round,50,50,electric kettle
Alex,Alex bought a new electric kettle,50,It cost $50.,It cost $48.,"A friend asked him, ",Was it expensive?,"Alex said, ", Please provide the probability that Alex thinks that the electric kettle is expensive.,True,round,50,50,electric kettle
Gary,Gary bought a new electric kettle,50,It cost $50.,It cost $49.,"A friend asked him, ",Was it expensive?,"Gary said, ", Please provide the probability that Gary thinks that the electric kettle is expensive.,True,round,50,50,electric kettle
Tom,Tom bought a new electric kettle,50,It cost $50.,It cost $50.,"A friend asked him, ",Was it expensive?,"Tom said, ", Please provide the probability that Tom thinks that the electric kettle is expensive.,True,round,50,50,electric kettle
Jake,Jake bought a new electric kettle,50,It cost $50.,It cost $50.,"A friend asked him, ",Was it expensive?,"Jake said, ", Please provide the probability that Jake thinks that the electric kettle is expensive.,True,round,50,50,electric kettle
Daniel,Daniel bought a new electric kettle,50,It cost $50.,It cost $47.,"A friend asked him, ",Was it expensive?,"Daniel said, ", Please provide the probability that Daniel thinks that the electric kettle is expensive.,True,round,50,50,electric kettle
Charles,Charles bought a new electric kettle,50,It cost $50.,It cost $48.,"A friend asked him, ",Was it expensive?,"Charles said, ", Please provide the probability that Charles thinks that the electric kettle is expensive.,True,round,50,50,electric kettle
Barry,Barry bought a new electric kettle,50,It cost $50.,It cost $49.,"A friend asked him, ",Was it expensive?,"Barry said, ", Please provide the probability that Barry thinks that the electric kettle is expensive.,True,round,50,50,electric kettle
Eric,Eric bought a new electric kettle,50,It cost $50.,It cost $50.,"A friend asked him, ",Was it expensive?,"Eric said, ", Please provide the probability that Eric thinks that the electric kettle is expensive.,True,round,50,50,electric kettle
Matt,Matt bought a new electric kettle,50,It cost $50.,It cost $50.,"A friend asked him, ",Was it expensive?,"Matt said, ", Please provide the probability that Matt thinks that the electric kettle is expensive.,True,round,50,50,electric kettle
Eric,Eric bought a new electric kettle,51,It cost $51.,It cost $47.,"A friend asked him, ",Was it expensive?,"Eric said, ", Please provide the probability that Eric thinks that the electric kettle is expensive.,False,sharp,50,51,electric kettle
Kenneth,Kenneth bought a new electric kettle,51,It cost $51.,It cost $48.,"A friend asked him, ",Was it expensive?,"Kenneth said, ", Please provide the probability that Kenneth thinks that the electric kettle is expensive.,False,sharp,50,51,electric kettle
Owen,Owen bought a new electric kettle,51,It cost $51.,It cost $49.,"A friend asked him, ",Was it expensive?,"Owen said, ", Please provide the probability that Owen thinks that the electric kettle is expensive.,False,sharp,50,51,electric kettle
David,David bought a new electric kettle,51,It cost $51.,It cost $50.,"A friend asked him, ",Was it expensive?,"David said, ", Please provide the probability that David thinks that the electric kettle is expensive.,False,sharp,50,51,electric kettle
Kenneth,Kenneth bought a new electric kettle,51,It cost $51.,It cost $50.,"A friend asked him, ",Was it expensive?,"Kenneth said, ", Please provide the probability that Kenneth thinks that the electric kettle is expensive.,False,sharp,50,51,electric kettle
Frank,Frank bought a new electric kettle,51,It cost $51.,It cost $51.,"A friend asked him, ",Was it expensive?,"Frank said, ", Please provide the probability that Frank thinks that the electric kettle is expensive.,False,sharp,50,51,electric kettle
Bob,Bob bought a new electric kettle,52,It cost $52.,It cost $47.,"A friend asked him, ",Was it expensive?,"Bob said, ", Please provide the probability that Bob thinks that the electric kettle is expensive.,False,sharp,50,51,electric kettle
Robert,Robert bought a new electric kettle,52,It cost $52.,It cost $48.,"A friend asked him, ",Was it expensive?,"Robert said, ", Please provide the probability that Robert thinks that the electric kettle is expensive.,False,sharp,50,51,electric kettle
Matt,Matt bought a new electric kettle,52,It cost $52.,It cost $49.,"A friend asked him, ",Was it expensive?,"Matt said, ", Please provide the probability that Matt thinks that the electric kettle is expensive.,False,sharp,50,51,electric kettle
Frank,Frank bought a new electric kettle,52,It cost $52.,It cost $50.,"A friend asked him, ",Was it expensive?,"Frank said, ", Please provide the probability that Frank thinks that the electric kettle is expensive.,False,sharp,50,51,electric kettle
Quinn,Quinn bought a new electric kettle,52,It cost $52.,It cost $50.,"A friend asked him, ",Was it expensive?,"Quinn said, ", Please provide the probability that Quinn thinks that the electric kettle is expensive.,False,sharp,50,51,electric kettle
Alex,Alex bought a new electric kettle,52,It cost $52.,It cost $51.,"A friend asked him, ",Was it expensive?,"Alex said, ", Please provide the probability that Alex thinks that the electric kettle is expensive.,False,sharp,50,51,electric kettle
Alex,Alex bought a new electric kettle,52,It cost $52.,It cost $52.,"A friend asked him, ",Was it expensive?,"Alex said, ", Please provide the probability that Alex thinks that the electric kettle is expensive.,False,sharp,50,51,electric kettle
Victor,Victor bought a new electric kettle,53,It cost $53.,It cost $47.,"A friend asked him, ",Was it expensive?,"Victor said, ", Please provide the probability that Victor thinks that the electric kettle is expensive.,False,sharp,50,51,electric kettle
Ivan,Ivan bought a new electric kettle,53,It cost $53.,It cost $48.,"A friend asked him, ",Was it expensive?,"Ivan said, ", Please provide the probability that Ivan thinks that the electric kettle is expensive.,False,sharp,50,51,electric kettle
Barry,Barry bought a new electric kettle,53,It cost $53.,It cost $49.,"A friend asked him, ",Was it expensive?,"Barry said, ", Please provide the probability that Barry thinks that the electric kettle is expensive.,False,sharp,50,51,electric kettle
Frank,Frank bought a new electric kettle,53,It cost $53.,It cost $50.,"A friend asked him, ",Was it expensive?,"Frank said, ", Please provide the probability that Frank thinks that the electric kettle is expensive.,False,sharp,50,51,electric kettle
Tom,Tom bought a new electric kettle,53,It cost $53.,It cost $50.,"A friend asked him, ",Was it expensive?,"Tom said, ", Please provide the probability that Tom thinks that the electric kettle is expensive.,False,sharp,50,51,electric kettle
Luke,Luke bought a new electric kettle,53,It cost $53.,It cost $51.,"A friend asked him, ",Was it expensive?,"Luke said, ", Please provide the probability that Luke thinks that the electric kettle is expensive.,False,sharp,50,51,electric kettle
Jake,Jake bought a new electric kettle,53,It cost $53.,It cost $52.,"A friend asked him, ",Was it expensive?,"Jake said, ", Please provide the probability that Jake thinks that the electric kettle is expensive.,False,sharp,50,51,electric kettle
Robert,Robert bought a new electric kettle,53,It cost $53.,It cost $53.,"A friend asked him, ",Was it expensive?,"Robert said, ", Please provide the probability that Robert thinks that the electric kettle is expensive.,False,sharp,50,51,electric kettle
Tom,Tom bought a new electric kettle,497,It cost $497.,It cost $47.,"A friend asked him, ",Was it expensive?,"Tom said, ", Please provide the probability that Tom thinks that the electric kettle is expensive.,False,sharp,500,501,electric kettle
Owen,Owen bought a new electric kettle,497,It cost $497.,It cost $48.,"A friend asked him, ",Was it expensive?,"Owen said, ", Please provide the probability that Owen thinks that the electric kettle is expensive.,False,sharp,500,501,electric kettle
Fred,Fred bought a new electric kettle,497,It cost $497.,It cost $49.,"A friend asked him, ",Was it expensive?,"Fred said, ", Please provide the probability that Fred thinks that the electric kettle is expensive.,False,sharp,500,501,electric kettle
Alex,Alex bought a new electric kettle,497,It cost $497.,It cost $50.,"A friend asked him, ",Was it expensive?,"Alex said, ", Please provide the probability that Alex thinks that the electric kettle is expensive.,False,sharp,500,501,electric kettle
Eric,Eric bought a new electric kettle,497,It cost $497.,It cost $50.,"A friend asked him, ",Was it expensive?,"Eric said, ", Please provide the probability that Eric thinks that the electric kettle is expensive.,False,sharp,500,501,electric kettle
Gary,Gary bought a new electric kettle,497,It cost $497.,It cost $51.,"A friend asked him, ",Was it expensive?,"Gary said, ", Please provide the probability that Gary thinks that the electric kettle is expensive.,False,sharp,500,501,electric kettle
Eric,Eric bought a new electric kettle,497,It cost $497.,It cost $52.,"A friend asked him, ",Was it expensive?,"Eric said, ", Please provide the probability that Eric thinks that the electric kettle is expensive.,False,sharp,500,501,electric kettle
Albert,Albert bought a new electric kettle,497,It cost $497.,It cost $53.,"A friend asked him, ",Was it expensive?,"Albert said, ", Please provide the probability that Albert thinks that the electric kettle is expensive.,False,sharp,500,501,electric kettle
Quinn,Quinn bought a new electric kettle,497,It cost $497.,It cost $497.,"A friend asked him, ",Was it expensive?,"Quinn said, ", Please provide the probability that Quinn thinks that the electric kettle is expensive.,False,sharp,500,501,electric kettle
Matt,Matt bought a new electric kettle,498,It cost $498.,It cost $47.,"A friend asked him, ",Was it expensive?,"Matt said, ", Please provide the probability that Matt thinks that the electric kettle is expensive.,False,sharp,500,501,electric kettle
Matt,Matt bought a new electric kettle,498,It cost $498.,It cost $48.,"A friend asked him, ",Was it expensive?,"Matt said, ", Please provide the probability that Matt thinks that the electric kettle is expensive.,False,sharp,500,501,electric kettle
Robert,Robert bought a new electric kettle,498,It cost $498.,It cost $49.,"A friend asked him, ",Was it expensive?,"Robert said, ", Please provide the probability that Robert thinks that the electric kettle is expensive.,False,sharp,500,501,electric kettle
Nathan,Nathan bought a new electric kettle,498,It cost $498.,It cost $50.,"A friend asked him, ",Was it expensive?,"Nathan said, ", Please provide the probability that Nathan thinks that the electric kettle is expensive.,False,sharp,500,501,electric kettle
Barry,Barry bought a new electric kettle,498,It cost $498.,It cost $50.,"A friend asked him, ",Was it expensive?,"Barry said, ", Please provide the probability that Barry thinks that the electric kettle is expensive.,False,sharp,500,501,electric kettle
Bob,Bob bought a new electric kettle,498,It cost $498.,It cost $51.,"A friend asked him, ",Was it expensive?,"Bob said, ", Please provide the probability that Bob thinks that the electric kettle is expensive.,False,sharp,500,501,electric kettle
Harry,Harry bought a new electric kettle,498,It cost $498.,It cost $52.,"A friend asked him, ",Was it expensive?,"Harry said, ", Please provide the probability that Harry thinks that the electric kettle is expensive.,False,sharp,500,501,electric kettle
Robert,Robert bought a new electric kettle,498,It cost $498.,It cost $53.,"A friend asked him, ",Was it expensive?,"Robert said, ", Please provide the probability that Robert thinks that the electric kettle is expensive.,False,sharp,500,501,electric kettle
Calvin,Calvin bought a new electric kettle,498,It cost $498.,It cost $497.,"A friend asked him, ",Was it expensive?,"Calvin said, ", Please provide the probability that Calvin thinks that the electric kettle is expensive.,False,sharp,500,501,electric kettle
Frank,Frank bought a new electric kettle,498,It cost $498.,It cost $498.,"A friend asked him, ",Was it expensive?,"Frank said, ", Please provide the probability that Frank thinks that the electric kettle is expensive.,False,sharp,500,501,electric kettle
Barry,Barry bought a new electric kettle,499,It cost $499.,It cost $47.,"A friend asked him, ",Was it expensive?,"Barry said, ", Please provide the probability that Barry thinks that the electric kettle is expensive.,True,sharp,500,501,electric kettle
Zach,Zach bought a new electric kettle,499,It cost $499.,It cost $48.,"A friend asked him, ",Was it expensive?,"Zach said, ", Please provide the probability that Zach thinks that the electric kettle is expensive.,True,sharp,500,501,electric kettle
Nathan,Nathan bought a new electric kettle,499,It cost $499.,It cost $49.,"A friend asked him, ",Was it expensive?,"Nathan said, ", Please provide the probability that Nathan thinks that the electric kettle is expensive.,True,sharp,500,501,electric kettle
Charles,Charles bought a new electric kettle,499,It cost $499.,It cost $50.,"A friend asked him, ",Was it expensive?,"Charles said, ", Please provide the probability that Charles thinks that the electric kettle is expensive.,True,sharp,500,501,electric kettle
Matt,Matt bought a new electric kettle,499,It cost $499.,It cost $50.,"A friend asked him, ",Was it expensive?,"Matt said, ", Please provide the probability that Matt thinks that the electric kettle is expensive.,True,sharp,500,501,electric kettle
Nathan,Nathan bought a new electric kettle,499,It cost $499.,It cost $51.,"A friend asked him, ",Was it expensive?,"Nathan said, ", Please provide the probability that Nathan thinks that the electric kettle is expensive.,True,sharp,500,501,electric kettle
Kenneth,Kenneth bought a new electric kettle,499,It cost $499.,It cost $52.,"A friend asked him, ",Was it expensive?,"Kenneth said, ", Please provide the probability that Kenneth thinks that the electric kettle is expensive.,True,sharp,500,501,electric kettle
David,David bought a new electric kettle,499,It cost $499.,It cost $53.,"A friend asked him, ",Was it expensive?,"David said, ", Please provide the probability that David thinks that the electric kettle is expensive.,True,sharp,500,501,electric kettle
George,George bought a new electric kettle,499,It cost $499.,It cost $497.,"A friend asked him, ",Was it expensive?,"George said, ", Please provide the probability that George thinks that the electric kettle is expensive.,True,sharp,500,501,electric kettle
Gary,Gary bought a new electric kettle,499,It cost $499.,It cost $498.,"A friend asked him, ",Was it expensive?,"Gary said, ", Please provide the probability that Gary thinks that the electric kettle is expensive.,True,sharp,500,501,electric kettle
Calvin,Calvin bought a new electric kettle,499,It cost $499.,It cost $499.,"A friend asked him, ",Was it expensive?,"Calvin said, ", Please provide the probability that Calvin thinks that the electric kettle is expensive.,True,sharp,500,501,electric kettle
Patrick,Patrick bought a new electric kettle,500,It cost $500.,It cost $47.,"A friend asked him, ",Was it expensive?,"Patrick said, ", Please provide the probability that Patrick thinks that the electric kettle is expensive.,True,round,500,500,electric kettle
Kenneth,Kenneth bought a new electric kettle,500,It cost $500.,It cost $48.,"A friend asked him, ",Was it expensive?,"Kenneth said, ", Please provide the probability that Kenneth thinks that the electric kettle is expensive.,True,round,500,500,electric kettle
Robert,Robert bought a new electric kettle,500,It cost $500.,It cost $49.,"A friend asked him, ",Was it expensive?,"Robert said, ", Please provide the probability that Robert thinks that the electric kettle is expensive.,True,round,500,500,electric kettle
Victor,Victor bought a new electric kettle,500,It cost $500.,It cost $50.,"A friend asked him, ",Was it expensive?,"Victor said, ", Please provide the probability that Victor thinks that the electric kettle is expensive.,True,round,500,500,electric kettle
Alex,Alex bought a new electric kettle,500,It cost $500.,It cost $50.,"A friend asked him, ",Was it expensive?,"Alex said, ", Please provide the probability that Alex thinks that the electric kettle is expensive.,True,round,500,500,electric kettle
Alex,Alex bought a new electric kettle,500,It cost $500.,It cost $51.,"A friend asked him, ",Was it expensive?,"Alex said, ", Please provide the probability that Alex thinks that the electric kettle is expensive.,True,round,500,500,electric kettle
Alex,Alex bought a new electric kettle,500,It cost $500.,It cost $52.,"A friend asked him, ",Was it expensive?,"Alex said, ", Please provide the probability that Alex thinks that the electric kettle is expensive.,True,round,500,500,electric kettle
Winston,Winston bought a new electric kettle,500,It cost $500.,It cost $53.,"A friend asked him, ",Was it expensive?,"Winston said, ", Please provide the probability that Winston thinks that the electric kettle is expensive.,True,round,500,500,electric kettle
Eric,Eric bought a new electric kettle,500,It cost $500.,It cost $497.,"A friend asked him, ",Was it expensive?,"Eric said, ", Please provide the probability that Eric thinks that the electric kettle is expensive.,True,round,500,500,electric kettle
Steve,Steve bought a new electric kettle,500,It cost $500.,It cost $498.,"A friend asked him, ",Was it expensive?,"Steve said, ", Please provide the probability that Steve thinks that the electric kettle is expensive.,True,round,500,500,electric kettle
Quinn,Quinn bought a new electric kettle,500,It cost $500.,It cost $499.,"A friend asked him, ",Was it expensive?,"Quinn said, ", Please provide the probability that Quinn thinks that the electric kettle is expensive.,True,round,500,500,electric kettle
Barry,Barry bought a new electric kettle,500,It cost $500.,It cost $500.,"A friend asked him, ",Was it expensive?,"Barry said, ", Please provide the probability that Barry thinks that the electric kettle is expensive.,True,round,500,500,electric kettle
Alex,Alex bought a new electric kettle,500,It cost $500.,It cost $500.,"A friend asked him, ",Was it expensive?,"Alex said, ", Please provide the probability that Alex thinks that the electric kettle is expensive.,True,round,500,500,electric kettle
Steve,Steve bought a new electric kettle,500,It cost $500.,It cost $47.,"A friend asked him, ",Was it expensive?,"Steve said, ", Please provide the probability that Steve thinks that the electric kettle is expensive.,True,round,500,500,electric kettle
Barry,Barry bought a new electric kettle,500,It cost $500.,It cost $48.,"A friend asked him, ",Was it expensive?,"Barry said, ", Please provide the probability that Barry thinks that the electric kettle is expensive.,True,round,500,500,electric kettle
Tom,Tom bought a new electric kettle,500,It cost $500.,It cost $49.,"A friend asked him, ",Was it expensive?,"Tom said, ", Please provide the probability that Tom thinks that the electric kettle is expensive.,True,round,500,500,electric kettle
George,George bought a new electric kettle,500,It cost $500.,It cost $50.,"A friend asked him, ",Was it expensive?,"George said, ", Please provide the probability that George thinks that the electric kettle is expensive.,True,round,500,500,electric kettle
Winston,Winston bought a new electric kettle,500,It cost $500.,It cost $50.,"A friend asked him, ",Was it expensive?,"Winston said, ", Please provide the probability that Winston thinks that the electric kettle is expensive.,True,round,500,500,electric kettle
Fred,Fred bought a new electric kettle,500,It cost $500.,It cost $51.,"A friend asked him, ",Was it expensive?,"Fred said, ", Please provide the probability that Fred thinks that the electric kettle is expensive.,True,round,500,500,electric kettle
Tom,Tom bought a new electric kettle,500,It cost $500.,It cost $52.,"A friend asked him, ",Was it expensive?,"Tom said, ", Please provide the probability that Tom thinks that the electric kettle is expensive.,True,round,500,500,electric kettle
Daniel,Daniel bought a new electric kettle,500,It cost $500.,It cost $53.,"A friend asked him, ",Was it expensive?,"Daniel said, ", Please provide the probability that Daniel thinks that the electric kettle is expensive.,True,round,500,500,electric kettle
Quinn,Quinn bought a new electric kettle,500,It cost $500.,It cost $497.,"A friend asked him, ",Was it expensive?,"Quinn said, ", Please provide the probability that Quinn thinks that the electric kettle is expensive.,True,round,500,500,electric kettle
Patrick,Patrick bought a new electric kettle,500,It cost $500.,It cost $498.,"A friend asked him, ",Was it expensive?,"Patrick said, ", Please provide the probability that Patrick thinks that the electric kettle is expensive.,True,round,500,500,electric kettle
Luke,Luke bought a new electric kettle,500,It cost $500.,It cost $499.,"A friend asked him, ",Was it expensive?,"Luke said, ", Please provide the probability that Luke thinks that the electric kettle is expensive.,True,round,500,500,electric kettle
Harry,Harry bought a new electric kettle,500,It cost $500.,It cost $500.,"A friend asked him, ",Was it expensive?,"Harry said, ", Please provide the probability that Harry thinks that the electric kettle is expensive.,True,round,500,500,electric kettle
Charles,Charles bought a new electric kettle,500,It cost $500.,It cost $500.,"A friend asked him, ",Was it expensive?,"Charles said, ", Please provide the probability that Charles thinks that the electric kettle is expensive.,True,round,500,500,electric kettle
Kenneth,Kenneth bought a new electric kettle,501,It cost $501.,It cost $47.,"A friend asked him, ",Was it expensive?,"Kenneth said, ", Please provide the probability that Kenneth thinks that the electric kettle is expensive.,False,sharp,500,501,electric kettle
Fred,Fred bought a new electric kettle,501,It cost $501.,It cost $48.,"A friend asked him, ",Was it expensive?,"Fred said, ", Please provide the probability that Fred thinks that the electric kettle is expensive.,False,sharp,500,501,electric kettle
Gary,Gary bought a new electric kettle,501,It cost $501.,It cost $49.,"A friend asked him, ",Was it expensive?,"Gary said, ", Please provide the probability that Gary thinks that the electric kettle is expensive.,False,sharp,500,501,electric kettle
Ivan,Ivan bought a new electric kettle,501,It cost $501.,It cost $50.,"A friend asked him, ",Was it expensive?,"Ivan said, ", Please provide the probability that Ivan thinks that the electric kettle is expensive.,False,sharp,500,501,electric kettle
Matt,Matt bought a new electric kettle,501,It cost $501.,It cost $50.,"A friend asked him, ",Was it expensive?,"Matt said, ", Please provide the probability that Matt thinks that the electric kettle is expensive.,False,sharp,500,501,electric kettle
Jake,Jake bought a new electric kettle,501,It cost $501.,It cost $51.,"A friend asked him, ",Was it expensive?,"Jake said, ", Please provide the probability that Jake thinks that the electric kettle is expensive.,False,sharp,500,501,electric kettle
Tom,Tom bought a new electric kettle,501,It cost $501.,It cost $52.,"A friend asked him, ",Was it expensive?,"Tom said, ", Please provide the probability that Tom thinks that the electric kettle is expensive.,False,sharp,500,501,electric kettle
Albert,Albert bought a new electric kettle,501,It cost $501.,It cost $53.,"A friend asked him, ",Was it expensive?,"Albert said, ", Please provide the probability that Albert thinks that the electric kettle is expensive.,False,sharp,500,501,electric kettle
Owen,Owen bought a new electric kettle,501,It cost $501.,It cost $497.,"A friend asked him, ",Was it expensive?,"Owen said, ", Please provide the probability that Owen thinks that the electric kettle is expensive.,False,sharp,500,501,electric kettle
Bob,Bob bought a new electric kettle,501,It cost $501.,It cost $498.,"A friend asked him, ",Was it expensive?,"Bob said, ", Please provide the probability that Bob thinks that the electric kettle is expensive.,False,sharp,500,501,electric kettle
Zach,Zach bought a new electric kettle,501,It cost $501.,It cost $499.,"A friend asked him, ",Was it expensive?,"Zach said, ", Please provide the probability that Zach thinks that the electric kettle is expensive.,False,sharp,500,501,electric kettle
David,David bought a new electric kettle,501,It cost $501.,It cost $500.,"A friend asked him, ",Was it expensive?,"David said, ", Please provide the probability that David thinks that the electric kettle is expensive.,False,sharp,500,501,electric kettle
Owen,Owen bought a new electric kettle,501,It cost $501.,It cost $500.,"A friend asked him, ",Was it expensive?,"Owen said, ", Please provide the probability that Owen thinks that the electric kettle is expensive.,False,sharp,500,501,electric kettle
Albert,Albert bought a new electric kettle,501,It cost $501.,It cost $501.,"A friend asked him, ",Was it expensive?,"Albert said, ", Please provide the probability that Albert thinks that the electric kettle is expensive.,False,sharp,500,501,electric kettle
Steve,Steve bought a new electric kettle,502,It cost $502.,It cost $47.,"A friend asked him, ",Was it expensive?,"Steve said, ", Please provide the probability that Steve thinks that the electric kettle is expensive.,False,sharp,500,501,electric kettle
Frank,Frank bought a new electric kettle,502,It cost $502.,It cost $48.,"A friend asked him, ",Was it expensive?,"Frank said, ", Please provide the probability that Frank thinks that the electric kettle is expensive.,False,sharp,500,501,electric kettle
Luke,Luke bought a new electric kettle,502,It cost $502.,It cost $49.,"A friend asked him, ",Was it expensive?,"Luke said, ", Please provide the probability that Luke thinks that the electric kettle is expensive.,False,sharp,500,501,electric kettle
Tom,Tom bought a new electric kettle,502,It cost $502.,It cost $50.,"A friend asked him, ",Was it expensive?,"Tom said, ", Please provide the probability that Tom thinks that the electric kettle is expensive.,False,sharp,500,501,electric kettle
Calvin,Calvin bought a new electric kettle,502,It cost $502.,It cost $50.,"A friend asked him, ",Was it expensive?,"Calvin said, ", Please provide the probability that Calvin thinks that the electric kettle is expensive.,False,sharp,500,501,electric kettle
Alex,Alex bought a new electric kettle,502,It cost $502.,It cost $51.,"A friend asked him, ",Was it expensive?,"Alex said, ", Please provide the probability that Alex thinks that the electric kettle is expensive.,False,sharp,500,501,electric kettle
Matt,Matt bought a new electric kettle,502,It cost $502.,It cost $52.,"A friend asked him, ",Was it expensive?,"Matt said, ", Please provide the probability that Matt thinks that the electric kettle is expensive.,False,sharp,500,501,electric kettle
Zach,Zach bought a new electric kettle,502,It cost $502.,It cost $53.,"A friend asked him, ",Was it expensive?,"Zach said, ", Please provide the probability that Zach thinks that the electric kettle is expensive.,False,sharp,500,501,electric kettle
Frank,Frank bought a new electric kettle,502,It cost $502.,It cost $497.,"A friend asked him, ",Was it expensive?,"Frank said, ", Please provide the probability that Frank thinks that the electric kettle is expensive.,False,sharp,500,501,electric kettle
Frank,Frank bought a new electric kettle,502,It cost $502.,It cost $498.,"A friend asked him, ",Was it expensive?,"Frank said, ", Please provide the probability that Frank thinks that the electric kettle is expensive.,False,sharp,500,501,electric kettle
Zach,Zach bought a new electric kettle,502,It cost $502.,It cost $499.,"A friend asked him, ",Was it expensive?,"Zach said, ", Please provide the probability that Zach thinks that the electric kettle is expensive.,False,sharp,500,501,electric kettle
Steve,Steve bought a new electric kettle,502,It cost $502.,It cost $500.,"A friend asked him, ",Was it expensive?,"Steve said, ", Please provide the probability that Steve thinks that the electric kettle is expensive.,False,sharp,500,501,electric kettle
Jake,Jake bought a new electric kettle,502,It cost $502.,It cost $500.,"A friend asked him, ",Was it expensive?,"Jake said, ", Please provide the probability that Jake thinks that the electric kettle is expensive.,False,sharp,500,501,electric kettle
Winston,Winston bought a new electric kettle,502,It cost $502.,It cost $501.,"A friend asked him, ",Was it expensive?,"Winston said, ", Please provide the probability that Winston thinks that the electric kettle is expensive.,False,sharp,500,501,electric kettle
Fred,Fred bought a new electric kettle,502,It cost $502.,It cost $502.,"A friend asked him, ",Was it expensive?,"Fred said, ", Please provide the probability that Fred thinks that the electric kettle is expensive.,False,sharp,500,501,electric kettle
Matt,Matt bought a new electric kettle,503,It cost $503.,It cost $47.,"A friend asked him, ",Was it expensive?,"Matt said, ", Please provide the probability that Matt thinks that the electric kettle is expensive.,False,sharp,500,501,electric kettle
Fred,Fred bought a new electric kettle,503,It cost $503.,It cost $48.,"A friend asked him, ",Was it expensive?,"Fred said, ", Please provide the probability that Fred thinks that the electric kettle is expensive.,False,sharp,500,501,electric kettle
Gary,Gary bought a new electric kettle,503,It cost $503.,It cost $49.,"A friend asked him, ",Was it expensive?,"Gary said, ", Please provide the probability that Gary thinks that the electric kettle is expensive.,False,sharp,500,501,electric kettle
Kenneth,Kenneth bought a new electric kettle,503,It cost $503.,It cost $50.,"A friend asked him, ",Was it expensive?,"Kenneth said, ", Please provide the probability that Kenneth thinks that the electric kettle is expensive.,False,sharp,500,501,electric kettle
Victor,Victor bought a new electric kettle,503,It cost $503.,It cost $50.,"A friend asked him, ",Was it expensive?,"Victor said, ", Please provide the probability that Victor thinks that the electric kettle is expensive.,False,sharp,500,501,electric kettle
Bob,Bob bought a new electric kettle,503,It cost $503.,It cost $51.,"A friend asked him, ",Was it expensive?,"Bob said, ", Please provide the probability that Bob thinks that the electric kettle is expensive.,False,sharp,500,501,electric kettle
Jake,Jake bought a new electric kettle,503,It cost $503.,It cost $52.,"A friend asked him, ",Was it expensive?,"Jake said, ", Please provide the probability that Jake thinks that the electric kettle is expensive.,False,sharp,500,501,electric kettle
Fred,Fred bought a new electric kettle,503,It cost $503.,It cost $53.,"A friend asked him, ",Was it expensive?,"Fred said, ", Please provide the probability that Fred thinks that the electric kettle is expensive.,False,sharp,500,501,electric kettle
Frank,Frank bought a new electric kettle,503,It cost $503.,It cost $497.,"A friend asked him, ",Was it expensive?,"Frank said, ", Please provide the probability that Frank thinks that the electric kettle is expensive.,False,sharp,500,501,electric kettle
Calvin,Calvin bought a new electric kettle,503,It cost $503.,It cost $498.,"A friend asked him, ",Was it expensive?,"Calvin said, ", Please provide the probability that Calvin thinks that the electric kettle is expensive.,False,sharp,500,501,electric kettle
Nathan,Nathan bought a new electric kettle,503,It cost $503.,It cost $499.,"A friend asked him, ",Was it expensive?,"Nathan said, ", Please provide the probability that Nathan thinks that the electric kettle is expensive.,False,sharp,500,501,electric kettle
Victor,Victor bought a new electric kettle,503,It cost $503.,It cost $500.,"A friend asked him, ",Was it expensive?,"Victor said, ", Please provide the probability that Victor thinks that the electric kettle is expensive.,False,sharp,500,501,electric kettle
Jake,Jake bought a new electric kettle,503,It cost $503.,It cost $500.,"A friend asked him, ",Was it expensive?,"Jake said, ", Please provide the probability that Jake thinks that the electric kettle is expensive.,False,sharp,500,501,electric kettle
Frank,Frank bought a new electric kettle,503,It cost $503.,It cost $501.,"A friend asked him, ",Was it expensive?,"Frank said, ", Please provide the probability that Frank thinks that the electric kettle is expensive.,False,sharp,500,501,electric kettle
Matt,Matt bought a new electric kettle,503,It cost $503.,It cost $502.,"A friend asked him, ",Was it expensive?,"Matt said, ", Please provide the probability that Matt thinks that the electric kettle is expensive.,False,sharp,500,501,electric kettle
Bob,Bob bought a new electric kettle,503,It cost $503.,It cost $503.,"A friend asked him, ",Was it expensive?,"Bob said, ", Please provide the probability that Bob thinks that the electric kettle is expensive.,False,sharp,500,501,electric kettle
Victor,Victor bought a new electric kettle,997,It cost $997.,It cost $47.,"A friend asked him, ",Was it expensive?,"Victor said, ", Please provide the probability that Victor thinks that the electric kettle is expensive.,False,sharp,1000,1001,electric kettle
Fred,Fred bought a new electric kettle,997,It cost $997.,It cost $48.,"A friend asked him, ",Was it expensive?,"Fred said, ", Please provide the probability that Fred thinks that the electric kettle is expensive.,False,sharp,1000,1001,electric kettle
Patrick,Patrick bought a new electric kettle,997,It cost $997.,It cost $49.,"A friend asked him, ",Was it expensive?,"Patrick said, ", Please provide the probability that Patrick thinks that the electric kettle is expensive.,False,sharp,1000,1001,electric kettle
Robert,Robert bought a new electric kettle,997,It cost $997.,It cost $50.,"A friend asked him, ",Was it expensive?,"Robert said, ", Please provide the probability that Robert thinks that the electric kettle is expensive.,False,sharp,1000,1001,electric kettle
Matt,Matt bought a new electric kettle,997,It cost $997.,It cost $50.,"A friend asked him, ",Was it expensive?,"Matt said, ", Please provide the probability that Matt thinks that the electric kettle is expensive.,False,sharp,1000,1001,electric kettle
Luke,Luke bought a new electric kettle,997,It cost $997.,It cost $51.,"A friend asked him, ",Was it expensive?,"Luke said, ", Please provide the probability that Luke thinks that the electric kettle is expensive.,False,sharp,1000,1001,electric kettle
Fred,Fred bought a new electric kettle,997,It cost $997.,It cost $52.,"A friend asked him, ",Was it expensive?,"Fred said, ", Please provide the probability that Fred thinks that the electric kettle is expensive.,False,sharp,1000,1001,electric kettle
Patrick,Patrick bought a new electric kettle,997,It cost $997.,It cost $53.,"A friend asked him, ",Was it expensive?,"Patrick said, ", Please provide the probability that Patrick thinks that the electric kettle is expensive.,False,sharp,1000,1001,electric kettle
Victor,Victor bought a new electric kettle,997,It cost $997.,It cost $497.,"A friend asked him, ",Was it expensive?,"Victor said, ", Please provide the probability that Victor thinks that the electric kettle is expensive.,False,sharp,1000,1001,electric kettle
Albert,Albert bought a new electric kettle,997,It cost $997.,It cost $498.,"A friend asked him, ",Was it expensive?,"Albert said, ", Please provide the probability that Albert thinks that the electric kettle is expensive.,False,sharp,1000,1001,electric kettle
Fred,Fred bought a new electric kettle,997,It cost $997.,It cost $499.,"A friend asked him, ",Was it expensive?,"Fred said, ", Please provide the probability that Fred thinks that the electric kettle is expensive.,False,sharp,1000,1001,electric kettle
Charles,Charles bought a new electric kettle,997,It cost $997.,It cost $500.,"A friend asked him, ",Was it expensive?,"Charles said, ", Please provide the probability that Charles thinks that the electric kettle is expensive.,False,sharp,1000,1001,electric kettle
Kenneth,Kenneth bought a new electric kettle,997,It cost $997.,It cost $500.,"A friend asked him, ",Was it expensive?,"Kenneth said, ", Please provide the probability that Kenneth thinks that the electric kettle is expensive.,False,sharp,1000,1001,electric kettle
Steve,Steve bought a new electric kettle,997,It cost $997.,It cost $501.,"A friend asked him, ",Was it expensive?,"Steve said, ", Please provide the probability that Steve thinks that the electric kettle is expensive.,False,sharp,1000,1001,electric kettle
Steve,Steve bought a new electric kettle,997,It cost $997.,It cost $502.,"A friend asked him, ",Was it expensive?,"Steve said, ", Please provide the probability that Steve thinks that the electric kettle is expensive.,False,sharp,1000,1001,electric kettle
Nathan,Nathan bought a new electric kettle,997,It cost $997.,It cost $503.,"A friend asked him, ",Was it expensive?,"Nathan said, ", Please provide the probability that Nathan thinks that the electric kettle is expensive.,False,sharp,1000,1001,electric kettle
Tom,Tom bought a new electric kettle,997,It cost $997.,It cost $997.,"A friend asked him, ",Was it expensive?,"Tom said, ", Please provide the probability that Tom thinks that the electric kettle is expensive.,False,sharp,1000,1001,electric kettle
George,George bought a new electric kettle,998,It cost $998.,It cost $47.,"A friend asked him, ",Was it expensive?,"George said, ", Please provide the probability that George thinks that the electric kettle is expensive.,False,sharp,1000,1001,electric kettle
Kenneth,Kenneth bought a new electric kettle,998,It cost $998.,It cost $48.,"A friend asked him, ",Was it expensive?,"Kenneth said, ", Please provide the probability that Kenneth thinks that the electric kettle is expensive.,False,sharp,1000,1001,electric kettle
Luke,Luke bought a new electric kettle,998,It cost $998.,It cost $49.,"A friend asked him, ",Was it expensive?,"Luke said, ", Please provide the probability that Luke thinks that the electric kettle is expensive.,False,sharp,1000,1001,electric kettle
Nathan,Nathan bought a new electric kettle,998,It cost $998.,It cost $50.,"A friend asked him, ",Was it expensive?,"Nathan said, ", Please provide the probability that Nathan thinks that the electric kettle is expensive.,False,sharp,1000,1001,electric kettle
Daniel,Daniel bought a new electric kettle,998,It cost $998.,It cost $50.,"A friend asked him, ",Was it expensive?,"Daniel said, ", Please provide the probability that Daniel thinks that the electric kettle is expensive.,False,sharp,1000,1001,electric kettle
Charles,Charles bought a new electric kettle,998,It cost $998.,It cost $51.,"A friend asked him, ",Was it expensive?,"Charles said, ", Please provide the probability that Charles thinks that the electric kettle is expensive.,False,sharp,1000,1001,electric kettle
Victor,Victor bought a new electric kettle,998,It cost $998.,It cost $52.,"A friend asked him, ",Was it expensive?,"Victor said, ", Please provide the probability that Victor thinks that the electric kettle is expensive.,False,sharp,1000,1001,electric kettle
Steve,Steve bought a new electric kettle,998,It cost $998.,It cost $53.,"A friend asked him, ",Was it expensive?,"Steve said, ", Please provide the probability that Steve thinks that the electric kettle is expensive.,False,sharp,1000,1001,electric kettle
Matt,Matt bought a new electric kettle,998,It cost $998.,It cost $497.,"A friend asked him, ",Was it expensive?,"Matt said, ", Please provide the probability that Matt thinks that the electric kettle is expensive.,False,sharp,1000,1001,electric kettle
Kenneth,Kenneth bought a new electric kettle,998,It cost $998.,It cost $498.,"A friend asked him, ",Was it expensive?,"Kenneth said, ", Please provide the probability that Kenneth thinks that the electric kettle is expensive.,False,sharp,1000,1001,electric kettle
Kenneth,Kenneth bought a new electric kettle,998,It cost $998.,It cost $499.,"A friend asked him, ",Was it expensive?,"Kenneth said, ", Please provide the probability that Kenneth thinks that the electric kettle is expensive.,False,sharp,1000,1001,electric kettle
Jake,Jake bought a new electric kettle,998,It cost $998.,It cost $500.,"A friend asked him, ",Was it expensive?,"Jake said, ", Please provide the probability that Jake thinks that the electric kettle is expensive.,False,sharp,1000,1001,electric kettle
Robert,Robert bought a new electric kettle,998,It cost $998.,It cost $500.,"A friend asked him, ",Was it expensive?,"Robert said, ", Please provide the probability that Robert thinks that the electric kettle is expensive.,False,sharp,1000,1001,electric kettle
Alex,Alex bought a new electric kettle,998,It cost $998.,It cost $501.,"A friend asked him, ",Was it expensive?,"Alex said, ", Please provide the probability that Alex thinks that the electric kettle is expensive.,False,sharp,1000,1001,electric kettle
Tom,Tom bought a new electric kettle,998,It cost $998.,It cost $502.,"A friend asked him, ",Was it expensive?,"Tom said, ", Please provide the probability that Tom thinks that the electric kettle is expensive.,False,sharp,1000,1001,electric kettle
David,David bought a new electric kettle,998,It cost $998.,It cost $503.,"A friend asked him, ",Was it expensive?,"David said, ", Please provide the probability that David thinks that the electric kettle is expensive.,False,sharp,1000,1001,electric kettle
Albert,Albert bought a new electric kettle,998,It cost $998.,It cost $997.,"A friend asked him, ",Was it expensive?,"Albert said, ", Please provide the probability that Albert thinks that the electric kettle is expensive.,False,sharp,1000,1001,electric kettle
Alex,Alex bought a new electric kettle,998,It cost $998.,It cost $998.,"A friend asked him, ",Was it expensive?,"Alex said, ", Please provide the probability that Alex thinks that the electric kettle is expensive.,False,sharp,1000,1001,electric kettle
Bob,Bob bought a new electric kettle,999,It cost $999.,It cost $47.,"A friend asked him, ",Was it expensive?,"Bob said, ", Please provide the probability that Bob thinks that the electric kettle is expensive.,True,sharp,1000,1001,electric kettle
Frank,Frank bought a new electric kettle,999,It cost $999.,It cost $48.,"A friend asked him, ",Was it expensive?,"Frank said, ", Please provide the probability that Frank thinks that the electric kettle is expensive.,True,sharp,1000,1001,electric kettle
Nathan,Nathan bought a new electric kettle,999,It cost $999.,It cost $49.,"A friend asked him, ",Was it expensive?,"Nathan said, ", Please provide the probability that Nathan thinks that the electric kettle is expensive.,True,sharp,1000,1001,electric kettle
Alex,Alex bought a new electric kettle,999,It cost $999.,It cost $50.,"A friend asked him, ",Was it expensive?,"Alex said, ", Please provide the probability that Alex thinks that the electric kettle is expensive.,True,sharp,1000,1001,electric kettle
Barry,Barry bought a new electric kettle,999,It cost $999.,It cost $50.,"A friend asked him, ",Was it expensive?,"Barry said, ", Please provide the probability that Barry thinks that the electric kettle is expensive.,True,sharp,1000,1001,electric kettle
Gary,Gary bought a new electric kettle,999,It cost $999.,It cost $51.,"A friend asked him, ",Was it expensive?,"Gary said, ", Please provide the probability that Gary thinks that the electric kettle is expensive.,True,sharp,1000,1001,electric kettle
Tom,Tom bought a new electric kettle,999,It cost $999.,It cost $52.,"A friend asked him, ",Was it expensive?,"Tom said, ", Please provide the probability that Tom thinks that the electric kettle is expensive.,True,sharp,1000,1001,electric kettle
Robert,Robert bought a new electric kettle,999,It cost $999.,It cost $53.,"A friend asked him, ",Was it expensive?,"Robert said, ", Please provide the probability that Robert thinks that the electric kettle is expensive.,True,sharp,1000,1001,electric kettle
Eric,Eric bought a new electric kettle,999,It cost $999.,It cost $497.,"A friend asked him, ",Was it expensive?,"Eric said, ", Please provide the probability that Eric thinks that the electric kettle is expensive.,True,sharp,1000,1001,electric kettle
Ivan,Ivan bought a new electric kettle,999,It cost $999.,It cost $498.,"A friend asked him, ",Was it expensive?,"Ivan said, ", Please provide the probability that Ivan thinks that the electric kettle is expensive.,True,sharp,1000,1001,electric kettle
Winston,Winston bought a new electric kettle,999,It cost $999.,It cost $499.,"A friend asked him, ",Was it expensive?,"Winston said, ", Please provide the probability that Winston thinks that the electric kettle is expensive.,True,sharp,1000,1001,electric kettle
Matt,Matt bought a new electric kettle,999,It cost $999.,It cost $500.,"A friend asked him, ",Was it expensive?,"Matt said, ", Please provide the probability that Matt thinks that the electric kettle is expensive.,True,sharp,1000,1001,electric kettle
Kenneth,Kenneth bought a new electric kettle,999,It cost $999.,It cost $500.,"A friend asked him, ",Was it expensive?,"Kenneth said, ", Please provide the probability that Kenneth thinks that the electric kettle is expensive.,True,sharp,1000,1001,electric kettle
Robert,Robert bought a new electric kettle,999,It cost $999.,It cost $501.,"A friend asked him, ",Was it expensive?,"Robert said, ", Please provide the probability that Robert thinks that the electric kettle is expensive.,True,sharp,1000,1001,electric kettle
Matt,Matt bought a new electric kettle,999,It cost $999.,It cost $502.,"A friend asked him, ",Was it expensive?,"Matt said, ", Please provide the probability that Matt thinks that the electric kettle is expensive.,True,sharp,1000,1001,electric kettle
Nathan,Nathan bought a new electric kettle,999,It cost $999.,It cost $503.,"A friend asked him, ",Was it expensive?,"Nathan said, ", Please provide the probability that Nathan thinks that the electric kettle is expensive.,True,sharp,1000,1001,electric kettle
Bob,Bob bought a new electric kettle,999,It cost $999.,It cost $997.,"A friend asked him, ",Was it expensive?,"Bob said, ", Please provide the probability that Bob thinks that the electric kettle is expensive.,True,sharp,1000,1001,electric kettle
Ethan,Ethan bought a new electric kettle,999,It cost $999.,It cost $998.,"A friend asked him, ",Was it expensive?,"Ethan said, ", Please provide the probability that Ethan thinks that the electric kettle is expensive.,True,sharp,1000,1001,electric kettle
Charles,Charles bought a new electric kettle,999,It cost $999.,It cost $999.,"A friend asked him, ",Was it expensive?,"Charles said, ", Please provide the probability that Charles thinks that the electric kettle is expensive.,True,sharp,1000,1001,electric kettle
Bob,Bob bought a new electric kettle,1000,It cost $1000.,It cost $47.,"A friend asked him, ",Was it expensive?,"Bob said, ", Please provide the probability that Bob thinks that the electric kettle is expensive.,True,round,1000,1000,electric kettle
Victor,Victor bought a new electric kettle,1000,It cost $1000.,It cost $48.,"A friend asked him, ",Was it expensive?,"Victor said, ", Please provide the probability that Victor thinks that the electric kettle is expensive.,True,round,1000,1000,electric kettle
Steve,Steve bought a new electric kettle,1000,It cost $1000.,It cost $49.,"A friend asked him, ",Was it expensive?,"Steve said, ", Please provide the probability that Steve thinks that the electric kettle is expensive.,True,round,1000,1000,electric kettle
Gary,Gary bought a new electric kettle,1000,It cost $1000.,It cost $50.,"A friend asked him, ",Was it expensive?,"Gary said, ", Please provide the probability that Gary thinks that the electric kettle is expensive.,True,round,1000,1000,electric kettle
Patrick,Patrick bought a new electric kettle,1000,It cost $1000.,It cost $50.,"A friend asked him, ",Was it expensive?,"Patrick said, ", Please provide the probability that Patrick thinks that the electric kettle is expensive.,True,round,1000,1000,electric kettle
Owen,Owen bought a new electric kettle,1000,It cost $1000.,It cost $51.,"A friend asked him, ",Was it expensive?,"Owen said, ", Please provide the probability that Owen thinks that the electric kettle is expensive.,True,round,1000,1000,electric kettle
Kenneth,Kenneth bought a new electric kettle,1000,It cost $1000.,It cost $52.,"A friend asked him, ",Was it expensive?,"Kenneth said, ", Please provide the probability that Kenneth thinks that the electric kettle is expensive.,True,round,1000,1000,electric kettle
Owen,Owen bought a new electric kettle,1000,It cost $1000.,It cost $53.,"A friend asked him, ",Was it expensive?,"Owen said, ", Please provide the probability that Owen thinks that the electric kettle is expensive.,True,round,1000,1000,electric kettle
Gary,Gary bought a new electric kettle,1000,It cost $1000.,It cost $497.,"A friend asked him, ",Was it expensive?,"Gary said, ", Please provide the probability that Gary thinks that the electric kettle is expensive.,True,round,1000,1000,electric kettle
Matt,Matt bought a new electric kettle,1000,It cost $1000.,It cost $498.,"A friend asked him, ",Was it expensive?,"Matt said, ", Please provide the probability that Matt thinks that the electric kettle is expensive.,True,round,1000,1000,electric kettle
David,David bought a new electric kettle,1000,It cost $1000.,It cost $499.,"A friend asked him, ",Was it expensive?,"David said, ", Please provide the probability that David thinks that the electric kettle is expensive.,True,round,1000,1000,electric kettle
Ivan,Ivan bought a new electric kettle,1000,It cost $1000.,It cost $500.,"A friend asked him, ",Was it expensive?,"Ivan said, ", Please provide the probability that Ivan thinks that the electric kettle is expensive.,True,round,1000,1000,electric kettle
Robert,Robert bought a new electric kettle,1000,It cost $1000.,It cost $500.,"A friend asked him, ",Was it expensive?,"Robert said, ", Please provide the probability that Robert thinks that the electric kettle is expensive.,True,round,1000,1000,electric kettle
Ethan,Ethan bought a new electric kettle,1000,It cost $1000.,It cost $501.,"A friend asked him, ",Was it expensive?,"Ethan said, ", Please provide the probability that Ethan thinks that the electric kettle is expensive.,True,round,1000,1000,electric kettle
Fred,Fred bought a new electric kettle,1000,It cost $1000.,It cost $502.,"A friend asked him, ",Was it expensive?,"Fred said, ", Please provide the probability that Fred thinks that the electric kettle is expensive.,True,round,1000,1000,electric kettle
Alex,Alex bought a new electric kettle,1000,It cost $1000.,It cost $503.,"A friend asked him, ",Was it expensive?,"Alex said, ", Please provide the probability that Alex thinks that the electric kettle is expensive.,True,round,1000,1000,electric kettle
Quinn,Quinn bought a new electric kettle,1000,It cost $1000.,It cost $997.,"A friend asked him, ",Was it expensive?,"Quinn said, ", Please provide the probability that Quinn thinks that the electric kettle is expensive.,True,round,1000,1000,electric kettle
Alex,Alex bought a new electric kettle,1000,It cost $1000.,It cost $998.,"A friend asked him, ",Was it expensive?,"Alex said, ", Please provide the probability that Alex thinks that the electric kettle is expensive.,True,round,1000,1000,electric kettle
Steve,Steve bought a new electric kettle,1000,It cost $1000.,It cost $999.,"A friend asked him, ",Was it expensive?,"Steve said, ", Please provide the probability that Steve thinks that the electric kettle is expensive.,True,round,1000,1000,electric kettle
Kenneth,Kenneth bought a new electric kettle,1000,It cost $1000.,It cost $1000.,"A friend asked him, ",Was it expensive?,"Kenneth said, ", Please provide the probability that Kenneth thinks that the electric kettle is expensive.,True,round,1000,1000,electric kettle
Tom,Tom bought a new electric kettle,1000,It cost $1000.,It cost $1000.,"A friend asked him, ",Was it expensive?,"Tom said, ", Please provide the probability that Tom thinks that the electric kettle is expensive.,True,round,1000,1000,electric kettle
Owen,Owen bought a new electric kettle,1000,It cost $1000.,It cost $47.,"A friend asked him, ",Was it expensive?,"Owen said, ", Please provide the probability that Owen thinks that the electric kettle is expensive.,True,round,1000,1000,electric kettle
Nathan,Nathan bought a new electric kettle,1000,It cost $1000.,It cost $48.,"A friend asked him, ",Was it expensive?,"Nathan said, ", Please provide the probability that Nathan thinks that the electric kettle is expensive.,True,round,1000,1000,electric kettle
Quinn,Quinn bought a new electric kettle,1000,It cost $1000.,It cost $49.,"A friend asked him, ",Was it expensive?,"Quinn said, ", Please provide the probability that Quinn thinks that the electric kettle is expensive.,True,round,1000,1000,electric kettle
Matt,Matt bought a new electric kettle,1000,It cost $1000.,It cost $50.,"A friend asked him, ",Was it expensive?,"Matt said, ", Please provide the probability that Matt thinks that the electric kettle is expensive.,True,round,1000,1000,electric kettle
Frank,Frank bought a new electric kettle,1000,It cost $1000.,It cost $50.,"A friend asked him, ",Was it expensive?,"Frank said, ", Please provide the probability that Frank thinks that the electric kettle is expensive.,True,round,1000,1000,electric kettle
Victor,Victor bought a new electric kettle,1000,It cost $1000.,It cost $51.,"A friend asked him, ",Was it expensive?,"Victor said, ", Please provide the probability that Victor thinks that the electric kettle is expensive.,True,round,1000,1000,electric kettle
Charles,Charles bought a new electric kettle,1000,It cost $1000.,It cost $52.,"A friend asked him, ",Was it expensive?,"Charles said, ", Please provide the probability that Charles thinks that the electric kettle is expensive.,True,round,1000,1000,electric kettle
Barry,Barry bought a new electric kettle,1000,It cost $1000.,It cost $53.,"A friend asked him, ",Was it expensive?,"Barry said, ", Please provide the probability that Barry thinks that the electric kettle is expensive.,True,round,1000,1000,electric kettle
Patrick,Patrick bought a new electric kettle,1000,It cost $1000.,It cost $497.,"A friend asked him, ",Was it expensive?,"Patrick said, ", Please provide the probability that Patrick thinks that the electric kettle is expensive.,True,round,1000,1000,electric kettle
Gary,Gary bought a new electric kettle,1000,It cost $1000.,It cost $498.,"A friend asked him, ",Was it expensive?,"Gary said, ", Please provide the probability that Gary thinks that the electric kettle is expensive.,True,round,1000,1000,electric kettle
Harry,Harry bought a new electric kettle,1000,It cost $1000.,It cost $499.,"A friend asked him, ",Was it expensive?,"Harry said, ", Please provide the probability that Harry thinks that the electric kettle is expensive.,True,round,1000,1000,electric kettle
Ethan,Ethan bought a new electric kettle,1000,It cost $1000.,It cost $500.,"A friend asked him, ",Was it expensive?,"Ethan said, ", Please provide the probability that Ethan thinks that the electric kettle is expensive.,True,round,1000,1000,electric kettle
Luke,Luke bought a new electric kettle,1000,It cost $1000.,It cost $500.,"A friend asked him, ",Was it expensive?,"Luke said, ", Please provide the probability that Luke thinks that the electric kettle is expensive.,True,round,1000,1000,electric kettle
Owen,Owen bought a new electric kettle,1000,It cost $1000.,It cost $501.,"A friend asked him, ",Was it expensive?,"Owen said, ", Please provide the probability that Owen thinks that the electric kettle is expensive.,True,round,1000,1000,electric kettle
Albert,Albert bought a new electric kettle,1000,It cost $1000.,It cost $502.,"A friend asked him, ",Was it expensive?,"Albert said, ", Please provide the probability that Albert thinks that the electric kettle is expensive.,True,round,1000,1000,electric kettle
Charles,Charles bought a new electric kettle,1000,It cost $1000.,It cost $503.,"A friend asked him, ",Was it expensive?,"Charles said, ", Please provide the probability that Charles thinks that the electric kettle is expensive.,True,round,1000,1000,electric kettle
Kenneth,Kenneth bought a new electric kettle,1000,It cost $1000.,It cost $997.,"A friend asked him, ",Was it expensive?,"Kenneth said, ", Please provide the probability that Kenneth thinks that the electric kettle is expensive.,True,round,1000,1000,electric kettle
Alex,Alex bought a new electric kettle,1000,It cost $1000.,It cost $998.,"A friend asked him, ",Was it expensive?,"Alex said, ", Please provide the probability that Alex thinks that the electric kettle is expensive.,True,round,1000,1000,electric kettle
Bob,Bob bought a new electric kettle,1000,It cost $1000.,It cost $999.,"A friend asked him, ",Was it expensive?,"Bob said, ", Please provide the probability that Bob thinks that the electric kettle is expensive.,True,round,1000,1000,electric kettle
Bob,Bob bought a new electric kettle,1000,It cost $1000.,It cost $1000.,"A friend asked him, ",Was it expensive?,"Bob said, ", Please provide the probability that Bob thinks that the electric kettle is expensive.,True,round,1000,1000,electric kettle
Albert,Albert bought a new electric kettle,1000,It cost $1000.,It cost $1000.,"A friend asked him, ",Was it expensive?,"Albert said, ", Please provide the probability that Albert thinks that the electric kettle is expensive.,True,round,1000,1000,electric kettle
Luke,Luke bought a new electric kettle,1001,It cost $1001.,It cost $47.,"A friend asked him, ",Was it expensive?,"Luke said, ", Please provide the probability that Luke thinks that the electric kettle is expensive.,False,sharp,1000,1001,electric kettle
Harry,Harry bought a new electric kettle,1001,It cost $1001.,It cost $48.,"A friend asked him, ",Was it expensive?,"Harry said, ", Please provide the probability that Harry thinks that the electric kettle is expensive.,False,sharp,1000,1001,electric kettle
Matt,Matt bought a new electric kettle,1001,It cost $1001.,It cost $49.,"A friend asked him, ",Was it expensive?,"Matt said, ", Please provide the probability that Matt thinks that the electric kettle is expensive.,False,sharp,1000,1001,electric kettle
Charles,Charles bought a new electric kettle,1001,It cost $1001.,It cost $50.,"A friend asked him, ",Was it expensive?,"Charles said, ", Please provide the probability that Charles thinks that the electric kettle is expensive.,False,sharp,1000,1001,electric kettle
Winston,Winston bought a new electric kettle,1001,It cost $1001.,It cost $50.,"A friend asked him, ",Was it expensive?,"Winston said, ", Please provide the probability that Winston thinks that the electric kettle is expensive.,False,sharp,1000,1001,electric kettle
Charles,Charles bought a new electric kettle,1001,It cost $1001.,It cost $51.,"A friend asked him, ",Was it expensive?,"Charles said, ", Please provide the probability that Charles thinks that the electric kettle is expensive.,False,sharp,1000,1001,electric kettle
Fred,Fred bought a new electric kettle,1001,It cost $1001.,It cost $52.,"A friend asked him, ",Was it expensive?,"Fred said, ", Please provide the probability that Fred thinks that the electric kettle is expensive.,False,sharp,1000,1001,electric kettle
Harry,Harry bought a new electric kettle,1001,It cost $1001.,It cost $53.,"A friend asked him, ",Was it expensive?,"Harry said, ", Please provide the probability that Harry thinks that the electric kettle is expensive.,False,sharp,1000,1001,electric kettle
Victor,Victor bought a new electric kettle,1001,It cost $1001.,It cost $497.,"A friend asked him, ",Was it expensive?,"Victor said, ", Please provide the probability that Victor thinks that the electric kettle is expensive.,False,sharp,1000,1001,electric kettle
Albert,Albert bought a new electric kettle,1001,It cost $1001.,It cost $498.,"A friend asked him, ",Was it expensive?,"Albert said, ", Please provide the probability that Albert thinks that the electric kettle is expensive.,False,sharp,1000,1001,electric kettle
Charles,Charles bought a new electric kettle,1001,It cost $1001.,It cost $499.,"A friend asked him, ",Was it expensive?,"Charles said, ", Please provide the probability that Charles thinks that the electric kettle is expensive.,False,sharp,1000,1001,electric kettle
Barry,Barry bought a new electric kettle,1001,It cost $1001.,It cost $500.,"A friend asked him, ",Was it expensive?,"Barry said, ", Please provide the probability that Barry thinks that the electric kettle is expensive.,False,sharp,1000,1001,electric kettle
Calvin,Calvin bought a new electric kettle,1001,It cost $1001.,It cost $500.,"A friend asked him, ",Was it expensive?,"Calvin said, ", Please provide the probability that Calvin thinks that the electric kettle is expensive.,False,sharp,1000,1001,electric kettle
Tom,Tom bought a new electric kettle,1001,It cost $1001.,It cost $501.,"A friend asked him, ",Was it expensive?,"Tom said, ", Please provide the probability that Tom thinks that the electric kettle is expensive.,False,sharp,1000,1001,electric kettle
Matt,Matt bought a new electric kettle,1001,It cost $1001.,It cost $502.,"A friend asked him, ",Was it expensive?,"Matt said, ", Please provide the probability that Matt thinks that the electric kettle is expensive.,False,sharp,1000,1001,electric kettle
Bob,Bob bought a new electric kettle,1001,It cost $1001.,It cost $503.,"A friend asked him, ",Was it expensive?,"Bob said, ", Please provide the probability that Bob thinks that the electric kettle is expensive.,False,sharp,1000,1001,electric kettle
Tom,Tom bought a new electric kettle,1001,It cost $1001.,It cost $997.,"A friend asked him, ",Was it expensive?,"Tom said, ", Please provide the probability that Tom thinks that the electric kettle is expensive.,False,sharp,1000,1001,electric kettle
George,George bought a new electric kettle,1001,It cost $1001.,It cost $998.,"A friend asked him, ",Was it expensive?,"George said, ", Please provide the probability that George thinks that the electric kettle is expensive.,False,sharp,1000,1001,electric kettle
Charles,Charles bought a new electric kettle,1001,It cost $1001.,It cost $999.,"A friend asked him, ",Was it expensive?,"Charles said, ", Please provide the probability that Charles thinks that the electric kettle is expensive.,False,sharp,1000,1001,electric kettle
David,David bought a new electric kettle,1001,It cost $1001.,It cost $1000.,"A friend asked him, ",Was it expensive?,"David said, ", Please provide the probability that David thinks that the electric kettle is expensive.,False,sharp,1000,1001,electric kettle
Alex,Alex bought a new electric kettle,1001,It cost $1001.,It cost $1000.,"A friend asked him, ",Was it expensive?,"Alex said, ", Please provide the probability that Alex thinks that the electric kettle is expensive.,False,sharp,1000,1001,electric kettle
Frank,Frank bought a new electric kettle,1001,It cost $1001.,It cost $1001.,"A friend asked him, ",Was it expensive?,"Frank said, ", Please provide the probability that Frank thinks that the electric kettle is expensive.,False,sharp,1000,1001,electric kettle
Nathan,Nathan bought a new electric kettle,1002,It cost $1002.,It cost $47.,"A friend asked him, ",Was it expensive?,"Nathan said, ", Please provide the probability that Nathan thinks that the electric kettle is expensive.,False,sharp,1000,1001,electric kettle
George,George bought a new electric kettle,1002,It cost $1002.,It cost $48.,"A friend asked him, ",Was it expensive?,"George said, ", Please provide the probability that George thinks that the electric kettle is expensive.,False,sharp,1000,1001,electric kettle
Calvin,Calvin bought a new electric kettle,1002,It cost $1002.,It cost $49.,"A friend asked him, ",Was it expensive?,"Calvin said, ", Please provide the probability that Calvin thinks that the electric kettle is expensive.,False,sharp,1000,1001,electric kettle
Victor,Victor bought a new electric kettle,1002,It cost $1002.,It cost $50.,"A friend asked him, ",Was it expensive?,"Victor said, ", Please provide the probability that Victor thinks that the electric kettle is expensive.,False,sharp,1000,1001,electric kettle
Gary,Gary bought a new electric kettle,1002,It cost $1002.,It cost $50.,"A friend asked him, ",Was it expensive?,"Gary said, ", Please provide the probability that Gary thinks that the electric kettle is expensive.,False,sharp,1000,1001,electric kettle
Albert,Albert bought a new electric kettle,1002,It cost $1002.,It cost $51.,"A friend asked him, ",Was it expensive?,"Albert said, ", Please provide the probability that Albert thinks that the electric kettle is expensive.,False,sharp,1000,1001,electric kettle
Robert,Robert bought a new electric kettle,1002,It cost $1002.,It cost $52.,"A friend asked him, ",Was it expensive?,"Robert said, ", Please provide the probability that Robert thinks that the electric kettle is expensive.,False,sharp,1000,1001,electric kettle
Harry,Harry bought a new electric kettle,1002,It cost $1002.,It cost $53.,"A friend asked him, ",Was it expensive?,"Harry said, ", Please provide the probability that Harry thinks that the electric kettle is expensive.,False,sharp,1000,1001,electric kettle
Zach,Zach bought a new electric kettle,1002,It cost $1002.,It cost $497.,"A friend asked him, ",Was it expensive?,"Zach said, ", Please provide the probability that Zach thinks that the electric kettle is expensive.,False,sharp,1000,1001,electric kettle
Matt,Matt bought a new electric kettle,1002,It cost $1002.,It cost $498.,"A friend asked him, ",Was it expensive?,"Matt said, ", Please provide the probability that Matt thinks that the electric kettle is expensive.,False,sharp,1000,1001,electric kettle
Quinn,Quinn bought a new electric kettle,1002,It cost $1002.,It cost $499.,"A friend asked him, ",Was it expensive?,"Quinn said, ", Please provide the probability that Quinn thinks that the electric kettle is expensive.,False,sharp,1000,1001,electric kettle
Eric,Eric bought a new electric kettle,1002,It cost $1002.,It cost $500.,"A friend asked him, ",Was it expensive?,"Eric said, ", Please provide the probability that Eric thinks that the electric kettle is expensive.,False,sharp,1000,1001,electric kettle
Robert,Robert bought a new electric kettle,1002,It cost $1002.,It cost $500.,"A friend asked him, ",Was it expensive?,"Robert said, ", Please provide the probability that Robert thinks that the electric kettle is expensive.,False,sharp,1000,1001,electric kettle
Quinn,Quinn bought a new electric kettle,1002,It cost $1002.,It cost $501.,"A friend asked him, ",Was it expensive?,"Quinn said, ", Please provide the probability that Quinn thinks that the electric kettle is expensive.,False,sharp,1000,1001,electric kettle
Calvin,Calvin bought a new electric kettle,1002,It cost $1002.,It cost $502.,"A friend asked him, ",Was it expensive?,"Calvin said, ", Please provide the probability that Calvin thinks that the electric kettle is expensive.,False,sharp,1000,1001,electric kettle
Quinn,Quinn bought a new electric kettle,1002,It cost $1002.,It cost $503.,"A friend asked him, ",Was it expensive?,"Quinn said, ", Please provide the probability that Quinn thinks that the electric kettle is expensive.,False,sharp,1000,1001,electric kettle
Eric,Eric bought a new electric kettle,1002,It cost $1002.,It cost $997.,"A friend asked him, ",Was it expensive?,"Eric said, ", Please provide the probability that Eric thinks that the electric kettle is expensive.,False,sharp,1000,1001,electric kettle
Robert,Robert bought a new electric kettle,1002,It cost $1002.,It cost $998.,"A friend asked him, ",Was it expensive?,"Robert said, ", Please provide the probability that Robert thinks that the electric kettle is expensive.,False,sharp,1000,1001,electric kettle
Fred,Fred bought a new electric kettle,1002,It cost $1002.,It cost $999.,"A friend asked him, ",Was it expensive?,"Fred said, ", Please provide the probability that Fred thinks that the electric kettle is expensive.,False,sharp,1000,1001,electric kettle
Patrick,Patrick bought a new electric kettle,1002,It cost $1002.,It cost $1000.,"A friend asked him, ",Was it expensive?,"Patrick said, ", Please provide the probability that Patrick thinks that the electric kettle is expensive.,False,sharp,1000,1001,electric kettle
Gary,Gary bought a new electric kettle,1002,It cost $1002.,It cost $1000.,"A friend asked him, ",Was it expensive?,"Gary said, ", Please provide the probability that Gary thinks that the electric kettle is expensive.,False,sharp,1000,1001,electric kettle
Tom,Tom bought a new electric kettle,1002,It cost $1002.,It cost $1001.,"A friend asked him, ",Was it expensive?,"Tom said, ", Please provide the probability that Tom thinks that the electric kettle is expensive.,False,sharp,1000,1001,electric kettle
Ethan,Ethan bought a new electric kettle,1002,It cost $1002.,It cost $1002.,"A friend asked him, ",Was it expensive?,"Ethan said, ", Please provide the probability that Ethan thinks that the electric kettle is expensive.,False,sharp,1000,1001,electric kettle
Robert,Robert bought a new electric kettle,1003,It cost $1003.,It cost $47.,"A friend asked him, ",Was it expensive?,"Robert said, ", Please provide the probability that Robert thinks that the electric kettle is expensive.,False,sharp,1000,1001,electric kettle
Nathan,Nathan bought a new electric kettle,1003,It cost $1003.,It cost $48.,"A friend asked him, ",Was it expensive?,"Nathan said, ", Please provide the probability that Nathan thinks that the electric kettle is expensive.,False,sharp,1000,1001,electric kettle
George,George bought a new electric kettle,1003,It cost $1003.,It cost $49.,"A friend asked him, ",Was it expensive?,"George said, ", Please provide the probability that George thinks that the electric kettle is expensive.,False,sharp,1000,1001,electric kettle
Jake,Jake bought a new electric kettle,1003,It cost $1003.,It cost $50.,"A friend asked him, ",Was it expensive?,"Jake said, ", Please provide the probability that Jake thinks that the electric kettle is expensive.,False,sharp,1000,1001,electric kettle
David,David bought a new electric kettle,1003,It cost $1003.,It cost $50.,"A friend asked him, ",Was it expensive?,"David said, ", Please provide the probability that David thinks that the electric kettle is expensive.,False,sharp,1000,1001,electric kettle
Barry,Barry bought a new electric kettle,1003,It cost $1003.,It cost $51.,"A friend asked him, ",Was it expensive?,"Barry said, ", Please provide the probability that Barry thinks that the electric kettle is expensive.,False,sharp,1000,1001,electric kettle
Kenneth,Kenneth bought a new electric kettle,1003,It cost $1003.,It cost $52.,"A friend asked him, ",Was it expensive?,"Kenneth said, ", Please provide the probability that Kenneth thinks that the electric kettle is expensive.,False,sharp,1000,1001,electric kettle
Eric,Eric bought a new electric kettle,1003,It cost $1003.,It cost $53.,"A friend asked him, ",Was it expensive?,"Eric said, ", Please provide the probability that Eric thinks that the electric kettle is expensive.,False,sharp,1000,1001,electric kettle
Luke,Luke bought a new electric kettle,1003,It cost $1003.,It cost $497.,"A friend asked him, ",Was it expensive?,"Luke said, ", Please provide the probability that Luke thinks that the electric kettle is expensive.,False,sharp,1000,1001,electric kettle
Robert,Robert bought a new electric kettle,1003,It cost $1003.,It cost $498.,"A friend asked him, ",Was it expensive?,"Robert said, ", Please provide the probability that Robert thinks that the electric kettle is expensive.,False,sharp,1000,1001,electric kettle
Quinn,Quinn bought a new electric kettle,1003,It cost $1003.,It cost $499.,"A friend asked him, ",Was it expensive?,"Quinn said, ", Please provide the probability that Quinn thinks that the electric kettle is expensive.,False,sharp,1000,1001,electric kettle
Charles,Charles bought a new electric kettle,1003,It cost $1003.,It cost $500.,"A friend asked him, ",Was it expensive?,"Charles said, ", Please provide the probability that Charles thinks that the electric kettle is expensive.,False,sharp,1000,1001,electric kettle
Gary,Gary bought a new electric kettle,1003,It cost $1003.,It cost $500.,"A friend asked him, ",Was it expensive?,"Gary said, ", Please provide the probability that Gary thinks that the electric kettle is expensive.,False,sharp,1000,1001,electric kettle
Quinn,Quinn bought a new electric kettle,1003,It cost $1003.,It cost $501.,"A friend asked him, ",Was it expensive?,"Quinn said, ", Please provide the probability that Quinn thinks that the electric kettle is expensive.,False,sharp,1000,1001,electric kettle
Harry,Harry bought a new electric kettle,1003,It cost $1003.,It cost $502.,"A friend asked him, ",Was it expensive?,"Harry said, ", Please provide the probability that Harry thinks that the electric kettle is expensive.,False,sharp,1000,1001,electric kettle
Charles,Charles bought a new electric kettle,1003,It cost $1003.,It cost $503.,"A friend asked him, ",Was it expensive?,"Charles said, ", Please provide the probability that Charles thinks that the electric kettle is expensive.,False,sharp,1000,1001,electric kettle
Quinn,Quinn bought a new electric kettle,1003,It cost $1003.,It cost $997.,"A friend asked him, ",Was it expensive?,"Quinn said, ", Please provide the probability that Quinn thinks that the electric kettle is expensive.,False,sharp,1000,1001,electric kettle
Ethan,Ethan bought a new electric kettle,1003,It cost $1003.,It cost $998.,"A friend asked him, ",Was it expensive?,"Ethan said, ", Please provide the probability that Ethan thinks that the electric kettle is expensive.,False,sharp,1000,1001,electric kettle
Tom,Tom bought a new electric kettle,1003,It cost $1003.,It cost $999.,"A friend asked him, ",Was it expensive?,"Tom said, ", Please provide the probability that Tom thinks that the electric kettle is expensive.,False,sharp,1000,1001,electric kettle
David,David bought a new electric kettle,1003,It cost $1003.,It cost $1000.,"A friend asked him, ",Was it expensive?,"David said, ", Please provide the probability that David thinks that the electric kettle is expensive.,False,sharp,1000,1001,electric kettle
Ethan,Ethan bought a new electric kettle,1003,It cost $1003.,It cost $1000.,"A friend asked him, ",Was it expensive?,"Ethan said, ", Please provide the probability that Ethan thinks that the electric kettle is expensive.,False,sharp,1000,1001,electric kettle
Albert,Albert bought a new electric kettle,1003,It cost $1003.,It cost $1001.,"A friend asked him, ",Was it expensive?,"Albert said, ", Please provide the probability that Albert thinks that the electric kettle is expensive.,False,sharp,1000,1001,electric kettle
Charles,Charles bought a new electric kettle,1003,It cost $1003.,It cost $1002.,"A friend asked him, ",Was it expensive?,"Charles said, ", Please provide the probability that Charles thinks that the electric kettle is expensive.,False,sharp,1000,1001,electric kettle
Victor,Victor bought a new electric kettle,1003,It cost $1003.,It cost $1003.,"A friend asked him, ",Was it expensive?,"Victor said, ", Please provide the probability that Victor thinks that the electric kettle is expensive.,False,sharp,1000,1001,electric kettle
Steve,Steve bought a new electric kettle,4997,It cost $4997.,It cost $47.,"A friend asked him, ",Was it expensive?,"Steve said, ", Please provide the probability that Steve thinks that the electric kettle is expensive.,False,sharp,5000,5001,electric kettle
Quinn,Quinn bought a new electric kettle,4997,It cost $4997.,It cost $48.,"A friend asked him, ",Was it expensive?,"Quinn said, ", Please provide the probability that Quinn thinks that the electric kettle is expensive.,False,sharp,5000,5001,electric kettle
Frank,Frank bought a new electric kettle,4997,It cost $4997.,It cost $49.,"A friend asked him, ",Was it expensive?,"Frank said, ", Please provide the probability that Frank thinks that the electric kettle is expensive.,False,sharp,5000,5001,electric kettle
Frank,Frank bought a new electric kettle,4997,It cost $4997.,It cost $50.,"A friend asked him, ",Was it expensive?,"Frank said, ", Please provide the probability that Frank thinks that the electric kettle is expensive.,False,sharp,5000,5001,electric kettle
Gary,Gary bought a new electric kettle,4997,It cost $4997.,It cost $50.,"A friend asked him, ",Was it expensive?,"Gary said, ", Please provide the probability that Gary thinks that the electric kettle is expensive.,False,sharp,5000,5001,electric kettle
Frank,Frank bought a new electric kettle,4997,It cost $4997.,It cost $51.,"A friend asked him, ",Was it expensive?,"Frank said, ", Please provide the probability that Frank thinks that the electric kettle is expensive.,False,sharp,5000,5001,electric kettle
Albert,Albert bought a new electric kettle,4997,It cost $4997.,It cost $52.,"A friend asked him, ",Was it expensive?,"Albert said, ", Please provide the probability that Albert thinks that the electric kettle is expensive.,False,sharp,5000,5001,electric kettle
Jake,Jake bought a new electric kettle,4997,It cost $4997.,It cost $53.,"A friend asked him, ",Was it expensive?,"Jake said, ", Please provide the probability that Jake thinks that the electric kettle is expensive.,False,sharp,5000,5001,electric kettle
Albert,Albert bought a new electric kettle,4997,It cost $4997.,It cost $497.,"A friend asked him, ",Was it expensive?,"Albert said, ", Please provide the probability that Albert thinks that the electric kettle is expensive.,False,sharp,5000,5001,electric kettle
Ethan,Ethan bought a new electric kettle,4997,It cost $4997.,It cost $498.,"A friend asked him, ",Was it expensive?,"Ethan said, ", Please provide the probability that Ethan thinks that the electric kettle is expensive.,False,sharp,5000,5001,electric kettle
Quinn,Quinn bought a new electric kettle,4997,It cost $4997.,It cost $499.,"A friend asked him, ",Was it expensive?,"Quinn said, ", Please provide the probability that Quinn thinks that the electric kettle is expensive.,False,sharp,5000,5001,electric kettle
David,David bought a new electric kettle,4997,It cost $4997.,It cost $500.,"A friend asked him, ",Was it expensive?,"David said, ", Please provide the probability that David thinks that the electric kettle is expensive.,False,sharp,5000,5001,electric kettle
Fred,Fred bought a new electric kettle,4997,It cost $4997.,It cost $500.,"A friend asked him, ",Was it expensive?,"Fred said, ", Please provide the probability that Fred thinks that the electric kettle is expensive.,False,sharp,5000,5001,electric kettle
George,George bought a new electric kettle,4997,It cost $4997.,It cost $501.,"A friend asked him, ",Was it expensive?,"George said, ", Please provide the probability that George thinks that the electric kettle is expensive.,False,sharp,5000,5001,electric kettle
Alex,Alex bought a new electric kettle,4997,It cost $4997.,It cost $502.,"A friend asked him, ",Was it expensive?,"Alex said, ", Please provide the probability that Alex thinks that the electric kettle is expensive.,False,sharp,5000,5001,electric kettle
Nathan,Nathan bought a new electric kettle,4997,It cost $4997.,It cost $503.,"A friend asked him, ",Was it expensive?,"Nathan said, ", Please provide the probability that Nathan thinks that the electric kettle is expensive.,False,sharp,5000,5001,electric kettle
Frank,Frank bought a new electric kettle,4997,It cost $4997.,It cost $997.,"A friend asked him, ",Was it expensive?,"Frank said, ", Please provide the probability that Frank thinks that the electric kettle is expensive.,False,sharp,5000,5001,electric kettle
Kenneth,Kenneth bought a new electric kettle,4997,It cost $4997.,It cost $998.,"A friend asked him, ",Was it expensive?,"Kenneth said, ", Please provide the probability that Kenneth thinks that the electric kettle is expensive.,False,sharp,5000,5001,electric kettle
Nathan,Nathan bought a new electric kettle,4997,It cost $4997.,It cost $999.,"A friend asked him, ",Was it expensive?,"Nathan said, ", Please provide the probability that Nathan thinks that the electric kettle is expensive.,False,sharp,5000,5001,electric kettle
Robert,Robert bought a new electric kettle,4997,It cost $4997.,It cost $1000.,"A friend asked him, ",Was it expensive?,"Robert said, ", Please provide the probability that Robert thinks that the electric kettle is expensive.,False,sharp,5000,5001,electric kettle
Matt,Matt bought a new electric kettle,4997,It cost $4997.,It cost $1000.,"A friend asked him, ",Was it expensive?,"Matt said, ", Please provide the probability that Matt thinks that the electric kettle is expensive.,False,sharp,5000,5001,electric kettle
Albert,Albert bought a new electric kettle,4997,It cost $4997.,It cost $1001.,"A friend asked him, ",Was it expensive?,"Albert said, ", Please provide the probability that Albert thinks that the electric kettle is expensive.,False,sharp,5000,5001,electric kettle
Frank,Frank bought a new electric kettle,4997,It cost $4997.,It cost $1002.,"A friend asked him, ",Was it expensive?,"Frank said, ", Please provide the probability that Frank thinks that the electric kettle is expensive.,False,sharp,5000,5001,electric kettle
Patrick,Patrick bought a new electric kettle,4997,It cost $4997.,It cost $1003.,"A friend asked him, ",Was it expensive?,"Patrick said, ", Please provide the probability that Patrick thinks that the electric kettle is expensive.,False,sharp,5000,5001,electric kettle
Luke,Luke bought a new electric kettle,4997,It cost $4997.,It cost $4997.,"A friend asked him, ",Was it expensive?,"Luke said, ", Please provide the probability that Luke thinks that the electric kettle is expensive.,False,sharp,5000,5001,electric kettle
Bob,Bob bought a new electric kettle,4998,It cost $4998.,It cost $47.,"A friend asked him, ",Was it expensive?,"Bob said, ", Please provide the probability that Bob thinks that the electric kettle is expensive.,False,sharp,5000,5001,electric kettle
Jake,Jake bought a new electric kettle,4998,It cost $4998.,It cost $48.,"A friend asked him, ",Was it expensive?,"Jake said, ", Please provide the probability that Jake thinks that the electric kettle is expensive.,False,sharp,5000,5001,electric kettle
Barry,Barry bought a new electric kettle,4998,It cost $4998.,It cost $49.,"A friend asked him, ",Was it expensive?,"Barry said, ", Please provide the probability that Barry thinks that the electric kettle is expensive.,False,sharp,5000,5001,electric kettle
Victor,Victor bought a new electric kettle,4998,It cost $4998.,It cost $50.,"A friend asked him, ",Was it expensive?,"Victor said, ", Please provide the probability that Victor thinks that the electric kettle is expensive.,False,sharp,5000,5001,electric kettle
David,David bought a new electric kettle,4998,It cost $4998.,It cost $50.,"A friend asked him, ",Was it expensive?,"David said, ", Please provide the probability that David thinks that the electric kettle is expensive.,False,sharp,5000,5001,electric kettle
Victor,Victor bought a new electric kettle,4998,It cost $4998.,It cost $51.,"A friend asked him, ",Was it expensive?,"Victor said, ", Please provide the probability that Victor thinks that the electric kettle is expensive.,False,sharp,5000,5001,electric kettle
Ethan,Ethan bought a new electric kettle,4998,It cost $4998.,It cost $52.,"A friend asked him, ",Was it expensive?,"Ethan said, ", Please provide the probability that Ethan thinks that the electric kettle is expensive.,False,sharp,5000,5001,electric kettle
Daniel,Daniel bought a new electric kettle,4998,It cost $4998.,It cost $53.,"A friend asked him, ",Was it expensive?,"Daniel said, ", Please provide the probability that Daniel thinks that the electric kettle is expensive.,False,sharp,5000,5001,electric kettle
Gary,Gary bought a new electric kettle,4998,It cost $4998.,It cost $497.,"A friend asked him, ",Was it expensive?,"Gary said, ", Please provide the probability that Gary thinks that the electric kettle is expensive.,False,sharp,5000,5001,electric kettle
Steve,Steve bought a new electric kettle,4998,It cost $4998.,It cost $498.,"A friend asked him, ",Was it expensive?,"Steve said, ", Please provide the probability that Steve thinks that the electric kettle is expensive.,False,sharp,5000,5001,electric kettle
Daniel,Daniel bought a new electric kettle,4998,It cost $4998.,It cost $499.,"A friend asked him, ",Was it expensive?,"Daniel said, ", Please provide the probability that Daniel thinks that the electric kettle is expensive.,False,sharp,5000,5001,electric kettle
Nathan,Nathan bought a new electric kettle,4998,It cost $4998.,It cost $500.,"A friend asked him, ",Was it expensive?,"Nathan said, ", Please provide the probability that Nathan thinks that the electric kettle is expensive.,False,sharp,5000,5001,electric kettle
Jake,Jake bought a new electric kettle,4998,It cost $4998.,It cost $500.,"A friend asked him, ",Was it expensive?,"Jake said, ", Please provide the probability that Jake thinks that the electric kettle is expensive.,False,sharp,5000,5001,electric kettle
George,George bought a new electric kettle,4998,It cost $4998.,It cost $501.,"A friend asked him, ",Was it expensive?,"George said, ", Please provide the probability that George thinks that the electric kettle is expensive.,False,sharp,5000,5001,electric kettle
Ethan,Ethan bought a new electric kettle,4998,It cost $4998.,It cost $502.,"A friend asked him, ",Was it expensive?,"Ethan said, ", Please provide the probability that Ethan thinks that the electric kettle is expensive.,False,sharp,5000,5001,electric kettle
Gary,Gary bought a new electric kettle,4998,It cost $4998.,It cost $503.,"A friend asked him, ",Was it expensive?,"Gary said, ", Please provide the probability that Gary thinks that the electric kettle is expensive.,False,sharp,5000,5001,electric kettle
Winston,Winston bought a new electric kettle,4998,It cost $4998.,It cost $997.,"A friend asked him, ",Was it expensive?,"Winston said, ", Please provide the probability that Winston thinks that the electric kettle is expensive.,False,sharp,5000,5001,electric kettle
Kenneth,Kenneth bought a new electric kettle,4998,It cost $4998.,It cost $998.,"A friend asked him, ",Was it expensive?,"Kenneth said, ", Please provide the probability that Kenneth thinks that the electric kettle is expensive.,False,sharp,5000,5001,electric kettle
Zach,Zach bought a new electric kettle,4998,It cost $4998.,It cost $999.,"A friend asked him, ",Was it expensive?,"Zach said, ", Please provide the probability that Zach thinks that the electric kettle is expensive.,False,sharp,5000,5001,electric kettle
Robert,Robert bought a new electric kettle,4998,It cost $4998.,It cost $1000.,"A friend asked him, ",Was it expensive?,"Robert said, ", Please provide the probability that Robert thinks that the electric kettle is expensive.,False,sharp,5000,5001,electric kettle
Robert,Robert bought a new electric kettle,4998,It cost $4998.,It cost $1000.,"A friend asked him, ",Was it expensive?,"Robert said, ", Please provide the probability that Robert thinks that the electric kettle is expensive.,False,sharp,5000,5001,electric kettle
Gary,Gary bought a new electric kettle,4998,It cost $4998.,It cost $1001.,"A friend asked him, ",Was it expensive?,"Gary said, ", Please provide the probability that Gary thinks that the electric kettle is expensive.,False,sharp,5000,5001,electric kettle
Tom,Tom bought a new electric kettle,4998,It cost $4998.,It cost $1002.,"A friend asked him, ",Was it expensive?,"Tom said, ", Please provide the probability that Tom thinks that the electric kettle is expensive.,False,sharp,5000,5001,electric kettle
Barry,Barry bought a new electric kettle,4998,It cost $4998.,It cost $1003.,"A friend asked him, ",Was it expensive?,"Barry said, ", Please provide the probability that Barry thinks that the electric kettle is expensive.,False,sharp,5000,5001,electric kettle
Daniel,Daniel bought a new electric kettle,4998,It cost $4998.,It cost $4997.,"A friend asked him, ",Was it expensive?,"Daniel said, ", Please provide the probability that Daniel thinks that the electric kettle is expensive.,False,sharp,5000,5001,electric kettle
Frank,Frank bought a new electric kettle,4998,It cost $4998.,It cost $4998.,"A friend asked him, ",Was it expensive?,"Frank said, ", Please provide the probability that Frank thinks that the electric kettle is expensive.,False,sharp,5000,5001,electric kettle
Matt,Matt bought a new electric kettle,4999,It cost $4999.,It cost $47.,"A friend asked him, ",Was it expensive?,"Matt said, ", Please provide the probability that Matt thinks that the electric kettle is expensive.,True,sharp,5000,5001,electric kettle
Calvin,Calvin bought a new electric kettle,4999,It cost $4999.,It cost $48.,"A friend asked him, ",Was it expensive?,"Calvin said, ", Please provide the probability that Calvin thinks that the electric kettle is expensive.,True,sharp,5000,5001,electric kettle
Owen,Owen bought a new electric kettle,4999,It cost $4999.,It cost $49.,"A friend asked him, ",Was it expensive?,"Owen said, ", Please provide the probability that Owen thinks that the electric kettle is expensive.,True,sharp,5000,5001,electric kettle
Steve,Steve bought a new electric kettle,4999,It cost $4999.,It cost $50.,"A friend asked him, ",Was it expensive?,"Steve said, ", Please provide the probability that Steve thinks that the electric kettle is expensive.,True,sharp,5000,5001,electric kettle
Zach,Zach bought a new electric kettle,4999,It cost $4999.,It cost $50.,"A friend asked him, ",Was it expensive?,"Zach said, ", Please provide the probability that Zach thinks that the electric kettle is expensive.,True,sharp,5000,5001,electric kettle
Victor,Victor bought a new electric kettle,4999,It cost $4999.,It cost $51.,"A friend asked him, ",Was it expensive?,"Victor said, ", Please provide the probability that Victor thinks that the electric kettle is expensive.,True,sharp,5000,5001,electric kettle
Gary,Gary bought a new electric kettle,4999,It cost $4999.,It cost $52.,"A friend asked him, ",Was it expensive?,"Gary said, ", Please provide the probability that Gary thinks that the electric kettle is expensive.,True,sharp,5000,5001,electric kettle
Patrick,Patrick bought a new electric kettle,4999,It cost $4999.,It cost $53.,"A friend asked him, ",Was it expensive?,"Patrick said, ", Please provide the probability that Patrick thinks that the electric kettle is expensive.,True,sharp,5000,5001,electric kettle
Eric,Eric bought a new electric kettle,4999,It cost $4999.,It cost $497.,"A friend asked him, ",Was it expensive?,"Eric said, ", Please provide the probability that Eric thinks that the electric kettle is expensive.,True,sharp,5000,5001,electric kettle
Calvin,Calvin bought a new electric kettle,4999,It cost $4999.,It cost $498.,"A friend asked him, ",Was it expensive?,"Calvin said, ", Please provide the probability that Calvin thinks that the electric kettle is expensive.,True,sharp,5000,5001,electric kettle
George,George bought a new electric kettle,4999,It cost $4999.,It cost $499.,"A friend asked him, ",Was it expensive?,"George said, ", Please provide the probability that George thinks that the electric kettle is expensive.,True,sharp,5000,5001,electric kettle
Daniel,Daniel bought a new electric kettle,4999,It cost $4999.,It cost $500.,"A friend asked him, ",Was it expensive?,"Daniel said, ", Please provide the probability that Daniel thinks that the electric kettle is expensive.,True,sharp,5000,5001,electric kettle
Winston,Winston bought a new electric kettle,4999,It cost $4999.,It cost $500.,"A friend asked him, ",Was it expensive?,"Winston said, ", Please provide the probability that Winston thinks that the electric kettle is expensive.,True,sharp,5000,5001,electric kettle
Zach,Zach bought a new electric kettle,4999,It cost $4999.,It cost $501.,"A friend asked him, ",Was it expensive?,"Zach said, ", Please provide the probability that Zach thinks that the electric kettle is expensive.,True,sharp,5000,5001,electric kettle
Zach,Zach bought a new electric kettle,4999,It cost $4999.,It cost $502.,"A friend asked him, ",Was it expensive?,"Zach said, ", Please provide the probability that Zach thinks that the electric kettle is expensive.,True,sharp,5000,5001,electric kettle
Charles,Charles bought a new electric kettle,4999,It cost $4999.,It cost $503.,"A friend asked him, ",Was it expensive?,"Charles said, ", Please provide the probability that Charles thinks that the electric kettle is expensive.,True,sharp,5000,5001,electric kettle
Ivan,Ivan bought a new electric kettle,4999,It cost $4999.,It cost $997.,"A friend asked him, ",Was it expensive?,"Ivan said, ", Please provide the probability that Ivan thinks that the electric kettle is expensive.,True,sharp,5000,5001,electric kettle
Frank,Frank bought a new electric kettle,4999,It cost $4999.,It cost $998.,"A friend asked him, ",Was it expensive?,"Frank said, ", Please provide the probability that Frank thinks that the electric kettle is expensive.,True,sharp,5000,5001,electric kettle
Robert,Robert bought a new electric kettle,4999,It cost $4999.,It cost $999.,"A friend asked him, ",Was it expensive?,"Robert said, ", Please provide the probability that Robert thinks that the electric kettle is expensive.,True,sharp,5000,5001,electric kettle
Frank,Frank bought a new electric kettle,4999,It cost $4999.,It cost $1000.,"A friend asked him, ",Was it expensive?,"Frank said, ", Please provide the probability that Frank thinks that the electric kettle is expensive.,True,sharp,5000,5001,electric kettle
Tom,Tom bought a new electric kettle,4999,It cost $4999.,It cost $1000.,"A friend asked him, ",Was it expensive?,"Tom said, ", Please provide the probability that Tom thinks that the electric kettle is expensive.,True,sharp,5000,5001,electric kettle
David,David bought a new electric kettle,4999,It cost $4999.,It cost $1001.,"A friend asked him, ",Was it expensive?,"David said, ", Please provide the probability that David thinks that the electric kettle is expensive.,True,sharp,5000,5001,electric kettle
Zach,Zach bought a new electric kettle,4999,It cost $4999.,It cost $1002.,"A friend asked him, ",Was it expensive?,"Zach said, ", Please provide the probability that Zach thinks that the electric kettle is expensive.,True,sharp,5000,5001,electric kettle
Nathan,Nathan bought a new electric kettle,4999,It cost $4999.,It cost $1003.,"A friend asked him, ",Was it expensive?,"Nathan said, ", Please provide the probability that Nathan thinks that the electric kettle is expensive.,True,sharp,5000,5001,electric kettle
Eric,Eric bought a new electric kettle,4999,It cost $4999.,It cost $4997.,"A friend asked him, ",Was it expensive?,"Eric said, ", Please provide the probability that Eric thinks that the electric kettle is expensive.,True,sharp,5000,5001,electric kettle
Ivan,Ivan bought a new electric kettle,4999,It cost $4999.,It cost $4998.,"A friend asked him, ",Was it expensive?,"Ivan said, ", Please provide the probability that Ivan thinks that the electric kettle is expensive.,True,sharp,5000,5001,electric kettle
Tom,Tom bought a new electric kettle,4999,It cost $4999.,It cost $4999.,"A friend asked him, ",Was it expensive?,"Tom said, ", Please provide the probability that Tom thinks that the electric kettle is expensive.,True,sharp,5000,5001,electric kettle
George,George bought a new electric kettle,5000,It cost $5000.,It cost $47.,"A friend asked him, ",Was it expensive?,"George said, ", Please provide the probability that George thinks that the electric kettle is expensive.,True,round,5000,5000,electric kettle
Bob,Bob bought a new electric kettle,5000,It cost $5000.,It cost $48.,"A friend asked him, ",Was it expensive?,"Bob said, ", Please provide the probability that Bob thinks that the electric kettle is expensive.,True,round,5000,5000,electric kettle
Zach,Zach bought a new electric kettle,5000,It cost $5000.,It cost $49.,"A friend asked him, ",Was it expensive?,"Zach said, ", Please provide the probability that Zach thinks that the electric kettle is expensive.,True,round,5000,5000,electric kettle
Ethan,Ethan bought a new electric kettle,5000,It cost $5000.,It cost $50.,"A friend asked him, ",Was it expensive?,"Ethan said, ", Please provide the probability that Ethan thinks that the electric kettle is expensive.,True,round,5000,5000,electric kettle
Albert,Albert bought a new electric kettle,5000,It cost $5000.,It cost $50.,"A friend asked him, ",Was it expensive?,"Albert said, ", Please provide the probability that Albert thinks that the electric kettle is expensive.,True,round,5000,5000,electric kettle
Fred,Fred bought a new electric kettle,5000,It cost $5000.,It cost $51.,"A friend asked him, ",Was it expensive?,"Fred said, ", Please provide the probability that Fred thinks that the electric kettle is expensive.,True,round,5000,5000,electric kettle
Bob,Bob bought a new electric kettle,5000,It cost $5000.,It cost $52.,"A friend asked him, ",Was it expensive?,"Bob said, ", Please provide the probability that Bob thinks that the electric kettle is expensive.,True,round,5000,5000,electric kettle
Albert,Albert bought a new electric kettle,5000,It cost $5000.,It cost $53.,"A friend asked him, ",Was it expensive?,"Albert said, ", Please provide the probability that Albert thinks that the electric kettle is expensive.,True,round,5000,5000,electric kettle
Calvin,Calvin bought a new electric kettle,5000,It cost $5000.,It cost $497.,"A friend asked him, ",Was it expensive?,"Calvin said, ", Please provide the probability that Calvin thinks that the electric kettle is expensive.,True,round,5000,5000,electric kettle
George,George bought a new electric kettle,5000,It cost $5000.,It cost $498.,"A friend asked him, ",Was it expensive?,"George said, ", Please provide the probability that George thinks that the electric kettle is expensive.,True,round,5000,5000,electric kettle
Steve,Steve bought a new electric kettle,5000,It cost $5000.,It cost $499.,"A friend asked him, ",Was it expensive?,"Steve said, ", Please provide the probability that Steve thinks that the electric kettle is expensive.,True,round,5000,5000,electric kettle
Ethan,Ethan bought a new electric kettle,5000,It cost $5000.,It cost $500.,"A friend asked him, ",Was it expensive?,"Ethan said, ", Please provide the probability that Ethan thinks that the electric kettle is expensive.,True,round,5000,5000,electric kettle
Albert,Albert bought a new electric kettle,5000,It cost $5000.,It cost $500.,"A friend asked him, ",Was it expensive?,"Albert said, ", Please provide the probability that Albert thinks that the electric kettle is expensive.,True,round,5000,5000,electric kettle
Frank,Frank bought a new electric kettle,5000,It cost $5000.,It cost $501.,"A friend asked him, ",Was it expensive?,"Frank said, ", Please provide the probability that Frank thinks that the electric kettle is expensive.,True,round,5000,5000,electric kettle
Frank,Frank bought a new electric kettle,5000,It cost $5000.,It cost $502.,"A friend asked him, ",Was it expensive?,"Frank said, ", Please provide the probability that Frank thinks that the electric kettle is expensive.,True,round,5000,5000,electric kettle
Luke,Luke bought a new electric kettle,5000,It cost $5000.,It cost $503.,"A friend asked him, ",Was it expensive?,"Luke said, ", Please provide the probability that Luke thinks that the electric kettle is expensive.,True,round,5000,5000,electric kettle
Jake,Jake bought a new electric kettle,5000,It cost $5000.,It cost $997.,"A friend asked him, ",Was it expensive?,"Jake said, ", Please provide the probability that Jake thinks that the electric kettle is expensive.,True,round,5000,5000,electric kettle
Ivan,Ivan bought a new electric kettle,5000,It cost $5000.,It cost $998.,"A friend asked him, ",Was it expensive?,"Ivan said, ", Please provide the probability that Ivan thinks that the electric kettle is expensive.,True,round,5000,5000,electric kettle
Victor,Victor bought a new electric kettle,5000,It cost $5000.,It cost $999.,"A friend asked him, ",Was it expensive?,"Victor said, ", Please provide the probability that Victor thinks that the electric kettle is expensive.,True,round,5000,5000,electric kettle
Charles,Charles bought a new electric kettle,5000,It cost $5000.,It cost $1000.,"A friend asked him, ",Was it expensive?,"Charles said, ", Please provide the probability that Charles thinks that the electric kettle is expensive.,True,round,5000,5000,electric kettle
Calvin,Calvin bought a new electric kettle,5000,It cost $5000.,It cost $1000.,"A friend asked him, ",Was it expensive?,"Calvin said, ", Please provide the probability that Calvin thinks that the electric kettle is expensive.,True,round,5000,5000,electric kettle
Gary,Gary bought a new electric kettle,5000,It cost $5000.,It cost $1001.,"A friend asked him, ",Was it expensive?,"Gary said, ", Please provide the probability that Gary thinks that the electric kettle is expensive.,True,round,5000,5000,electric kettle
Winston,Winston bought a new electric kettle,5000,It cost $5000.,It cost $1002.,"A friend asked him, ",Was it expensive?,"Winston said, ", Please provide the probability that Winston thinks that the electric kettle is expensive.,True,round,5000,5000,electric kettle
Matt,Matt bought a new electric kettle,5000,It cost $5000.,It cost $1003.,"A friend asked him, ",Was it expensive?,"Matt said, ", Please provide the probability that Matt thinks that the electric kettle is expensive.,True,round,5000,5000,electric kettle
David,David bought a new electric kettle,5000,It cost $5000.,It cost $4997.,"A friend asked him, ",Was it expensive?,"David said, ", Please provide the probability that David thinks that the electric kettle is expensive.,True,round,5000,5000,electric kettle
Luke,Luke bought a new electric kettle,5000,It cost $5000.,It cost $4998.,"A friend asked him, ",Was it expensive?,"Luke said, ", Please provide the probability that Luke thinks that the electric kettle is expensive.,True,round,5000,5000,electric kettle
Daniel,Daniel bought a new electric kettle,5000,It cost $5000.,It cost $4999.,"A friend asked him, ",Was it expensive?,"Daniel said, ", Please provide the probability that Daniel thinks that the electric kettle is expensive.,True,round,5000,5000,electric kettle
Patrick,Patrick bought a new electric kettle,5000,It cost $5000.,It cost $5000.,"A friend asked him, ",Was it expensive?,"Patrick said, ", Please provide the probability that Patrick thinks that the electric kettle is expensive.,True,round,5000,5000,electric kettle
Daniel,Daniel bought a new electric kettle,5000,It cost $5000.,It cost $5000.,"A friend asked him, ",Was it expensive?,"Daniel said, ", Please provide the probability that Daniel thinks that the electric kettle is expensive.,True,round,5000,5000,electric kettle
Winston,Winston bought a new electric kettle,5000,It cost $5000.,It cost $47.,"A friend asked him, ",Was it expensive?,"Winston said, ", Please provide the probability that Winston thinks that the electric kettle is expensive.,True,round,5000,5000,electric kettle
Robert,Robert bought a new electric kettle,5000,It cost $5000.,It cost $48.,"A friend asked him, ",Was it expensive?,"Robert said, ", Please provide the probability that Robert thinks that the electric kettle is expensive.,True,round,5000,5000,electric kettle
George,George bought a new electric kettle,5000,It cost $5000.,It cost $49.,"A friend asked him, ",Was it expensive?,"George said, ", Please provide the probability that George thinks that the electric kettle is expensive.,True,round,5000,5000,electric kettle
Robert,Robert bought a new electric kettle,5000,It cost $5000.,It cost $50.,"A friend asked him, ",Was it expensive?,"Robert said, ", Please provide the probability that Robert thinks that the electric kettle is expensive.,True,round,5000,5000,electric kettle
Barry,Barry bought a new electric kettle,5000,It cost $5000.,It cost $50.,"A friend asked him, ",Was it expensive?,"Barry said, ", Please provide the probability that Barry thinks that the electric kettle is expensive.,True,round,5000,5000,electric kettle
Zach,Zach bought a new electric kettle,5000,It cost $5000.,It cost $51.,"A friend asked him, ",Was it expensive?,"Zach said, ", Please provide the probability that Zach thinks that the electric kettle is expensive.,True,round,5000,5000,electric kettle
Zach,Zach bought a new electric kettle,5000,It cost $5000.,It cost $52.,"A friend asked him, ",Was it expensive?,"Zach said, ", Please provide the probability that Zach thinks that the electric kettle is expensive.,True,round,5000,5000,electric kettle
Zach,Zach bought a new electric kettle,5000,It cost $5000.,It cost $53.,"A friend asked him, ",Was it expensive?,"Zach said, ", Please provide the probability that Zach thinks that the electric kettle is expensive.,True,round,5000,5000,electric kettle
Fred,Fred bought a new electric kettle,5000,It cost $5000.,It cost $497.,"A friend asked him, ",Was it expensive?,"Fred said, ", Please provide the probability that Fred thinks that the electric kettle is expensive.,True,round,5000,5000,electric kettle
Albert,Albert bought a new electric kettle,5000,It cost $5000.,It cost $498.,"A friend asked him, ",Was it expensive?,"Albert said, ", Please provide the probability that Albert thinks that the electric kettle is expensive.,True,round,5000,5000,electric kettle
George,George bought a new electric kettle,5000,It cost $5000.,It cost $499.,"A friend asked him, ",Was it expensive?,"George said, ", Please provide the probability that George thinks that the electric kettle is expensive.,True,round,5000,5000,electric kettle
Luke,Luke bought a new electric kettle,5000,It cost $5000.,It cost $500.,"A friend asked him, ",Was it expensive?,"Luke said, ", Please provide the probability that Luke thinks that the electric kettle is expensive.,True,round,5000,5000,electric kettle
Victor,Victor bought a new electric kettle,5000,It cost $5000.,It cost $500.,"A friend asked him, ",Was it expensive?,"Victor said, ", Please provide the probability that Victor thinks that the electric kettle is expensive.,True,round,5000,5000,electric kettle
Jake,Jake bought a new electric kettle,5000,It cost $5000.,It cost $501.,"A friend asked him, ",Was it expensive?,"Jake said, ", Please provide the probability that Jake thinks that the electric kettle is expensive.,True,round,5000,5000,electric kettle
Quinn,Quinn bought a new electric kettle,5000,It cost $5000.,It cost $502.,"A friend asked him, ",Was it expensive?,"Quinn said, ", Please provide the probability that Quinn thinks that the electric kettle is expensive.,True,round,5000,5000,electric kettle
Fred,Fred bought a new electric kettle,5000,It cost $5000.,It cost $503.,"A friend asked him, ",Was it expensive?,"Fred said, ", Please provide the probability that Fred thinks that the electric kettle is expensive.,True,round,5000,5000,electric kettle
Quinn,Quinn bought a new electric kettle,5000,It cost $5000.,It cost $997.,"A friend asked him, ",Was it expensive?,"Quinn said, ", Please provide the probability that Quinn thinks that the electric kettle is expensive.,True,round,5000,5000,electric kettle
Harry,Harry bought a new electric kettle,5000,It cost $5000.,It cost $998.,"A friend asked him, ",Was it expensive?,"Harry said, ", Please provide the probability that Harry thinks that the electric kettle is expensive.,True,round,5000,5000,electric kettle
Harry,Harry bought a new electric kettle,5000,It cost $5000.,It cost $999.,"A friend asked him, ",Was it expensive?,"Harry said, ", Please provide the probability that Harry thinks that the electric kettle is expensive.,True,round,5000,5000,electric kettle
Patrick,Patrick bought a new electric kettle,5000,It cost $5000.,It cost $1000.,"A friend asked him, ",Was it expensive?,"Patrick said, ", Please provide the probability that Patrick thinks that the electric kettle is expensive.,True,round,5000,5000,electric kettle
Eric,Eric bought a new electric kettle,5000,It cost $5000.,It cost $1000.,"A friend asked him, ",Was it expensive?,"Eric said, ", Please provide the probability that Eric thinks that the electric kettle is expensive.,True,round,5000,5000,electric kettle
Charles,Charles bought a new electric kettle,5000,It cost $5000.,It cost $1001.,"A friend asked him, ",Was it expensive?,"Charles said, ", Please provide the probability that Charles thinks that the electric kettle is expensive.,True,round,5000,5000,electric kettle
Ethan,Ethan bought a new electric kettle,5000,It cost $5000.,It cost $1002.,"A friend asked him, ",Was it expensive?,"Ethan said, ", Please provide the probability that Ethan thinks that the electric kettle is expensive.,True,round,5000,5000,electric kettle
Albert,Albert bought a new electric kettle,5000,It cost $5000.,It cost $1003.,"A friend asked him, ",Was it expensive?,"Albert said, ", Please provide the probability that Albert thinks that the electric kettle is expensive.,True,round,5000,5000,electric kettle
Fred,Fred bought a new electric kettle,5000,It cost $5000.,It cost $4997.,"A friend asked him, ",Was it expensive?,"Fred said, ", Please provide the probability that Fred thinks that the electric kettle is expensive.,True,round,5000,5000,electric kettle
Gary,Gary bought a new electric kettle,5000,It cost $5000.,It cost $4998.,"A friend asked him, ",Was it expensive?,"Gary said, ", Please provide the probability that Gary thinks that the electric kettle is expensive.,True,round,5000,5000,electric kettle
Owen,Owen bought a new electric kettle,5000,It cost $5000.,It cost $4999.,"A friend asked him, ",Was it expensive?,"Owen said, ", Please provide the probability that Owen thinks that the electric kettle is expensive.,True,round,5000,5000,electric kettle
Robert,Robert bought a new electric kettle,5000,It cost $5000.,It cost $5000.,"A friend asked him, ",Was it expensive?,"Robert said, ", Please provide the probability that Robert thinks that the electric kettle is expensive.,True,round,5000,5000,electric kettle
Gary,Gary bought a new electric kettle,5000,It cost $5000.,It cost $5000.,"A friend asked him, ",Was it expensive?,"Gary said, ", Please provide the probability that Gary thinks that the electric kettle is expensive.,True,round,5000,5000,electric kettle
Ethan,Ethan bought a new electric kettle,5001,It cost $5001.,It cost $47.,"A friend asked him, ",Was it expensive?,"Ethan said, ", Please provide the probability that Ethan thinks that the electric kettle is expensive.,False,sharp,5000,5001,electric kettle
Matt,Matt bought a new electric kettle,5001,It cost $5001.,It cost $48.,"A friend asked him, ",Was it expensive?,"Matt said, ", Please provide the probability that Matt thinks that the electric kettle is expensive.,False,sharp,5000,5001,electric kettle
Tom,Tom bought a new electric kettle,5001,It cost $5001.,It cost $49.,"A friend asked him, ",Was it expensive?,"Tom said, ", Please provide the probability that Tom thinks that the electric kettle is expensive.,False,sharp,5000,5001,electric kettle
Matt,Matt bought a new electric kettle,5001,It cost $5001.,It cost $50.,"A friend asked him, ",Was it expensive?,"Matt said, ", Please provide the probability that Matt thinks that the electric kettle is expensive.,False,sharp,5000,5001,electric kettle
Eric,Eric bought a new electric kettle,5001,It cost $5001.,It cost $50.,"A friend asked him, ",Was it expensive?,"Eric said, ", Please provide the probability that Eric thinks that the electric kettle is expensive.,False,sharp,5000,5001,electric kettle
Bob,Bob bought a new electric kettle,5001,It cost $5001.,It cost $51.,"A friend asked him, ",Was it expensive?,"Bob said, ", Please provide the probability that Bob thinks that the electric kettle is expensive.,False,sharp,5000,5001,electric kettle
Frank,Frank bought a new electric kettle,5001,It cost $5001.,It cost $52.,"A friend asked him, ",Was it expensive?,"Frank said, ", Please provide the probability that Frank thinks that the electric kettle is expensive.,False,sharp,5000,5001,electric kettle
Bob,Bob bought a new electric kettle,5001,It cost $5001.,It cost $53.,"A friend asked him, ",Was it expensive?,"Bob said, ", Please provide the probability that Bob thinks that the electric kettle is expensive.,False,sharp,5000,5001,electric kettle
Nathan,Nathan bought a new electric kettle,5001,It cost $5001.,It cost $497.,"A friend asked him, ",Was it expensive?,"Nathan said, ", Please provide the probability that Nathan thinks that the electric kettle is expensive.,False,sharp,5000,5001,electric kettle
Quinn,Quinn bought a new electric kettle,5001,It cost $5001.,It cost $498.,"A friend asked him, ",Was it expensive?,"Quinn said, ", Please provide the probability that Quinn thinks that the electric kettle is expensive.,False,sharp,5000,5001,electric kettle
Tom,Tom bought a new electric kettle,5001,It cost $5001.,It cost $499.,"A friend asked him, ",Was it expensive?,"Tom said, ", Please provide the probability that Tom thinks that the electric kettle is expensive.,False,sharp,5000,5001,electric kettle
Luke,Luke bought a new electric kettle,5001,It cost $5001.,It cost $500.,"A friend asked him, ",Was it expensive?,"Luke said, ", Please provide the probability that Luke thinks that the electric kettle is expensive.,False,sharp,5000,5001,electric kettle
Kenneth,Kenneth bought a new electric kettle,5001,It cost $5001.,It cost $500.,"A friend asked him, ",Was it expensive?,"Kenneth said, ", Please provide the probability that Kenneth thinks that the electric kettle is expensive.,False,sharp,5000,5001,electric kettle
Nathan,Nathan bought a new electric kettle,5001,It cost $5001.,It cost $501.,"A friend asked him, ",Was it expensive?,"Nathan said, ", Please provide the probability that Nathan thinks that the electric kettle is expensive.,False,sharp,5000,5001,electric kettle
Patrick,Patrick bought a new electric kettle,5001,It cost $5001.,It cost $502.,"A friend asked him, ",Was it expensive?,"Patrick said, ", Please provide the probability that Patrick thinks that the electric kettle is expensive.,False,sharp,5000,5001,electric kettle
Fred,Fred bought a new electric kettle,5001,It cost $5001.,It cost $503.,"A friend asked him, ",Was it expensive?,"Fred said, ", Please provide the probability that Fred thinks that the electric kettle is expensive.,False,sharp,5000,5001,electric kettle
Owen,Owen bought a new electric kettle,5001,It cost $5001.,It cost $997.,"A friend asked him, ",Was it expensive?,"Owen said, ", Please provide the probability that Owen thinks that the electric kettle is expensive.,False,sharp,5000,5001,electric kettle
Zach,Zach bought a new electric kettle,5001,It cost $5001.,It cost $998.,"A friend asked him, ",Was it expensive?,"Zach said, ", Please provide the probability that Zach thinks that the electric kettle is expensive.,False,sharp,5000,5001,electric kettle
Steve,Steve bought a new electric kettle,5001,It cost $5001.,It cost $999.,"A friend asked him, ",Was it expensive?,"Steve said, ", Please provide the probability that Steve thinks that the electric kettle is expensive.,False,sharp,5000,5001,electric kettle
Bob,Bob bought a new electric kettle,5001,It cost $5001.,It cost $1000.,"A friend asked him, ",Was it expensive?,"Bob said, ", Please provide the probability that Bob thinks that the electric kettle is expensive.,False,sharp,5000,5001,electric kettle
David,David bought a new electric kettle,5001,It cost $5001.,It cost $1000.,"A friend asked him, ",Was it expensive?,"David said, ", Please provide the probability that David thinks that the electric kettle is expensive.,False,sharp,5000,5001,electric kettle
Daniel,Daniel bought a new electric kettle,5001,It cost $5001.,It cost $1001.,"A friend asked him, ",Was it expensive?,"Daniel said, ", Please provide the probability that Daniel thinks that the electric kettle is expensive.,False,sharp,5000,5001,electric kettle
Owen,Owen bought a new electric kettle,5001,It cost $5001.,It cost $1002.,"A friend asked him, ",Was it expensive?,"Owen said, ", Please provide the probability that Owen thinks that the electric kettle is expensive.,False,sharp,5000,5001,electric kettle
Bob,Bob bought a new electric kettle,5001,It cost $5001.,It cost $1003.,"A friend asked him, ",Was it expensive?,"Bob said, ", Please provide the probability that Bob thinks that the electric kettle is expensive.,False,sharp,5000,5001,electric kettle
Winston,Winston bought a new electric kettle,5001,It cost $5001.,It cost $4997.,"A friend asked him, ",Was it expensive?,"Winston said, ", Please provide the probability that Winston thinks that the electric kettle is expensive.,False,sharp,5000,5001,electric kettle
Barry,Barry bought a new electric kettle,5001,It cost $5001.,It cost $4998.,"A friend asked him, ",Was it expensive?,"Barry said, ", Please provide the probability that Barry thinks that the electric kettle is expensive.,False,sharp,5000,5001,electric kettle
Barry,Barry bought a new electric kettle,5001,It cost $5001.,It cost $4999.,"A friend asked him, ",Was it expensive?,"Barry said, ", Please provide the probability that Barry thinks that the electric kettle is expensive.,False,sharp,5000,5001,electric kettle
Ivan,Ivan bought a new electric kettle,5001,It cost $5001.,It cost $5000.,"A friend asked him, ",Was it expensive?,"Ivan said, ", Please provide the probability that Ivan thinks that the electric kettle is expensive.,False,sharp,5000,5001,electric kettle
Albert,Albert bought a new electric kettle,5001,It cost $5001.,It cost $5000.,"A friend asked him, ",Was it expensive?,"Albert said, ", Please provide the probability that Albert thinks that the electric kettle is expensive.,False,sharp,5000,5001,electric kettle
Owen,Owen bought a new electric kettle,5001,It cost $5001.,It cost $5001.,"A friend asked him, ",Was it expensive?,"Owen said, ", Please provide the probability that Owen thinks that the electric kettle is expensive.,False,sharp,5000,5001,electric kettle
Robert,Robert bought a new electric kettle,5002,It cost $5002.,It cost $47.,"A friend asked him, ",Was it expensive?,"Robert said, ", Please provide the probability that Robert thinks that the electric kettle is expensive.,False,sharp,5000,5001,electric kettle
Alex,Alex bought a new electric kettle,5002,It cost $5002.,It cost $48.,"A friend asked him, ",Was it expensive?,"Alex said, ", Please provide the probability that Alex thinks that the electric kettle is expensive.,False,sharp,5000,5001,electric kettle
Winston,Winston bought a new electric kettle,5002,It cost $5002.,It cost $49.,"A friend asked him, ",Was it expensive?,"Winston said, ", Please provide the probability that Winston thinks that the electric kettle is expensive.,False,sharp,5000,5001,electric kettle
Tom,Tom bought a new electric kettle,5002,It cost $5002.,It cost $50.,"A friend asked him, ",Was it expensive?,"Tom said, ", Please provide the probability that Tom thinks that the electric kettle is expensive.,False,sharp,5000,5001,electric kettle
Matt,Matt bought a new electric kettle,5002,It cost $5002.,It cost $50.,"A friend asked him, ",Was it expensive?,"Matt said, ", Please provide the probability that Matt thinks that the electric kettle is expensive.,False,sharp,5000,5001,electric kettle
Nathan,Nathan bought a new electric kettle,5002,It cost $5002.,It cost $51.,"A friend asked him, ",Was it expensive?,"Nathan said, ", Please provide the probability that Nathan thinks that the electric kettle is expensive.,False,sharp,5000,5001,electric kettle
David,David bought a new electric kettle,5002,It cost $5002.,It cost $52.,"A friend asked him, ",Was it expensive?,"David said, ", Please provide the probability that David thinks that the electric kettle is expensive.,False,sharp,5000,5001,electric kettle
Albert,Albert bought a new electric kettle,5002,It cost $5002.,It cost $53.,"A friend asked him, ",Was it expensive?,"Albert said, ", Please provide the probability that Albert thinks that the electric kettle is expensive.,False,sharp,5000,5001,electric kettle
Daniel,Daniel bought a new electric kettle,5002,It cost $5002.,It cost $497.,"A friend asked him, ",Was it expensive?,"Daniel said, ", Please provide the probability that Daniel thinks that the electric kettle is expensive.,False,sharp,5000,5001,electric kettle
Eric,Eric bought a new electric kettle,5002,It cost $5002.,It cost $498.,"A friend asked him, ",Was it expensive?,"Eric said, ", Please provide the probability that Eric thinks that the electric kettle is expensive.,False,sharp,5000,5001,electric kettle
Zach,Zach bought a new electric kettle,5002,It cost $5002.,It cost $499.,"A friend asked him, ",Was it expensive?,"Zach said, ", Please provide the probability that Zach thinks that the electric kettle is expensive.,False,sharp,5000,5001,electric kettle
Patrick,Patrick bought a new electric kettle,5002,It cost $5002.,It cost $500.,"A friend asked him, ",Was it expensive?,"Patrick said, ", Please provide the probability that Patrick thinks that the electric kettle is expensive.,False,sharp,5000,5001,electric kettle
Barry,Barry bought a new electric kettle,5002,It cost $5002.,It cost $500.,"A friend asked him, ",Was it expensive?,"Barry said, ", Please provide the probability that Barry thinks that the electric kettle is expensive.,False,sharp,5000,5001,electric kettle
Patrick,Patrick bought a new electric kettle,5002,It cost $5002.,It cost $501.,"A friend asked him, ",Was it expensive?,"Patrick said, ", Please provide the probability that Patrick thinks that the electric kettle is expensive.,False,sharp,5000,5001,electric kettle
Charles,Charles bought a new electric kettle,5002,It cost $5002.,It cost $502.,"A friend asked him, ",Was it expensive?,"Charles said, ", Please provide the probability that Charles thinks that the electric kettle is expensive.,False,sharp,5000,5001,electric kettle
Gary,Gary bought a new electric kettle,5002,It cost $5002.,It cost $503.,"A friend asked him, ",Was it expensive?,"Gary said, ", Please provide the probability that Gary thinks that the electric kettle is expensive.,False,sharp,5000,5001,electric kettle
Daniel,Daniel bought a new electric kettle,5002,It cost $5002.,It cost $997.,"A friend asked him, ",Was it expensive?,"Daniel said, ", Please provide the probability that Daniel thinks that the electric kettle is expensive.,False,sharp,5000,5001,electric kettle
Albert,Albert bought a new electric kettle,5002,It cost $5002.,It cost $998.,"A friend asked him, ",Was it expensive?,"Albert said, ", Please provide the probability that Albert thinks that the electric kettle is expensive.,False,sharp,5000,5001,electric kettle
Owen,Owen bought a new electric kettle,5002,It cost $5002.,It cost $999.,"A friend asked him, ",Was it expensive?,"Owen said, ", Please provide the probability that Owen thinks that the electric kettle is expensive.,False,sharp,5000,5001,electric kettle
Luke,Luke bought a new electric kettle,5002,It cost $5002.,It cost $1000.,"A friend asked him, ",Was it expensive?,"Luke said, ", Please provide the probability that Luke thinks that the electric kettle is expensive.,False,sharp,5000,5001,electric kettle
George,George bought a new electric kettle,5002,It cost $5002.,It cost $1000.,"A friend asked him, ",Was it expensive?,"George said, ", Please provide the probability that George thinks that the electric kettle is expensive.,False,sharp,5000,5001,electric kettle
Albert,Albert bought a new electric kettle,5002,It cost $5002.,It cost $1001.,"A friend asked him, ",Was it expensive?,"Albert said, ", Please provide the probability that Albert thinks that the electric kettle is expensive.,False,sharp,5000,5001,electric kettle
Harry,Harry bought a new electric kettle,5002,It cost $5002.,It cost $1002.,"A friend asked him, ",Was it expensive?,"Harry said, ", Please provide the probability that Harry thinks that the electric kettle is expensive.,False,sharp,5000,5001,electric kettle
Matt,Matt bought a new electric kettle,5002,It cost $5002.,It cost $1003.,"A friend asked him, ",Was it expensive?,"Matt said, ", Please provide the probability that Matt thinks that the electric kettle is expensive.,False,sharp,5000,5001,electric kettle
Eric,Eric bought a new electric kettle,5002,It cost $5002.,It cost $4997.,"A friend asked him, ",Was it expensive?,"Eric said, ", Please provide the probability that Eric thinks that the electric kettle is expensive.,False,sharp,5000,5001,electric kettle
Ivan,Ivan bought a new electric kettle,5002,It cost $5002.,It cost $4998.,"A friend asked him, ",Was it expensive?,"Ivan said, ", Please provide the probability that Ivan thinks that the electric kettle is expensive.,False,sharp,5000,5001,electric kettle
Alex,Alex bought a new electric kettle,5002,It cost $5002.,It cost $4999.,"A friend asked him, ",Was it expensive?,"Alex said, ", Please provide the probability that Alex thinks that the electric kettle is expensive.,False,sharp,5000,5001,electric kettle
Albert,Albert bought a new electric kettle,5002,It cost $5002.,It cost $5000.,"A friend asked him, ",Was it expensive?,"Albert said, ", Please provide the probability that Albert thinks that the electric kettle is expensive.,False,sharp,5000,5001,electric kettle
Ivan,Ivan bought a new electric kettle,5002,It cost $5002.,It cost $5000.,"A friend asked him, ",Was it expensive?,"Ivan said, ", Please provide the probability that Ivan thinks that the electric kettle is expensive.,False,sharp,5000,5001,electric kettle
Fred,Fred bought a new electric kettle,5002,It cost $5002.,It cost $5001.,"A friend asked him, ",Was it expensive?,"Fred said, ", Please provide the probability that Fred thinks that the electric kettle is expensive.,False,sharp,5000,5001,electric kettle
Victor,Victor bought a new electric kettle,5002,It cost $5002.,It cost $5002.,"A friend asked him, ",Was it expensive?,"Victor said, ", Please provide the probability that Victor thinks that the electric kettle is expensive.,False,sharp,5000,5001,electric kettle
Winston,Winston bought a new electric kettle,5003,It cost $5003.,It cost $47.,"A friend asked him, ",Was it expensive?,"Winston said, ", Please provide the probability that Winston thinks that the electric kettle is expensive.,False,sharp,5000,5001,electric kettle
Ivan,Ivan bought a new electric kettle,5003,It cost $5003.,It cost $48.,"A friend asked him, ",Was it expensive?,"Ivan said, ", Please provide the probability that Ivan thinks that the electric kettle is expensive.,False,sharp,5000,5001,electric kettle
Barry,Barry bought a new electric kettle,5003,It cost $5003.,It cost $49.,"A friend asked him, ",Was it expensive?,"Barry said, ", Please provide the probability that Barry thinks that the electric kettle is expensive.,False,sharp,5000,5001,electric kettle
Robert,Robert bought a new electric kettle,5003,It cost $5003.,It cost $50.,"A friend asked him, ",Was it expensive?,"Robert said, ", Please provide the probability that Robert thinks that the electric kettle is expensive.,False,sharp,5000,5001,electric kettle
Calvin,Calvin bought a new electric kettle,5003,It cost $5003.,It cost $50.,"A friend asked him, ",Was it expensive?,"Calvin said, ", Please provide the probability that Calvin thinks that the electric kettle is expensive.,False,sharp,5000,5001,electric kettle
Daniel,Daniel bought a new electric kettle,5003,It cost $5003.,It cost $51.,"A friend asked him, ",Was it expensive?,"Daniel said, ", Please provide the probability that Daniel thinks that the electric kettle is expensive.,False,sharp,5000,5001,electric kettle
Barry,Barry bought a new electric kettle,5003,It cost $5003.,It cost $52.,"A friend asked him, ",Was it expensive?,"Barry said, ", Please provide the probability that Barry thinks that the electric kettle is expensive.,False,sharp,5000,5001,electric kettle
Gary,Gary bought a new electric kettle,5003,It cost $5003.,It cost $53.,"A friend asked him, ",Was it expensive?,"Gary said, ", Please provide the probability that Gary thinks that the electric kettle is expensive.,False,sharp,5000,5001,electric kettle
Ivan,Ivan bought a new electric kettle,5003,It cost $5003.,It cost $497.,"A friend asked him, ",Was it expensive?,"Ivan said, ", Please provide the probability that Ivan thinks that the electric kettle is expensive.,False,sharp,5000,5001,electric kettle
Daniel,Daniel bought a new electric kettle,5003,It cost $5003.,It cost $498.,"A friend asked him, ",Was it expensive?,"Daniel said, ", Please provide the probability that Daniel thinks that the electric kettle is expensive.,False,sharp,5000,5001,electric kettle
Bob,Bob bought a new electric kettle,5003,It cost $5003.,It cost $499.,"A friend asked him, ",Was it expensive?,"Bob said, ", Please provide the probability that Bob thinks that the electric kettle is expensive.,False,sharp,5000,5001,electric kettle
Matt,Matt bought a new electric kettle,5003,It cost $5003.,It cost $500.,"A friend asked him, ",Was it expensive?,"Matt said, ", Please provide the probability that Matt thinks that the electric kettle is expensive.,False,sharp,5000,5001,electric kettle
Nathan,Nathan bought a new electric kettle,5003,It cost $5003.,It cost $500.,"A friend asked him, ",Was it expensive?,"Nathan said, ", Please provide the probability that Nathan thinks that the electric kettle is expensive.,False,sharp,5000,5001,electric kettle
Quinn,Quinn bought a new electric kettle,5003,It cost $5003.,It cost $501.,"A friend asked him, ",Was it expensive?,"Quinn said, ", Please provide the probability that Quinn thinks that the electric kettle is expensive.,False,sharp,5000,5001,electric kettle
Charles,Charles bought a new electric kettle,5003,It cost $5003.,It cost $502.,"A friend asked him, ",Was it expensive?,"Charles said, ", Please provide the probability that Charles thinks that the electric kettle is expensive.,False,sharp,5000,5001,electric kettle
Ivan,Ivan bought a new electric kettle,5003,It cost $5003.,It cost $503.,"A friend asked him, ",Was it expensive?,"Ivan said, ", Please provide the probability that Ivan thinks that the electric kettle is expensive.,False,sharp,5000,5001,electric kettle
Robert,Robert bought a new electric kettle,5003,It cost $5003.,It cost $997.,"A friend asked him, ",Was it expensive?,"Robert said, ", Please provide the probability that Robert thinks that the electric kettle is expensive.,False,sharp,5000,5001,electric kettle
Quinn,Quinn bought a new electric kettle,5003,It cost $5003.,It cost $998.,"A friend asked him, ",Was it expensive?,"Quinn said, ", Please provide the probability that Quinn thinks that the electric kettle is expensive.,False,sharp,5000,5001,electric kettle
Owen,Owen bought a new electric kettle,5003,It cost $5003.,It cost $999.,"A friend asked him, ",Was it expensive?,"Owen said, ", Please provide the probability that Owen thinks that the electric kettle is expensive.,False,sharp,5000,5001,electric kettle
Quinn,Quinn bought a new electric kettle,5003,It cost $5003.,It cost $1000.,"A friend asked him, ",Was it expensive?,"Quinn said, ", Please provide the probability that Quinn thinks that the electric kettle is expensive.,False,sharp,5000,5001,electric kettle
Harry,Harry bought a new electric kettle,5003,It cost $5003.,It cost $1000.,"A friend asked him, ",Was it expensive?,"Harry said, ", Please provide the probability that Harry thinks that the electric kettle is expensive.,False,sharp,5000,5001,electric kettle
Tom,Tom bought a new electric kettle,5003,It cost $5003.,It cost $1001.,"A friend asked him, ",Was it expensive?,"Tom said, ", Please provide the probability that Tom thinks that the electric kettle is expensive.,False,sharp,5000,5001,electric kettle
Ethan,Ethan bought a new electric kettle,5003,It cost $5003.,It cost $1002.,"A friend asked him, ",Was it expensive?,"Ethan said, ", Please provide the probability that Ethan thinks that the electric kettle is expensive.,False,sharp,5000,5001,electric kettle
Winston,Winston bought a new electric kettle,5003,It cost $5003.,It cost $1003.,"A friend asked him, ",Was it expensive?,"Winston said, ", Please provide the probability that Winston thinks that the electric kettle is expensive.,False,sharp,5000,5001,electric kettle
Barry,Barry bought a new electric kettle,5003,It cost $5003.,It cost $4997.,"A friend asked him, ",Was it expensive?,"Barry said, ", Please provide the probability that Barry thinks that the electric kettle is expensive.,False,sharp,5000,5001,electric kettle
Ethan,Ethan bought a new electric kettle,5003,It cost $5003.,It cost $4998.,"A friend asked him, ",Was it expensive?,"Ethan said, ", Please provide the probability that Ethan thinks that the electric kettle is expensive.,False,sharp,5000,5001,electric kettle
Calvin,Calvin bought a new electric kettle,5003,It cost $5003.,It cost $4999.,"A friend asked him, ",Was it expensive?,"Calvin said, ", Please provide the probability that Calvin thinks that the electric kettle is expensive.,False,sharp,5000,5001,electric kettle
Kenneth,Kenneth bought a new electric kettle,5003,It cost $5003.,It cost $5000.,"A friend asked him, ",Was it expensive?,"Kenneth said, ", Please provide the probability that Kenneth thinks that the electric kettle is expensive.,False,sharp,5000,5001,electric kettle
Jake,Jake bought a new electric kettle,5003,It cost $5003.,It cost $5000.,"A friend asked him, ",Was it expensive?,"Jake said, ", Please provide the probability that Jake thinks that the electric kettle is expensive.,False,sharp,5000,5001,electric kettle
Ethan,Ethan bought a new electric kettle,5003,It cost $5003.,It cost $5001.,"A friend asked him, ",Was it expensive?,"Ethan said, ", Please provide the probability that Ethan thinks that the electric kettle is expensive.,False,sharp,5000,5001,electric kettle
Robert,Robert bought a new electric kettle,5003,It cost $5003.,It cost $5002.,"A friend asked him, ",Was it expensive?,"Robert said, ", Please provide the probability that Robert thinks that the electric kettle is expensive.,False,sharp,5000,5001,electric kettle
Ethan,Ethan bought a new electric kettle,5003,It cost $5003.,It cost $5003.,"A friend asked him, ",Was it expensive?,"Ethan said, ", Please provide the probability that Ethan thinks that the electric kettle is expensive.,False,sharp,5000,5001,electric kettle
Gary,Gary bought a new electric kettle,9997,It cost $9997.,It cost $47.,"A friend asked him, ",Was it expensive?,"Gary said, ", Please provide the probability that Gary thinks that the electric kettle is expensive.,False,sharp,10000,10001,electric kettle
David,David bought a new electric kettle,9997,It cost $9997.,It cost $48.,"A friend asked him, ",Was it expensive?,"David said, ", Please provide the probability that David thinks that the electric kettle is expensive.,False,sharp,10000,10001,electric kettle
David,David bought a new electric kettle,9997,It cost $9997.,It cost $49.,"A friend asked him, ",Was it expensive?,"David said, ", Please provide the probability that David thinks that the electric kettle is expensive.,False,sharp,10000,10001,electric kettle
George,George bought a new electric kettle,9997,It cost $9997.,It cost $50.,"A friend asked him, ",Was it expensive?,"George said, ", Please provide the probability that George thinks that the electric kettle is expensive.,False,sharp,10000,10001,electric kettle
Fred,Fred bought a new electric kettle,9997,It cost $9997.,It cost $50.,"A friend asked him, ",Was it expensive?,"Fred said, ", Please provide the probability that Fred thinks that the electric kettle is expensive.,False,sharp,10000,10001,electric kettle
Calvin,Calvin bought a new electric kettle,9997,It cost $9997.,It cost $51.,"A friend asked him, ",Was it expensive?,"Calvin said, ", Please provide the probability that Calvin thinks that the electric kettle is expensive.,False,sharp,10000,10001,electric kettle
Gary,Gary bought a new electric kettle,9997,It cost $9997.,It cost $52.,"A friend asked him, ",Was it expensive?,"Gary said, ", Please provide the probability that Gary thinks that the electric kettle is expensive.,False,sharp,10000,10001,electric kettle
Tom,Tom bought a new electric kettle,9997,It cost $9997.,It cost $53.,"A friend asked him, ",Was it expensive?,"Tom said, ", Please provide the probability that Tom thinks that the electric kettle is expensive.,False,sharp,10000,10001,electric kettle
Alex,Alex bought a new electric kettle,9997,It cost $9997.,It cost $497.,"A friend asked him, ",Was it expensive?,"Alex said, ", Please provide the probability that Alex thinks that the electric kettle is expensive.,False,sharp,10000,10001,electric kettle
Ethan,Ethan bought a new electric kettle,9997,It cost $9997.,It cost $498.,"A friend asked him, ",Was it expensive?,"Ethan said, ", Please provide the probability that Ethan thinks that the electric kettle is expensive.,False,sharp,10000,10001,electric kettle
Steve,Steve bought a new electric kettle,9997,It cost $9997.,It cost $499.,"A friend asked him, ",Was it expensive?,"Steve said, ", Please provide the probability that Steve thinks that the electric kettle is expensive.,False,sharp,10000,10001,electric kettle
Owen,Owen bought a new electric kettle,9997,It cost $9997.,It cost $500.,"A friend asked him, ",Was it expensive?,"Owen said, ", Please provide the probability that Owen thinks that the electric kettle is expensive.,False,sharp,10000,10001,electric kettle
Harry,Harry bought a new electric kettle,9997,It cost $9997.,It cost $500.,"A friend asked him, ",Was it expensive?,"Harry said, ", Please provide the probability that Harry thinks that the electric kettle is expensive.,False,sharp,10000,10001,electric kettle
Daniel,Daniel bought a new electric kettle,9997,It cost $9997.,It cost $501.,"A friend asked him, ",Was it expensive?,"Daniel said, ", Please provide the probability that Daniel thinks that the electric kettle is expensive.,False,sharp,10000,10001,electric kettle
Frank,Frank bought a new electric kettle,9997,It cost $9997.,It cost $502.,"A friend asked him, ",Was it expensive?,"Frank said, ", Please provide the probability that Frank thinks that the electric kettle is expensive.,False,sharp,10000,10001,electric kettle
Ivan,Ivan bought a new electric kettle,9997,It cost $9997.,It cost $503.,"A friend asked him, ",Was it expensive?,"Ivan said, ", Please provide the probability that Ivan thinks that the electric kettle is expensive.,False,sharp,10000,10001,electric kettle
Zach,Zach bought a new electric kettle,9997,It cost $9997.,It cost $997.,"A friend asked him, ",Was it expensive?,"Zach said, ", Please provide the probability that Zach thinks that the electric kettle is expensive.,False,sharp,10000,10001,electric kettle
Ivan,Ivan bought a new electric kettle,9997,It cost $9997.,It cost $998.,"A friend asked him, ",Was it expensive?,"Ivan said, ", Please provide the probability that Ivan thinks that the electric kettle is expensive.,False,sharp,10000,10001,electric kettle
Jake,Jake bought a new electric kettle,9997,It cost $9997.,It cost $999.,"A friend asked him, ",Was it expensive?,"Jake said, ", Please provide the probability that Jake thinks that the electric kettle is expensive.,False,sharp,10000,10001,electric kettle
Kenneth,Kenneth bought a new electric kettle,9997,It cost $9997.,It cost $1000.,"A friend asked him, ",Was it expensive?,"Kenneth said, ", Please provide the probability that Kenneth thinks that the electric kettle is expensive.,False,sharp,10000,10001,electric kettle
Steve,Steve bought a new electric kettle,9997,It cost $9997.,It cost $1000.,"A friend asked him, ",Was it expensive?,"Steve said, ", Please provide the probability that Steve thinks that the electric kettle is expensive.,False,sharp,10000,10001,electric kettle
Albert,Albert bought a new electric kettle,9997,It cost $9997.,It cost $1001.,"A friend asked him, ",Was it expensive?,"Albert said, ", Please provide the probability that Albert thinks that the electric kettle is expensive.,False,sharp,10000,10001,electric kettle
Calvin,Calvin bought a new electric kettle,9997,It cost $9997.,It cost $1002.,"A friend asked him, ",Was it expensive?,"Calvin said, ", Please provide the probability that Calvin thinks that the electric kettle is expensive.,False,sharp,10000,10001,electric kettle
Charles,Charles bought a new electric kettle,9997,It cost $9997.,It cost $1003.,"A friend asked him, ",Was it expensive?,"Charles said, ", Please provide the probability that Charles thinks that the electric kettle is expensive.,False,sharp,10000,10001,electric kettle
Nathan,Nathan bought a new electric kettle,9997,It cost $9997.,It cost $4997.,"A friend asked him, ",Was it expensive?,"Nathan said, ", Please provide the probability that Nathan thinks that the electric kettle is expensive.,False,sharp,10000,10001,electric kettle
Daniel,Daniel bought a new electric kettle,9997,It cost $9997.,It cost $4998.,"A friend asked him, ",Was it expensive?,"Daniel said, ", Please provide the probability that Daniel thinks that the electric kettle is expensive.,False,sharp,10000,10001,electric kettle
Tom,Tom bought a new electric kettle,9997,It cost $9997.,It cost $4999.,"A friend asked him, ",Was it expensive?,"Tom said, ", Please provide the probability that Tom thinks that the electric kettle is expensive.,False,sharp,10000,10001,electric kettle
Jake,Jake bought a new electric kettle,9997,It cost $9997.,It cost $5000.,"A friend asked him, ",Was it expensive?,"Jake said, ", Please provide the probability that Jake thinks that the electric kettle is expensive.,False,sharp,10000,10001,electric kettle
Daniel,Daniel bought a new electric kettle,9997,It cost $9997.,It cost $5000.,"A friend asked him, ",Was it expensive?,"Daniel said, ", Please provide the probability that Daniel thinks that the electric kettle is expensive.,False,sharp,10000,10001,electric kettle
Robert,Robert bought a new electric kettle,9997,It cost $9997.,It cost $5001.,"A friend asked him, ",Was it expensive?,"Robert said, ", Please provide the probability that Robert thinks that the electric kettle is expensive.,False,sharp,10000,10001,electric kettle
Zach,Zach bought a new electric kettle,9997,It cost $9997.,It cost $5002.,"A friend asked him, ",Was it expensive?,"Zach said, ", Please provide the probability that Zach thinks that the electric kettle is expensive.,False,sharp,10000,10001,electric kettle
Owen,Owen bought a new electric kettle,9997,It cost $9997.,It cost $5003.,"A friend asked him, ",Was it expensive?,"Owen said, ", Please provide the probability that Owen thinks that the electric kettle is expensive.,False,sharp,10000,10001,electric kettle
Tom,Tom bought a new electric kettle,9997,It cost $9997.,It cost $9997.,"A friend asked him, ",Was it expensive?,"Tom said, ", Please provide the probability that Tom thinks that the electric kettle is expensive.,False,sharp,10000,10001,electric kettle
Ivan,Ivan bought a new electric kettle,9998,It cost $9998.,It cost $47.,"A friend asked him, ",Was it expensive?,"Ivan said, ", Please provide the probability that Ivan thinks that the electric kettle is expensive.,False,sharp,10000,10001,electric kettle
David,David bought a new electric kettle,9998,It cost $9998.,It cost $48.,"A friend asked him, ",Was it expensive?,"David said, ", Please provide the probability that David thinks that the electric kettle is expensive.,False,sharp,10000,10001,electric kettle
Eric,Eric bought a new electric kettle,9998,It cost $9998.,It cost $49.,"A friend asked him, ",Was it expensive?,"Eric said, ", Please provide the probability that Eric thinks that the electric kettle is expensive.,False,sharp,10000,10001,electric kettle
George,George bought a new electric kettle,9998,It cost $9998.,It cost $50.,"A friend asked him, ",Was it expensive?,"George said, ", Please provide the probability that George thinks that the electric kettle is expensive.,False,sharp,10000,10001,electric kettle
Ethan,Ethan bought a new electric kettle,9998,It cost $9998.,It cost $50.,"A friend asked him, ",Was it expensive?,"Ethan said, ", Please provide the probability that Ethan thinks that the electric kettle is expensive.,False,sharp,10000,10001,electric kettle
Robert,Robert bought a new electric kettle,9998,It cost $9998.,It cost $51.,"A friend asked him, ",Was it expensive?,"Robert said, ", Please provide the probability that Robert thinks that the electric kettle is expensive.,False,sharp,10000,10001,electric kettle
Patrick,Patrick bought a new electric kettle,9998,It cost $9998.,It cost $52.,"A friend asked him, ",Was it expensive?,"Patrick said, ", Please provide the probability that Patrick thinks that the electric kettle is expensive.,False,sharp,10000,10001,electric kettle
Harry,Harry bought a new electric kettle,9998,It cost $9998.,It cost $53.,"A friend asked him, ",Was it expensive?,"Harry said, ", Please provide the probability that Harry thinks that the electric kettle is expensive.,False,sharp,10000,10001,electric kettle
Fred,Fred bought a new electric kettle,9998,It cost $9998.,It cost $497.,"A friend asked him, ",Was it expensive?,"Fred said, ", Please provide the probability that Fred thinks that the electric kettle is expensive.,False,sharp,10000,10001,electric kettle
Jake,Jake bought a new electric kettle,9998,It cost $9998.,It cost $498.,"A friend asked him, ",Was it expensive?,"Jake said, ", Please provide the probability that Jake thinks that the electric kettle is expensive.,False,sharp,10000,10001,electric kettle
David,David bought a new electric kettle,9998,It cost $9998.,It cost $499.,"A friend asked him, ",Was it expensive?,"David said, ", Please provide the probability that David thinks that the electric kettle is expensive.,False,sharp,10000,10001,electric kettle
Charles,Charles bought a new electric kettle,9998,It cost $9998.,It cost $500.,"A friend asked him, ",Was it expensive?,"Charles said, ", Please provide the probability that Charles thinks that the electric kettle is expensive.,False,sharp,10000,10001,electric kettle
Luke,Luke bought a new electric kettle,9998,It cost $9998.,It cost $500.,"A friend asked him, ",Was it expensive?,"Luke said, ", Please provide the probability that Luke thinks that the electric kettle is expensive.,False,sharp,10000,10001,electric kettle
Ivan,Ivan bought a new electric kettle,9998,It cost $9998.,It cost $501.,"A friend asked him, ",Was it expensive?,"Ivan said, ", Please provide the probability that Ivan thinks that the electric kettle is expensive.,False,sharp,10000,10001,electric kettle
Victor,Victor bought a new electric kettle,9998,It cost $9998.,It cost $502.,"A friend asked him, ",Was it expensive?,"Victor said, ", Please provide the probability that Victor thinks that the electric kettle is expensive.,False,sharp,10000,10001,electric kettle
Albert,Albert bought a new electric kettle,9998,It cost $9998.,It cost $503.,"A friend asked him, ",Was it expensive?,"Albert said, ", Please provide the probability that Albert thinks that the electric kettle is expensive.,False,sharp,10000,10001,electric kettle
Charles,Charles bought a new electric kettle,9998,It cost $9998.,It cost $997.,"A friend asked him, ",Was it expensive?,"Charles said, ", Please provide the probability that Charles thinks that the electric kettle is expensive.,False,sharp,10000,10001,electric kettle
Albert,Albert bought a new electric kettle,9998,It cost $9998.,It cost $998.,"A friend asked him, ",Was it expensive?,"Albert said, ", Please provide the probability that Albert thinks that the electric kettle is expensive.,False,sharp,10000,10001,electric kettle
Ethan,Ethan bought a new electric kettle,9998,It cost $9998.,It cost $999.,"A friend asked him, ",Was it expensive?,"Ethan said, ", Please provide the probability that Ethan thinks that the electric kettle is expensive.,False,sharp,10000,10001,electric kettle
Charles,Charles bought a new electric kettle,9998,It cost $9998.,It cost $1000.,"A friend asked him, ",Was it expensive?,"Charles said, ", Please provide the probability that Charles thinks that the electric kettle is expensive.,False,sharp,10000,10001,electric kettle
Zach,Zach bought a new electric kettle,9998,It cost $9998.,It cost $1000.,"A friend asked him, ",Was it expensive?,"Zach said, ", Please provide the probability that Zach thinks that the electric kettle is expensive.,False,sharp,10000,10001,electric kettle
Charles,Charles bought a new electric kettle,9998,It cost $9998.,It cost $1001.,"A friend asked him, ",Was it expensive?,"Charles said, ", Please provide the probability that Charles thinks that the electric kettle is expensive.,False,sharp,10000,10001,electric kettle
Winston,Winston bought a new electric kettle,9998,It cost $9998.,It cost $1002.,"A friend asked him, ",Was it expensive?,"Winston said, ", Please provide the probability that Winston thinks that the electric kettle is expensive.,False,sharp,10000,10001,electric kettle
George,George bought a new electric kettle,9998,It cost $9998.,It cost $1003.,"A friend asked him, ",Was it expensive?,"George said, ", Please provide the probability that George thinks that the electric kettle is expensive.,False,sharp,10000,10001,electric kettle
George,George bought a new electric kettle,9998,It cost $9998.,It cost $4997.,"A friend asked him, ",Was it expensive?,"George said, ", Please provide the probability that George thinks that the electric kettle is expensive.,False,sharp,10000,10001,electric kettle
Albert,Albert bought a new electric kettle,9998,It cost $9998.,It cost $4998.,"A friend asked him, ",Was it expensive?,"Albert said, ", Please provide the probability that Albert thinks that the electric kettle is expensive.,False,sharp,10000,10001,electric kettle
Ethan,Ethan bought a new electric kettle,9998,It cost $9998.,It cost $4999.,"A friend asked him, ",Was it expensive?,"Ethan said, ", Please provide the probability that Ethan thinks that the electric kettle is expensive.,False,sharp,10000,10001,electric kettle
George,George bought a new electric kettle,9998,It cost $9998.,It cost $5000.,"A friend asked him, ",Was it expensive?,"George said, ", Please provide the probability that George thinks that the electric kettle is expensive.,False,sharp,10000,10001,electric kettle
Frank,Frank bought a new electric kettle,9998,It cost $9998.,It cost $5000.,"A friend asked him, ",Was it expensive?,"Frank said, ", Please provide the probability that Frank thinks that the electric kettle is expensive.,False,sharp,10000,10001,electric kettle
Jake,Jake bought a new electric kettle,9998,It cost $9998.,It cost $5001.,"A friend asked him, ",Was it expensive?,"Jake said, ", Please provide the probability that Jake thinks that the electric kettle is expensive.,False,sharp,10000,10001,electric kettle
Luke,Luke bought a new electric kettle,9998,It cost $9998.,It cost $5002.,"A friend asked him, ",Was it expensive?,"Luke said, ", Please provide the probability that Luke thinks that the electric kettle is expensive.,False,sharp,10000,10001,electric kettle
Kenneth,Kenneth bought a new electric kettle,9998,It cost $9998.,It cost $5003.,"A friend asked him, ",Was it expensive?,"Kenneth said, ", Please provide the probability that Kenneth thinks that the electric kettle is expensive.,False,sharp,10000,10001,electric kettle
Patrick,Patrick bought a new electric kettle,9998,It cost $9998.,It cost $9997.,"A friend asked him, ",Was it expensive?,"Patrick said, ", Please provide the probability that Patrick thinks that the electric kettle is expensive.,False,sharp,10000,10001,electric kettle
Victor,Victor bought a new electric kettle,9998,It cost $9998.,It cost $9998.,"A friend asked him, ",Was it expensive?,"Victor said, ", Please provide the probability that Victor thinks that the electric kettle is expensive.,False,sharp,10000,10001,electric kettle
Luke,Luke bought a new electric kettle,9999,It cost $9999.,It cost $47.,"A friend asked him, ",Was it expensive?,"Luke said, ", Please provide the probability that Luke thinks that the electric kettle is expensive.,True,sharp,10000,10001,electric kettle
Bob,Bob bought a new electric kettle,9999,It cost $9999.,It cost $48.,"A friend asked him, ",Was it expensive?,"Bob said, ", Please provide the probability that Bob thinks that the electric kettle is expensive.,True,sharp,10000,10001,electric kettle
George,George bought a new electric kettle,9999,It cost $9999.,It cost $49.,"A friend asked him, ",Was it expensive?,"George said, ", Please provide the probability that George thinks that the electric kettle is expensive.,True,sharp,10000,10001,electric kettle
Quinn,Quinn bought a new electric kettle,9999,It cost $9999.,It cost $50.,"A friend asked him, ",Was it expensive?,"Quinn said, ", Please provide the probability that Quinn thinks that the electric kettle is expensive.,True,sharp,10000,10001,electric kettle
Nathan,Nathan bought a new electric kettle,9999,It cost $9999.,It cost $50.,"A friend asked him, ",Was it expensive?,"Nathan said, ", Please provide the probability that Nathan thinks that the electric kettle is expensive.,True,sharp,10000,10001,electric kettle
Zach,Zach bought a new electric kettle,9999,It cost $9999.,It cost $51.,"A friend asked him, ",Was it expensive?,"Zach said, ", Please provide the probability that Zach thinks that the electric kettle is expensive.,True,sharp,10000,10001,electric kettle
Daniel,Daniel bought a new electric kettle,9999,It cost $9999.,It cost $52.,"A friend asked him, ",Was it expensive?,"Daniel said, ", Please provide the probability that Daniel thinks that the electric kettle is expensive.,True,sharp,10000,10001,electric kettle
Bob,Bob bought a new electric kettle,9999,It cost $9999.,It cost $53.,"A friend asked him, ",Was it expensive?,"Bob said, ", Please provide the probability that Bob thinks that the electric kettle is expensive.,True,sharp,10000,10001,electric kettle
Charles,Charles bought a new electric kettle,9999,It cost $9999.,It cost $497.,"A friend asked him, ",Was it expensive?,"Charles said, ", Please provide the probability that Charles thinks that the electric kettle is expensive.,True,sharp,10000,10001,electric kettle
Fred,Fred bought a new electric kettle,9999,It cost $9999.,It cost $498.,"A friend asked him, ",Was it expensive?,"Fred said, ", Please provide the probability that Fred thinks that the electric kettle is expensive.,True,sharp,10000,10001,electric kettle
Daniel,Daniel bought a new electric kettle,9999,It cost $9999.,It cost $499.,"A friend asked him, ",Was it expensive?,"Daniel said, ", Please provide the probability that Daniel thinks that the electric kettle is expensive.,True,sharp,10000,10001,electric kettle
Steve,Steve bought a new electric kettle,9999,It cost $9999.,It cost $500.,"A friend asked him, ",Was it expensive?,"Steve said, ", Please provide the probability that Steve thinks that the electric kettle is expensive.,True,sharp,10000,10001,electric kettle
Frank,Frank bought a new electric kettle,9999,It cost $9999.,It cost $500.,"A friend asked him, ",Was it expensive?,"Frank said, ", Please provide the probability that Frank thinks that the electric kettle is expensive.,True,sharp,10000,10001,electric kettle
Patrick,Patrick bought a new electric kettle,9999,It cost $9999.,It cost $501.,"A friend asked him, ",Was it expensive?,"Patrick said, ", Please provide the probability that Patrick thinks that the electric kettle is expensive.,True,sharp,10000,10001,electric kettle
Frank,Frank bought a new electric kettle,9999,It cost $9999.,It cost $502.,"A friend asked him, ",Was it expensive?,"Frank said, ", Please provide the probability that Frank thinks that the electric kettle is expensive.,True,sharp,10000,10001,electric kettle
David,David bought a new electric kettle,9999,It cost $9999.,It cost $503.,"A friend asked him, ",Was it expensive?,"David said, ", Please provide the probability that David thinks that the electric kettle is expensive.,True,sharp,10000,10001,electric kettle
Eric,Eric bought a new electric kettle,9999,It cost $9999.,It cost $997.,"A friend asked him, ",Was it expensive?,"Eric said, ", Please provide the probability that Eric thinks that the electric kettle is expensive.,True,sharp,10000,10001,electric kettle
Luke,Luke bought a new electric kettle,9999,It cost $9999.,It cost $998.,"A friend asked him, ",Was it expensive?,"Luke said, ", Please provide the probability that Luke thinks that the electric kettle is expensive.,True,sharp,10000,10001,electric kettle
George,George bought a new electric kettle,9999,It cost $9999.,It cost $999.,"A friend asked him, ",Was it expensive?,"George said, ", Please provide the probability that George thinks that the electric kettle is expensive.,True,sharp,10000,10001,electric kettle
Matt,Matt bought a new electric kettle,9999,It cost $9999.,It cost $1000.,"A friend asked him, ",Was it expensive?,"Matt said, ", Please provide the probability that Matt thinks that the electric kettle is expensive.,True,sharp,10000,10001,electric kettle
Barry,Barry bought a new electric kettle,9999,It cost $9999.,It cost $1000.,"A friend asked him, ",Was it expensive?,"Barry said, ", Please provide the probability that Barry thinks that the electric kettle is expensive.,True,sharp,10000,10001,electric kettle
Tom,Tom bought a new electric kettle,9999,It cost $9999.,It cost $1001.,"A friend asked him, ",Was it expensive?,"Tom said, ", Please provide the probability that Tom thinks that the electric kettle is expensive.,True,sharp,10000,10001,electric kettle
Calvin,Calvin bought a new electric kettle,9999,It cost $9999.,It cost $1002.,"A friend asked him, ",Was it expensive?,"Calvin said, ", Please provide the probability that Calvin thinks that the electric kettle is expensive.,True,sharp,10000,10001,electric kettle
Robert,Robert bought a new electric kettle,9999,It cost $9999.,It cost $1003.,"A friend asked him, ",Was it expensive?,"Robert said, ", Please provide the probability that Robert thinks that the electric kettle is expensive.,True,sharp,10000,10001,electric kettle
Matt,Matt bought a new electric kettle,9999,It cost $9999.,It cost $4997.,"A friend asked him, ",Was it expensive?,"Matt said, ", Please provide the probability that Matt thinks that the electric kettle is expensive.,True,sharp,10000,10001,electric kettle
Daniel,Daniel bought a new electric kettle,9999,It cost $9999.,It cost $4998.,"A friend asked him, ",Was it expensive?,"Daniel said, ", Please provide the probability that Daniel thinks that the electric kettle is expensive.,True,sharp,10000,10001,electric kettle
Quinn,Quinn bought a new electric kettle,9999,It cost $9999.,It cost $4999.,"A friend asked him, ",Was it expensive?,"Quinn said, ", Please provide the probability that Quinn thinks that the electric kettle is expensive.,True,sharp,10000,10001,electric kettle
Steve,Steve bought a new electric kettle,9999,It cost $9999.,It cost $5000.,"A friend asked him, ",Was it expensive?,"Steve said, ", Please provide the probability that Steve thinks that the electric kettle is expensive.,True,sharp,10000,10001,electric kettle
Luke,Luke bought a new electric kettle,9999,It cost $9999.,It cost $5000.,"A friend asked him, ",Was it expensive?,"Luke said, ", Please provide the probability that Luke thinks that the electric kettle is expensive.,True,sharp,10000,10001,electric kettle
Barry,Barry bought a new electric kettle,9999,It cost $9999.,It cost $5001.,"A friend asked him, ",Was it expensive?,"Barry said, ", Please provide the probability that Barry thinks that the electric kettle is expensive.,True,sharp,10000,10001,electric kettle
Owen,Owen bought a new electric kettle,9999,It cost $9999.,It cost $5002.,"A friend asked him, ",Was it expensive?,"Owen said, ", Please provide the probability that Owen thinks that the electric kettle is expensive.,True,sharp,10000,10001,electric kettle
Zach,Zach bought a new electric kettle,9999,It cost $9999.,It cost $5003.,"A friend asked him, ",Was it expensive?,"Zach said, ", Please provide the probability that Zach thinks that the electric kettle is expensive.,True,sharp,10000,10001,electric kettle
Robert,Robert bought a new electric kettle,9999,It cost $9999.,It cost $9997.,"A friend asked him, ",Was it expensive?,"Robert said, ", Please provide the probability that Robert thinks that the electric kettle is expensive.,True,sharp,10000,10001,electric kettle
Quinn,Quinn bought a new electric kettle,9999,It cost $9999.,It cost $9998.,"A friend asked him, ",Was it expensive?,"Quinn said, ", Please provide the probability that Quinn thinks that the electric kettle is expensive.,True,sharp,10000,10001,electric kettle
Daniel,Daniel bought a new electric kettle,9999,It cost $9999.,It cost $9999.,"A friend asked him, ",Was it expensive?,"Daniel said, ", Please provide the probability that Daniel thinks that the electric kettle is expensive.,True,sharp,10000,10001,electric kettle
Fred,Fred bought a new electric kettle,10000,It cost $10000.,It cost $47.,"A friend asked him, ",Was it expensive?,"Fred said, ", Please provide the probability that Fred thinks that the electric kettle is expensive.,True,round,10000,10000,electric kettle
Frank,Frank bought a new electric kettle,10000,It cost $10000.,It cost $48.,"A friend asked him, ",Was it expensive?,"Frank said, ", Please provide the probability that Frank thinks that the electric kettle is expensive.,True,round,10000,10000,electric kettle
Robert,Robert bought a new electric kettle,10000,It cost $10000.,It cost $49.,"A friend asked him, ",Was it expensive?,"Robert said, ", Please provide the probability that Robert thinks that the electric kettle is expensive.,True,round,10000,10000,electric kettle
George,George bought a new electric kettle,10000,It cost $10000.,It cost $50.,"A friend asked him, ",Was it expensive?,"George said, ", Please provide the probability that George thinks that the electric kettle is expensive.,True,round,10000,10000,electric kettle
Victor,Victor bought a new electric kettle,10000,It cost $10000.,It cost $50.,"A friend asked him, ",Was it expensive?,"Victor said, ", Please provide the probability that Victor thinks that the electric kettle is expensive.,True,round,10000,10000,electric kettle
Charles,Charles bought a new electric kettle,10000,It cost $10000.,It cost $51.,"A friend asked him, ",Was it expensive?,"Charles said, ", Please provide the probability that Charles thinks that the electric kettle is expensive.,True,round,10000,10000,electric kettle
Harry,Harry bought a new electric kettle,10000,It cost $10000.,It cost $52.,"A friend asked him, ",Was it expensive?,"Harry said, ", Please provide the probability that Harry thinks that the electric kettle is expensive.,True,round,10000,10000,electric kettle
Patrick,Patrick bought a new electric kettle,10000,It cost $10000.,It cost $53.,"A friend asked him, ",Was it expensive?,"Patrick said, ", Please provide the probability that Patrick thinks that the electric kettle is expensive.,True,round,10000,10000,electric kettle
Ethan,Ethan bought a new electric kettle,10000,It cost $10000.,It cost $497.,"A friend asked him, ",Was it expensive?,"Ethan said, ", Please provide the probability that Ethan thinks that the electric kettle is expensive.,True,round,10000,10000,electric kettle
George,George bought a new electric kettle,10000,It cost $10000.,It cost $498.,"A friend asked him, ",Was it expensive?,"George said, ", Please provide the probability that George thinks that the electric kettle is expensive.,True,round,10000,10000,electric kettle
Luke,Luke bought a new electric kettle,10000,It cost $10000.,It cost $499.,"A friend asked him, ",Was it expensive?,"Luke said, ", Please provide the probability that Luke thinks that the electric kettle is expensive.,True,round,10000,10000,electric kettle
Tom,Tom bought a new electric kettle,10000,It cost $10000.,It cost $500.,"A friend asked him, ",Was it expensive?,"Tom said, ", Please provide the probability that Tom thinks that the electric kettle is expensive.,True,round,10000,10000,electric kettle
Jake,Jake bought a new electric kettle,10000,It cost $10000.,It cost $500.,"A friend asked him, ",Was it expensive?,"Jake said, ", Please provide the probability that Jake thinks that the electric kettle is expensive.,True,round,10000,10000,electric kettle
Luke,Luke bought a new electric kettle,10000,It cost $10000.,It cost $501.,"A friend asked him, ",Was it expensive?,"Luke said, ", Please provide the probability that Luke thinks that the electric kettle is expensive.,True,round,10000,10000,electric kettle
Gary,Gary bought a new electric kettle,10000,It cost $10000.,It cost $502.,"A friend asked him, ",Was it expensive?,"Gary said, ", Please provide the probability that Gary thinks that the electric kettle is expensive.,True,round,10000,10000,electric kettle
Ethan,Ethan bought a new electric kettle,10000,It cost $10000.,It cost $503.,"A friend asked him, ",Was it expensive?,"Ethan said, ", Please provide the probability that Ethan thinks that the electric kettle is expensive.,True,round,10000,10000,electric kettle
Nathan,Nathan bought a new electric kettle,10000,It cost $10000.,It cost $997.,"A friend asked him, ",Was it expensive?,"Nathan said, ", Please provide the probability that Nathan thinks that the electric kettle is expensive.,True,round,10000,10000,electric kettle
Albert,Albert bought a new electric kettle,10000,It cost $10000.,It cost $998.,"A friend asked him, ",Was it expensive?,"Albert said, ", Please provide the probability that Albert thinks that the electric kettle is expensive.,True,round,10000,10000,electric kettle
Quinn,Quinn bought a new electric kettle,10000,It cost $10000.,It cost $999.,"A friend asked him, ",Was it expensive?,"Quinn said, ", Please provide the probability that Quinn thinks that the electric kettle is expensive.,True,round,10000,10000,electric kettle
Matt,Matt bought a new electric kettle,10000,It cost $10000.,It cost $1000.,"A friend asked him, ",Was it expensive?,"Matt said, ", Please provide the probability that Matt thinks that the electric kettle is expensive.,True,round,10000,10000,electric kettle
Gary,Gary bought a new electric kettle,10000,It cost $10000.,It cost $1000.,"A friend asked him, ",Was it expensive?,"Gary said, ", Please provide the probability that Gary thinks that the electric kettle is expensive.,True,round,10000,10000,electric kettle
Barry,Barry bought a new electric kettle,10000,It cost $10000.,It cost $1001.,"A friend asked him, ",Was it expensive?,"Barry said, ", Please provide the probability that Barry thinks that the electric kettle is expensive.,True,round,10000,10000,electric kettle
Eric,Eric bought a new electric kettle,10000,It cost $10000.,It cost $1002.,"A friend asked him, ",Was it expensive?,"Eric said, ", Please provide the probability that Eric thinks that the electric kettle is expensive.,True,round,10000,10000,electric kettle
Quinn,Quinn bought a new electric kettle,10000,It cost $10000.,It cost $1003.,"A friend asked him, ",Was it expensive?,"Quinn said, ", Please provide the probability that Quinn thinks that the electric kettle is expensive.,True,round,10000,10000,electric kettle
Charles,Charles bought a new electric kettle,10000,It cost $10000.,It cost $4997.,"A friend asked him, ",Was it expensive?,"Charles said, ", Please provide the probability that Charles thinks that the electric kettle is expensive.,True,round,10000,10000,electric kettle
Fred,Fred bought a new electric kettle,10000,It cost $10000.,It cost $4998.,"A friend asked him, ",Was it expensive?,"Fred said, ", Please provide the probability that Fred thinks that the electric kettle is expensive.,True,round,10000,10000,electric kettle
Daniel,Daniel bought a new electric kettle,10000,It cost $10000.,It cost $4999.,"A friend asked him, ",Was it expensive?,"Daniel said, ", Please provide the probability that Daniel thinks that the electric kettle is expensive.,True,round,10000,10000,electric kettle
Ivan,Ivan bought a new electric kettle,10000,It cost $10000.,It cost $5000.,"A friend asked him, ",Was it expensive?,"Ivan said, ", Please provide the probability that Ivan thinks that the electric kettle is expensive.,True,round,10000,10000,electric kettle
Robert,Robert bought a new electric kettle,10000,It cost $10000.,It cost $5000.,"A friend asked him, ",Was it expensive?,"Robert said, ", Please provide the probability that Robert thinks that the electric kettle is expensive.,True,round,10000,10000,electric kettle
Kenneth,Kenneth bought a new electric kettle,10000,It cost $10000.,It cost $5001.,"A friend asked him, ",Was it expensive?,"Kenneth said, ", Please provide the probability that Kenneth thinks that the electric kettle is expensive.,True,round,10000,10000,electric kettle
Barry,Barry bought a new electric kettle,10000,It cost $10000.,It cost $5002.,"A friend asked him, ",Was it expensive?,"Barry said, ", Please provide the probability that Barry thinks that the electric kettle is expensive.,True,round,10000,10000,electric kettle
George,George bought a new electric kettle,10000,It cost $10000.,It cost $5003.,"A friend asked him, ",Was it expensive?,"George said, ", Please provide the probability that George thinks that the electric kettle is expensive.,True,round,10000,10000,electric kettle
George,George bought a new electric kettle,10000,It cost $10000.,It cost $9997.,"A friend asked him, ",Was it expensive?,"George said, ", Please provide the probability that George thinks that the electric kettle is expensive.,True,round,10000,10000,electric kettle
Bob,Bob bought a new electric kettle,10000,It cost $10000.,It cost $9998.,"A friend asked him, ",Was it expensive?,"Bob said, ", Please provide the probability that Bob thinks that the electric kettle is expensive.,True,round,10000,10000,electric kettle
Robert,Robert bought a new electric kettle,10000,It cost $10000.,It cost $9999.,"A friend asked him, ",Was it expensive?,"Robert said, ", Please provide the probability that Robert thinks that the electric kettle is expensive.,True,round,10000,10000,electric kettle
Nathan,Nathan bought a new electric kettle,10000,It cost $10000.,It cost $10000.,"A friend asked him, ",Was it expensive?,"Nathan said, ", Please provide the probability that Nathan thinks that the electric kettle is expensive.,True,round,10000,10000,electric kettle
Fred,Fred bought a new electric kettle,10000,It cost $10000.,It cost $10000.,"A friend asked him, ",Was it expensive?,"Fred said, ", Please provide the probability that Fred thinks that the electric kettle is expensive.,True,round,10000,10000,electric kettle
Daniel,Daniel bought a new electric kettle,10000,It cost $10000.,It cost $47.,"A friend asked him, ",Was it expensive?,"Daniel said, ", Please provide the probability that Daniel thinks that the electric kettle is expensive.,True,round,10000,10000,electric kettle
Frank,Frank bought a new electric kettle,10000,It cost $10000.,It cost $48.,"A friend asked him, ",Was it expensive?,"Frank said, ", Please provide the probability that Frank thinks that the electric kettle is expensive.,True,round,10000,10000,electric kettle
Luke,Luke bought a new electric kettle,10000,It cost $10000.,It cost $49.,"A friend asked him, ",Was it expensive?,"Luke said, ", Please provide the probability that Luke thinks that the electric kettle is expensive.,True,round,10000,10000,electric kettle
Robert,Robert bought a new electric kettle,10000,It cost $10000.,It cost $50.,"A friend asked him, ",Was it expensive?,"Robert said, ", Please provide the probability that Robert thinks that the electric kettle is expensive.,True,round,10000,10000,electric kettle
Patrick,Patrick bought a new electric kettle,10000,It cost $10000.,It cost $50.,"A friend asked him, ",Was it expensive?,"Patrick said, ", Please provide the probability that Patrick thinks that the electric kettle is expensive.,True,round,10000,10000,electric kettle
Robert,Robert bought a new electric kettle,10000,It cost $10000.,It cost $51.,"A friend asked him, ",Was it expensive?,"Robert said, ", Please provide the probability that Robert thinks that the electric kettle is expensive.,True,round,10000,10000,electric kettle
David,David bought a new electric kettle,10000,It cost $10000.,It cost $52.,"A friend asked him, ",Was it expensive?,"David said, ", Please provide the probability that David thinks that the electric kettle is expensive.,True,round,10000,10000,electric kettle
Frank,Frank bought a new electric kettle,10000,It cost $10000.,It cost $53.,"A friend asked him, ",Was it expensive?,"Frank said, ", Please provide the probability that Frank thinks that the electric kettle is expensive.,True,round,10000,10000,electric kettle
Ivan,Ivan bought a new electric kettle,10000,It cost $10000.,It cost $497.,"A friend asked him, ",Was it expensive?,"Ivan said, ", Please provide the probability that Ivan thinks that the electric kettle is expensive.,True,round,10000,10000,electric kettle
Gary,Gary bought a new electric kettle,10000,It cost $10000.,It cost $498.,"A friend asked him, ",Was it expensive?,"Gary said, ", Please provide the probability that Gary thinks that the electric kettle is expensive.,True,round,10000,10000,electric kettle
Winston,Winston bought a new electric kettle,10000,It cost $10000.,It cost $499.,"A friend asked him, ",Was it expensive?,"Winston said, ", Please provide the probability that Winston thinks that the electric kettle is expensive.,True,round,10000,10000,electric kettle
Alex,Alex bought a new electric kettle,10000,It cost $10000.,It cost $500.,"A friend asked him, ",Was it expensive?,"Alex said, ", Please provide the probability that Alex thinks that the electric kettle is expensive.,True,round,10000,10000,electric kettle
Bob,Bob bought a new electric kettle,10000,It cost $10000.,It cost $500.,"A friend asked him, ",Was it expensive?,"Bob said, ", Please provide the probability that Bob thinks that the electric kettle is expensive.,True,round,10000,10000,electric kettle
Harry,Harry bought a new electric kettle,10000,It cost $10000.,It cost $501.,"A friend asked him, ",Was it expensive?,"Harry said, ", Please provide the probability that Harry thinks that the electric kettle is expensive.,True,round,10000,10000,electric kettle
Kenneth,Kenneth bought a new electric kettle,10000,It cost $10000.,It cost $502.,"A friend asked him, ",Was it expensive?,"Kenneth said, ", Please provide the probability that Kenneth thinks that the electric kettle is expensive.,True,round,10000,10000,electric kettle
Calvin,Calvin bought a new electric kettle,10000,It cost $10000.,It cost $503.,"A friend asked him, ",Was it expensive?,"Calvin said, ", Please provide the probability that Calvin thinks that the electric kettle is expensive.,True,round,10000,10000,electric kettle
Owen,Owen bought a new electric kettle,10000,It cost $10000.,It cost $997.,"A friend asked him, ",Was it expensive?,"Owen said, ", Please provide the probability that Owen thinks that the electric kettle is expensive.,True,round,10000,10000,electric kettle
Frank,Frank bought a new electric kettle,10000,It cost $10000.,It cost $998.,"A friend asked him, ",Was it expensive?,"Frank said, ", Please provide the probability that Frank thinks that the electric kettle is expensive.,True,round,10000,10000,electric kettle
Winston,Winston bought a new electric kettle,10000,It cost $10000.,It cost $999.,"A friend asked him, ",Was it expensive?,"Winston said, ", Please provide the probability that Winston thinks that the electric kettle is expensive.,True,round,10000,10000,electric kettle
Calvin,Calvin bought a new electric kettle,10000,It cost $10000.,It cost $1000.,"A friend asked him, ",Was it expensive?,"Calvin said, ", Please provide the probability that Calvin thinks that the electric kettle is expensive.,True,round,10000,10000,electric kettle
Frank,Frank bought a new electric kettle,10000,It cost $10000.,It cost $1000.,"A friend asked him, ",Was it expensive?,"Frank said, ", Please provide the probability that Frank thinks that the electric kettle is expensive.,True,round,10000,10000,electric kettle
David,David bought a new electric kettle,10000,It cost $10000.,It cost $1001.,"A friend asked him, ",Was it expensive?,"David said, ", Please provide the probability that David thinks that the electric kettle is expensive.,True,round,10000,10000,electric kettle
Albert,Albert bought a new electric kettle,10000,It cost $10000.,It cost $1002.,"A friend asked him, ",Was it expensive?,"Albert said, ", Please provide the probability that Albert thinks that the electric kettle is expensive.,True,round,10000,10000,electric kettle
Quinn,Quinn bought a new electric kettle,10000,It cost $10000.,It cost $1003.,"A friend asked him, ",Was it expensive?,"Quinn said, ", Please provide the probability that Quinn thinks that the electric kettle is expensive.,True,round,10000,10000,electric kettle
Fred,Fred bought a new electric kettle,10000,It cost $10000.,It cost $4997.,"A friend asked him, ",Was it expensive?,"Fred said, ", Please provide the probability that Fred thinks that the electric kettle is expensive.,True,round,10000,10000,electric kettle
Matt,Matt bought a new electric kettle,10000,It cost $10000.,It cost $4998.,"A friend asked him, ",Was it expensive?,"Matt said, ", Please provide the probability that Matt thinks that the electric kettle is expensive.,True,round,10000,10000,electric kettle
Owen,Owen bought a new electric kettle,10000,It cost $10000.,It cost $4999.,"A friend asked him, ",Was it expensive?,"Owen said, ", Please provide the probability that Owen thinks that the electric kettle is expensive.,True,round,10000,10000,electric kettle
Robert,Robert bought a new electric kettle,10000,It cost $10000.,It cost $5000.,"A friend asked him, ",Was it expensive?,"Robert said, ", Please provide the probability that Robert thinks that the electric kettle is expensive.,True,round,10000,10000,electric kettle
Patrick,Patrick bought a new electric kettle,10000,It cost $10000.,It cost $5000.,"A friend asked him, ",Was it expensive?,"Patrick said, ", Please provide the probability that Patrick thinks that the electric kettle is expensive.,True,round,10000,10000,electric kettle
Alex,Alex bought a new electric kettle,10000,It cost $10000.,It cost $5001.,"A friend asked him, ",Was it expensive?,"Alex said, ", Please provide the probability that Alex thinks that the electric kettle is expensive.,True,round,10000,10000,electric kettle
Steve,Steve bought a new electric kettle,10000,It cost $10000.,It cost $5002.,"A friend asked him, ",Was it expensive?,"Steve said, ", Please provide the probability that Steve thinks that the electric kettle is expensive.,True,round,10000,10000,electric kettle
Eric,Eric bought a new electric kettle,10000,It cost $10000.,It cost $5003.,"A friend asked him, ",Was it expensive?,"Eric said, ", Please provide the probability that Eric thinks that the electric kettle is expensive.,True,round,10000,10000,electric kettle
Zach,Zach bought a new electric kettle,10000,It cost $10000.,It cost $9997.,"A friend asked him, ",Was it expensive?,"Zach said, ", Please provide the probability that Zach thinks that the electric kettle is expensive.,True,round,10000,10000,electric kettle
Kenneth,Kenneth bought a new electric kettle,10000,It cost $10000.,It cost $9998.,"A friend asked him, ",Was it expensive?,"Kenneth said, ", Please provide the probability that Kenneth thinks that the electric kettle is expensive.,True,round,10000,10000,electric kettle
Luke,Luke bought a new electric kettle,10000,It cost $10000.,It cost $9999.,"A friend asked him, ",Was it expensive?,"Luke said, ", Please provide the probability that Luke thinks that the electric kettle is expensive.,True,round,10000,10000,electric kettle
Winston,Winston bought a new electric kettle,10000,It cost $10000.,It cost $10000.,"A friend asked him, ",Was it expensive?,"Winston said, ", Please provide the probability that Winston thinks that the electric kettle is expensive.,True,round,10000,10000,electric kettle
Patrick,Patrick bought a new electric kettle,10000,It cost $10000.,It cost $10000.,"A friend asked him, ",Was it expensive?,"Patrick said, ", Please provide the probability that Patrick thinks that the electric kettle is expensive.,True,round,10000,10000,electric kettle
Tom,Tom bought a new electric kettle,10001,It cost $10001.,It cost $47.,"A friend asked him, ",Was it expensive?,"Tom said, ", Please provide the probability that Tom thinks that the electric kettle is expensive.,False,sharp,10000,10001,electric kettle
Nathan,Nathan bought a new electric kettle,10001,It cost $10001.,It cost $48.,"A friend asked him, ",Was it expensive?,"Nathan said, ", Please provide the probability that Nathan thinks that the electric kettle is expensive.,False,sharp,10000,10001,electric kettle
Nathan,Nathan bought a new electric kettle,10001,It cost $10001.,It cost $49.,"A friend asked him, ",Was it expensive?,"Nathan said, ", Please provide the probability that Nathan thinks that the electric kettle is expensive.,False,sharp,10000,10001,electric kettle
Ethan,Ethan bought a new electric kettle,10001,It cost $10001.,It cost $50.,"A friend asked him, ",Was it expensive?,"Ethan said, ", Please provide the probability that Ethan thinks that the electric kettle is expensive.,False,sharp,10000,10001,electric kettle
Calvin,Calvin bought a new electric kettle,10001,It cost $10001.,It cost $50.,"A friend asked him, ",Was it expensive?,"Calvin said, ", Please provide the probability that Calvin thinks that the electric kettle is expensive.,False,sharp,10000,10001,electric kettle
Kenneth,Kenneth bought a new electric kettle,10001,It cost $10001.,It cost $51.,"A friend asked him, ",Was it expensive?,"Kenneth said, ", Please provide the probability that Kenneth thinks that the electric kettle is expensive.,False,sharp,10000,10001,electric kettle
Jake,Jake bought a new electric kettle,10001,It cost $10001.,It cost $52.,"A friend asked him, ",Was it expensive?,"Jake said, ", Please provide the probability that Jake thinks that the electric kettle is expensive.,False,sharp,10000,10001,electric kettle
Kenneth,Kenneth bought a new electric kettle,10001,It cost $10001.,It cost $53.,"A friend asked him, ",Was it expensive?,"Kenneth said, ", Please provide the probability that Kenneth thinks that the electric kettle is expensive.,False,sharp,10000,10001,electric kettle
Barry,Barry bought a new electric kettle,10001,It cost $10001.,It cost $497.,"A friend asked him, ",Was it expensive?,"Barry said, ", Please provide the probability that Barry thinks that the electric kettle is expensive.,False,sharp,10000,10001,electric kettle
Fred,Fred bought a new electric kettle,10001,It cost $10001.,It cost $498.,"A friend asked him, ",Was it expensive?,"Fred said, ", Please provide the probability that Fred thinks that the electric kettle is expensive.,False,sharp,10000,10001,electric kettle
Frank,Frank bought a new electric kettle,10001,It cost $10001.,It cost $499.,"A friend asked him, ",Was it expensive?,"Frank said, ", Please provide the probability that Frank thinks that the electric kettle is expensive.,False,sharp,10000,10001,electric kettle
Owen,Owen bought a new electric kettle,10001,It cost $10001.,It cost $500.,"A friend asked him, ",Was it expensive?,"Owen said, ", Please provide the probability that Owen thinks that the electric kettle is expensive.,False,sharp,10000,10001,electric kettle
Quinn,Quinn bought a new electric kettle,10001,It cost $10001.,It cost $500.,"A friend asked him, ",Was it expensive?,"Quinn said, ", Please provide the probability that Quinn thinks that the electric kettle is expensive.,False,sharp,10000,10001,electric kettle
Nathan,Nathan bought a new electric kettle,10001,It cost $10001.,It cost $501.,"A friend asked him, ",Was it expensive?,"Nathan said, ", Please provide the probability that Nathan thinks that the electric kettle is expensive.,False,sharp,10000,10001,electric kettle
Nathan,Nathan bought a new electric kettle,10001,It cost $10001.,It cost $502.,"A friend asked him, ",Was it expensive?,"Nathan said, ", Please provide the probability that Nathan thinks that the electric kettle is expensive.,False,sharp,10000,10001,electric kettle
Calvin,Calvin bought a new electric kettle,10001,It cost $10001.,It cost $503.,"A friend asked him, ",Was it expensive?,"Calvin said, ", Please provide the probability that Calvin thinks that the electric kettle is expensive.,False,sharp,10000,10001,electric kettle
Ivan,Ivan bought a new electric kettle,10001,It cost $10001.,It cost $997.,"A friend asked him, ",Was it expensive?,"Ivan said, ", Please provide the probability that Ivan thinks that the electric kettle is expensive.,False,sharp,10000,10001,electric kettle
Victor,Victor bought a new electric kettle,10001,It cost $10001.,It cost $998.,"A friend asked him, ",Was it expensive?,"Victor said, ", Please provide the probability that Victor thinks that the electric kettle is expensive.,False,sharp,10000,10001,electric kettle
David,David bought a new electric kettle,10001,It cost $10001.,It cost $999.,"A friend asked him, ",Was it expensive?,"David said, ", Please provide the probability that David thinks that the electric kettle is expensive.,False,sharp,10000,10001,electric kettle
Owen,Owen bought a new electric kettle,10001,It cost $10001.,It cost $1000.,"A friend asked him, ",Was it expensive?,"Owen said, ", Please provide the probability that Owen thinks that the electric kettle is expensive.,False,sharp,10000,10001,electric kettle
Alex,Alex bought a new electric kettle,10001,It cost $10001.,It cost $1000.,"A friend asked him, ",Was it expensive?,"Alex said, ", Please provide the probability that Alex thinks that the electric kettle is expensive.,False,sharp,10000,10001,electric kettle
Barry,Barry bought a new electric kettle,10001,It cost $10001.,It cost $1001.,"A friend asked him, ",Was it expensive?,"Barry said, ", Please provide the probability that Barry thinks that the electric kettle is expensive.,False,sharp,10000,10001,electric kettle
Fred,Fred bought a new electric kettle,10001,It cost $10001.,It cost $1002.,"A friend asked him, ",Was it expensive?,"Fred said, ", Please provide the probability that Fred thinks that the electric kettle is expensive.,False,sharp,10000,10001,electric kettle
Quinn,Quinn bought a new electric kettle,10001,It cost $10001.,It cost $1003.,"A friend asked him, ",Was it expensive?,"Quinn said, ", Please provide the probability that Quinn thinks that the electric kettle is expensive.,False,sharp,10000,10001,electric kettle
Owen,Owen bought a new electric kettle,10001,It cost $10001.,It cost $4997.,"A friend asked him, ",Was it expensive?,"Owen said, ", Please provide the probability that Owen thinks that the electric kettle is expensive.,False,sharp,10000,10001,electric kettle
Fred,Fred bought a new electric kettle,10001,It cost $10001.,It cost $4998.,"A friend asked him, ",Was it expensive?,"Fred said, ", Please provide the probability that Fred thinks that the electric kettle is expensive.,False,sharp,10000,10001,electric kettle
George,George bought a new electric kettle,10001,It cost $10001.,It cost $4999.,"A friend asked him, ",Was it expensive?,"George said, ", Please provide the probability that George thinks that the electric kettle is expensive.,False,sharp,10000,10001,electric kettle
David,David bought a new electric kettle,10001,It cost $10001.,It cost $5000.,"A friend asked him, ",Was it expensive?,"David said, ", Please provide the probability that David thinks that the electric kettle is expensive.,False,sharp,10000,10001,electric kettle
Ivan,Ivan bought a new electric kettle,10001,It cost $10001.,It cost $5000.,"A friend asked him, ",Was it expensive?,"Ivan said, ", Please provide the probability that Ivan thinks that the electric kettle is expensive.,False,sharp,10000,10001,electric kettle
Harry,Harry bought a new electric kettle,10001,It cost $10001.,It cost $5001.,"A friend asked him, ",Was it expensive?,"Harry said, ", Please provide the probability that Harry thinks that the electric kettle is expensive.,False,sharp,10000,10001,electric kettle
Eric,Eric bought a new electric kettle,10001,It cost $10001.,It cost $5002.,"A friend asked him, ",Was it expensive?,"Eric said, ", Please provide the probability that Eric thinks that the electric kettle is expensive.,False,sharp,10000,10001,electric kettle
Robert,Robert bought a new electric kettle,10001,It cost $10001.,It cost $5003.,"A friend asked him, ",Was it expensive?,"Robert said, ", Please provide the probability that Robert thinks that the electric kettle is expensive.,False,sharp,10000,10001,electric kettle
David,David bought a new electric kettle,10001,It cost $10001.,It cost $9997.,"A friend asked him, ",Was it expensive?,"David said, ", Please provide the probability that David thinks that the electric kettle is expensive.,False,sharp,10000,10001,electric kettle
Kenneth,Kenneth bought a new electric kettle,10001,It cost $10001.,It cost $9998.,"A friend asked him, ",Was it expensive?,"Kenneth said, ", Please provide the probability that Kenneth thinks that the electric kettle is expensive.,False,sharp,10000,10001,electric kettle
Nathan,Nathan bought a new electric kettle,10001,It cost $10001.,It cost $9999.,"A friend asked him, ",Was it expensive?,"Nathan said, ", Please provide the probability that Nathan thinks that the electric kettle is expensive.,False,sharp,10000,10001,electric kettle
Patrick,Patrick bought a new electric kettle,10001,It cost $10001.,It cost $10000.,"A friend asked him, ",Was it expensive?,"Patrick said, ", Please provide the probability that Patrick thinks that the electric kettle is expensive.,False,sharp,10000,10001,electric kettle
Albert,Albert bought a new electric kettle,10001,It cost $10001.,It cost $10000.,"A friend asked him, ",Was it expensive?,"Albert said, ", Please provide the probability that Albert thinks that the electric kettle is expensive.,False,sharp,10000,10001,electric kettle
Matt,Matt bought a new electric kettle,10001,It cost $10001.,It cost $10001.,"A friend asked him, ",Was it expensive?,"Matt said, ", Please provide the probability that Matt thinks that the electric kettle is expensive.,False,sharp,10000,10001,electric kettle
Frank,Frank bought a new electric kettle,10002,It cost $10002.,It cost $47.,"A friend asked him, ",Was it expensive?,"Frank said, ", Please provide the probability that Frank thinks that the electric kettle is expensive.,False,sharp,10000,10001,electric kettle
Matt,Matt bought a new electric kettle,10002,It cost $10002.,It cost $48.,"A friend asked him, ",Was it expensive?,"Matt said, ", Please provide the probability that Matt thinks that the electric kettle is expensive.,False,sharp,10000,10001,electric kettle
Robert,Robert bought a new electric kettle,10002,It cost $10002.,It cost $49.,"A friend asked him, ",Was it expensive?,"Robert said, ", Please provide the probability that Robert thinks that the electric kettle is expensive.,False,sharp,10000,10001,electric kettle
Luke,Luke bought a new electric kettle,10002,It cost $10002.,It cost $50.,"A friend asked him, ",Was it expensive?,"Luke said, ", Please provide the probability that Luke thinks that the electric kettle is expensive.,False,sharp,10000,10001,electric kettle
Patrick,Patrick bought a new electric kettle,10002,It cost $10002.,It cost $50.,"A friend asked him, ",Was it expensive?,"Patrick said, ", Please provide the probability that Patrick thinks that the electric kettle is expensive.,False,sharp,10000,10001,electric kettle
Steve,Steve bought a new electric kettle,10002,It cost $10002.,It cost $51.,"A friend asked him, ",Was it expensive?,"Steve said, ", Please provide the probability that Steve thinks that the electric kettle is expensive.,False,sharp,10000,10001,electric kettle
Frank,Frank bought a new electric kettle,10002,It cost $10002.,It cost $52.,"A friend asked him, ",Was it expensive?,"Frank said, ", Please provide the probability that Frank thinks that the electric kettle is expensive.,False,sharp,10000,10001,electric kettle
Calvin,Calvin bought a new electric kettle,10002,It cost $10002.,It cost $53.,"A friend asked him, ",Was it expensive?,"Calvin said, ", Please provide the probability that Calvin thinks that the electric kettle is expensive.,False,sharp,10000,10001,electric kettle
Tom,Tom bought a new electric kettle,10002,It cost $10002.,It cost $497.,"A friend asked him, ",Was it expensive?,"Tom said, ", Please provide the probability that Tom thinks that the electric kettle is expensive.,False,sharp,10000,10001,electric kettle
Ivan,Ivan bought a new electric kettle,10002,It cost $10002.,It cost $498.,"A friend asked him, ",Was it expensive?,"Ivan said, ", Please provide the probability that Ivan thinks that the electric kettle is expensive.,False,sharp,10000,10001,electric kettle
George,George bought a new electric kettle,10002,It cost $10002.,It cost $499.,"A friend asked him, ",Was it expensive?,"George said, ", Please provide the probability that George thinks that the electric kettle is expensive.,False,sharp,10000,10001,electric kettle
David,David bought a new electric kettle,10002,It cost $10002.,It cost $500.,"A friend asked him, ",Was it expensive?,"David said, ", Please provide the probability that David thinks that the electric kettle is expensive.,False,sharp,10000,10001,electric kettle
Winston,Winston bought a new electric kettle,10002,It cost $10002.,It cost $500.,"A friend asked him, ",Was it expensive?,"Winston said, ", Please provide the probability that Winston thinks that the electric kettle is expensive.,False,sharp,10000,10001,electric kettle
Alex,Alex bought a new electric kettle,10002,It cost $10002.,It cost $501.,"A friend asked him, ",Was it expensive?,"Alex said, ", Please provide the probability that Alex thinks that the electric kettle is expensive.,False,sharp,10000,10001,electric kettle
Owen,Owen bought a new electric kettle,10002,It cost $10002.,It cost $502.,"A friend asked him, ",Was it expensive?,"Owen said, ", Please provide the probability that Owen thinks that the electric kettle is expensive.,False,sharp,10000,10001,electric kettle
Winston,Winston bought a new electric kettle,10002,It cost $10002.,It cost $503.,"A friend asked him, ",Was it expensive?,"Winston said, ", Please provide the probability that Winston thinks that the electric kettle is expensive.,False,sharp,10000,10001,electric kettle
George,George bought a new electric kettle,10002,It cost $10002.,It cost $997.,"A friend asked him, ",Was it expensive?,"George said, ", Please provide the probability that George thinks that the electric kettle is expensive.,False,sharp,10000,10001,electric kettle
Albert,Albert bought a new electric kettle,10002,It cost $10002.,It cost $998.,"A friend asked him, ",Was it expensive?,"Albert said, ", Please provide the probability that Albert thinks that the electric kettle is expensive.,False,sharp,10000,10001,electric kettle
Daniel,Daniel bought a new electric kettle,10002,It cost $10002.,It cost $999.,"A friend asked him, ",Was it expensive?,"Daniel said, ", Please provide the probability that Daniel thinks that the electric kettle is expensive.,False,sharp,10000,10001,electric kettle
Bob,Bob bought a new electric kettle,10002,It cost $10002.,It cost $1000.,"A friend asked him, ",Was it expensive?,"Bob said, ", Please provide the probability that Bob thinks that the electric kettle is expensive.,False,sharp,10000,10001,electric kettle
Ivan,Ivan bought a new electric kettle,10002,It cost $10002.,It cost $1000.,"A friend asked him, ",Was it expensive?,"Ivan said, ", Please provide the probability that Ivan thinks that the electric kettle is expensive.,False,sharp,10000,10001,electric kettle
Owen,Owen bought a new electric kettle,10002,It cost $10002.,It cost $1001.,"A friend asked him, ",Was it expensive?,"Owen said, ", Please provide the probability that Owen thinks that the electric kettle is expensive.,False,sharp,10000,10001,electric kettle
Calvin,Calvin bought a new electric kettle,10002,It cost $10002.,It cost $1002.,"A friend asked him, ",Was it expensive?,"Calvin said, ", Please provide the probability that Calvin thinks that the electric kettle is expensive.,False,sharp,10000,10001,electric kettle
Ivan,Ivan bought a new electric kettle,10002,It cost $10002.,It cost $1003.,"A friend asked him, ",Was it expensive?,"Ivan said, ", Please provide the probability that Ivan thinks that the electric kettle is expensive.,False,sharp,10000,10001,electric kettle
George,George bought a new electric kettle,10002,It cost $10002.,It cost $4997.,"A friend asked him, ",Was it expensive?,"George said, ", Please provide the probability that George thinks that the electric kettle is expensive.,False,sharp,10000,10001,electric kettle
Gary,Gary bought a new electric kettle,10002,It cost $10002.,It cost $4998.,"A friend asked him, ",Was it expensive?,"Gary said, ", Please provide the probability that Gary thinks that the electric kettle is expensive.,False,sharp,10000,10001,electric kettle
Quinn,Quinn bought a new electric kettle,10002,It cost $10002.,It cost $4999.,"A friend asked him, ",Was it expensive?,"Quinn said, ", Please provide the probability that Quinn thinks that the electric kettle is expensive.,False,sharp,10000,10001,electric kettle
Daniel,Daniel bought a new electric kettle,10002,It cost $10002.,It cost $5000.,"A friend asked him, ",Was it expensive?,"Daniel said, ", Please provide the probability that Daniel thinks that the electric kettle is expensive.,False,sharp,10000,10001,electric kettle
Frank,Frank bought a new electric kettle,10002,It cost $10002.,It cost $5000.,"A friend asked him, ",Was it expensive?,"Frank said, ", Please provide the probability that Frank thinks that the electric kettle is expensive.,False,sharp,10000,10001,electric kettle
George,George bought a new electric kettle,10002,It cost $10002.,It cost $5001.,"A friend asked him, ",Was it expensive?,"George said, ", Please provide the probability that George thinks that the electric kettle is expensive.,False,sharp,10000,10001,electric kettle
Nathan,Nathan bought a new electric kettle,10002,It cost $10002.,It cost $5002.,"A friend asked him, ",Was it expensive?,"Nathan said, ", Please provide the probability that Nathan thinks that the electric kettle is expensive.,False,sharp,10000,10001,electric kettle
Bob,Bob bought a new electric kettle,10002,It cost $10002.,It cost $5003.,"A friend asked him, ",Was it expensive?,"Bob said, ", Please provide the probability that Bob thinks that the electric kettle is expensive.,False,sharp,10000,10001,electric kettle
Gary,Gary bought a new electric kettle,10002,It cost $10002.,It cost $9997.,"A friend asked him, ",Was it expensive?,"Gary said, ", Please provide the probability that Gary thinks that the electric kettle is expensive.,False,sharp,10000,10001,electric kettle
Steve,Steve bought a new electric kettle,10002,It cost $10002.,It cost $9998.,"A friend asked him, ",Was it expensive?,"Steve said, ", Please provide the probability that Steve thinks that the electric kettle is expensive.,False,sharp,10000,10001,electric kettle
Tom,Tom bought a new electric kettle,10002,It cost $10002.,It cost $9999.,"A friend asked him, ",Was it expensive?,"Tom said, ", Please provide the probability that Tom thinks that the electric kettle is expensive.,False,sharp,10000,10001,electric kettle
Ethan,Ethan bought a new electric kettle,10002,It cost $10002.,It cost $10000.,"A friend asked him, ",Was it expensive?,"Ethan said, ", Please provide the probability that Ethan thinks that the electric kettle is expensive.,False,sharp,10000,10001,electric kettle
Patrick,Patrick bought a new electric kettle,10002,It cost $10002.,It cost $10000.,"A friend asked him, ",Was it expensive?,"Patrick said, ", Please provide the probability that Patrick thinks that the electric kettle is expensive.,False,sharp,10000,10001,electric kettle
Tom,Tom bought a new electric kettle,10002,It cost $10002.,It cost $10001.,"A friend asked him, ",Was it expensive?,"Tom said, ", Please provide the probability that Tom thinks that the electric kettle is expensive.,False,sharp,10000,10001,electric kettle
Nathan,Nathan bought a new electric kettle,10002,It cost $10002.,It cost $10002.,"A friend asked him, ",Was it expensive?,"Nathan said, ", Please provide the probability that Nathan thinks that the electric kettle is expensive.,False,sharp,10000,10001,electric kettle
Harry,Harry bought a new electric kettle,10003,It cost $10003.,It cost $47.,"A friend asked him, ",Was it expensive?,"Harry said, ", Please provide the probability that Harry thinks that the electric kettle is expensive.,False,sharp,10000,10001,electric kettle
Calvin,Calvin bought a new electric kettle,10003,It cost $10003.,It cost $48.,"A friend asked him, ",Was it expensive?,"Calvin said, ", Please provide the probability that Calvin thinks that the electric kettle is expensive.,False,sharp,10000,10001,electric kettle
Bob,Bob bought a new electric kettle,10003,It cost $10003.,It cost $49.,"A friend asked him, ",Was it expensive?,"Bob said, ", Please provide the probability that Bob thinks that the electric kettle is expensive.,False,sharp,10000,10001,electric kettle
Frank,Frank bought a new electric kettle,10003,It cost $10003.,It cost $50.,"A friend asked him, ",Was it expensive?,"Frank said, ", Please provide the probability that Frank thinks that the electric kettle is expensive.,False,sharp,10000,10001,electric kettle
Victor,Victor bought a new electric kettle,10003,It cost $10003.,It cost $50.,"A friend asked him, ",Was it expensive?,"Victor said, ", Please provide the probability that Victor thinks that the electric kettle is expensive.,False,sharp,10000,10001,electric kettle
Eric,Eric bought a new electric kettle,10003,It cost $10003.,It cost $51.,"A friend asked him, ",Was it expensive?,"Eric said, ", Please provide the probability that Eric thinks that the electric kettle is expensive.,False,sharp,10000,10001,electric kettle
Nathan,Nathan bought a new electric kettle,10003,It cost $10003.,It cost $52.,"A friend asked him, ",Was it expensive?,"Nathan said, ", Please provide the probability that Nathan thinks that the electric kettle is expensive.,False,sharp,10000,10001,electric kettle
George,George bought a new electric kettle,10003,It cost $10003.,It cost $53.,"A friend asked him, ",Was it expensive?,"George said, ", Please provide the probability that George thinks that the electric kettle is expensive.,False,sharp,10000,10001,electric kettle
Ivan,Ivan bought a new electric kettle,10003,It cost $10003.,It cost $497.,"A friend asked him, ",Was it expensive?,"Ivan said, ", Please provide the probability that Ivan thinks that the electric kettle is expensive.,False,sharp,10000,10001,electric kettle
Albert,Albert bought a new electric kettle,10003,It cost $10003.,It cost $498.,"A friend asked him, ",Was it expensive?,"Albert said, ", Please provide the probability that Albert thinks that the electric kettle is expensive.,False,sharp,10000,10001,electric kettle
Ivan,Ivan bought a new electric kettle,10003,It cost $10003.,It cost $499.,"A friend asked him, ",Was it expensive?,"Ivan said, ", Please provide the probability that Ivan thinks that the electric kettle is expensive.,False,sharp,10000,10001,electric kettle
Ivan,Ivan bought a new electric kettle,10003,It cost $10003.,It cost $500.,"A friend asked him, ",Was it expensive?,"Ivan said, ", Please provide the probability that Ivan thinks that the electric kettle is expensive.,False,sharp,10000,10001,electric kettle
Steve,Steve bought a new electric kettle,10003,It cost $10003.,It cost $500.,"A friend asked him, ",Was it expensive?,"Steve said, ", Please provide the probability that Steve thinks that the electric kettle is expensive.,False,sharp,10000,10001,electric kettle
Albert,Albert bought a new electric kettle,10003,It cost $10003.,It cost $501.,"A friend asked him, ",Was it expensive?,"Albert said, ", Please provide the probability that Albert thinks that the electric kettle is expensive.,False,sharp,10000,10001,electric kettle
Matt,Matt bought a new electric kettle,10003,It cost $10003.,It cost $502.,"A friend asked him, ",Was it expensive?,"Matt said, ", Please provide the probability that Matt thinks that the electric kettle is expensive.,False,sharp,10000,10001,electric kettle
Calvin,Calvin bought a new electric kettle,10003,It cost $10003.,It cost $503.,"A friend asked him, ",Was it expensive?,"Calvin said, ", Please provide the probability that Calvin thinks that the electric kettle is expensive.,False,sharp,10000,10001,electric kettle
Frank,Frank bought a new electric kettle,10003,It cost $10003.,It cost $997.,"A friend asked him, ",Was it expensive?,"Frank said, ", Please provide the probability that Frank thinks that the electric kettle is expensive.,False,sharp,10000,10001,electric kettle
Nathan,Nathan bought a new electric kettle,10003,It cost $10003.,It cost $998.,"A friend asked him, ",Was it expensive?,"Nathan said, ", Please provide the probability that Nathan thinks that the electric kettle is expensive.,False,sharp,10000,10001,electric kettle
Steve,Steve bought a new electric kettle,10003,It cost $10003.,It cost $999.,"A friend asked him, ",Was it expensive?,"Steve said, ", Please provide the probability that Steve thinks that the electric kettle is expensive.,False,sharp,10000,10001,electric kettle
Zach,Zach bought a new electric kettle,10003,It cost $10003.,It cost $1000.,"A friend asked him, ",Was it expensive?,"Zach said, ", Please provide the probability that Zach thinks that the electric kettle is expensive.,False,sharp,10000,10001,electric kettle
Gary,Gary bought a new electric kettle,10003,It cost $10003.,It cost $1000.,"A friend asked him, ",Was it expensive?,"Gary said, ", Please provide the probability that Gary thinks that the electric kettle is expensive.,False,sharp,10000,10001,electric kettle
Patrick,Patrick bought a new electric kettle,10003,It cost $10003.,It cost $1001.,"A friend asked him, ",Was it expensive?,"Patrick said, ", Please provide the probability that Patrick thinks that the electric kettle is expensive.,False,sharp,10000,10001,electric kettle
Jake,Jake bought a new electric kettle,10003,It cost $10003.,It cost $1002.,"A friend asked him, ",Was it expensive?,"Jake said, ", Please provide the probability that Jake thinks that the electric kettle is expensive.,False,sharp,10000,10001,electric kettle
Zach,Zach bought a new electric kettle,10003,It cost $10003.,It cost $1003.,"A friend asked him, ",Was it expensive?,"Zach said, ", Please provide the probability that Zach thinks that the electric kettle is expensive.,False,sharp,10000,10001,electric kettle
Quinn,Quinn bought a new electric kettle,10003,It cost $10003.,It cost $4997.,"A friend asked him, ",Was it expensive?,"Quinn said, ", Please provide the probability that Quinn thinks that the electric kettle is expensive.,False,sharp,10000,10001,electric kettle
Eric,Eric bought a new electric kettle,10003,It cost $10003.,It cost $4998.,"A friend asked him, ",Was it expensive?,"Eric said, ", Please provide the probability that Eric thinks that the electric kettle is expensive.,False,sharp,10000,10001,electric kettle
Victor,Victor bought a new electric kettle,10003,It cost $10003.,It cost $4999.,"A friend asked him, ",Was it expensive?,"Victor said, ", Please provide the probability that Victor thinks that the electric kettle is expensive.,False,sharp,10000,10001,electric kettle
Harry,Harry bought a new electric kettle,10003,It cost $10003.,It cost $5000.,"A friend asked him, ",Was it expensive?,"Harry said, ", Please provide the probability that Harry thinks that the electric kettle is expensive.,False,sharp,10000,10001,electric kettle
Quinn,Quinn bought a new electric kettle,10003,It cost $10003.,It cost $5000.,"A friend asked him, ",Was it expensive?,"Quinn said, ", Please provide the probability that Quinn thinks that the electric kettle is expensive.,False,sharp,10000,10001,electric kettle
Quinn,Quinn bought a new electric kettle,10003,It cost $10003.,It cost $5001.,"A friend asked him, ",Was it expensive?,"Quinn said, ", Please provide the probability that Quinn thinks that the electric kettle is expensive.,False,sharp,10000,10001,electric kettle
Steve,Steve bought a new electric kettle,10003,It cost $10003.,It cost $5002.,"A friend asked him, ",Was it expensive?,"Steve said, ", Please provide the probability that Steve thinks that the electric kettle is expensive.,False,sharp,10000,10001,electric kettle
Bob,Bob bought a new electric kettle,10003,It cost $10003.,It cost $5003.,"A friend asked him, ",Was it expensive?,"Bob said, ", Please provide the probability that Bob thinks that the electric kettle is expensive.,False,sharp,10000,10001,electric kettle
Steve,Steve bought a new electric kettle,10003,It cost $10003.,It cost $9997.,"A friend asked him, ",Was it expensive?,"Steve said, ", Please provide the probability that Steve thinks that the electric kettle is expensive.,False,sharp,10000,10001,electric kettle
Charles,Charles bought a new electric kettle,10003,It cost $10003.,It cost $9998.,"A friend asked him, ",Was it expensive?,"Charles said, ", Please provide the probability that Charles thinks that the electric kettle is expensive.,False,sharp,10000,10001,electric kettle
Gary,Gary bought a new electric kettle,10003,It cost $10003.,It cost $9999.,"A friend asked him, ",Was it expensive?,"Gary said, ", Please provide the probability that Gary thinks that the electric kettle is expensive.,False,sharp,10000,10001,electric kettle
Eric,Eric bought a new electric kettle,10003,It cost $10003.,It cost $10000.,"A friend asked him, ",Was it expensive?,"Eric said, ", Please provide the probability that Eric thinks that the electric kettle is expensive.,False,sharp,10000,10001,electric kettle
Patrick,Patrick bought a new electric kettle,10003,It cost $10003.,It cost $10000.,"A friend asked him, ",Was it expensive?,"Patrick said, ", Please provide the probability that Patrick thinks that the electric kettle is expensive.,False,sharp,10000,10001,electric kettle
Quinn,Quinn bought a new electric kettle,10003,It cost $10003.,It cost $10001.,"A friend asked him, ",Was it expensive?,"Quinn said, ", Please provide the probability that Quinn thinks that the electric kettle is expensive.,False,sharp,10000,10001,electric kettle
Nathan,Nathan bought a new electric kettle,10003,It cost $10003.,It cost $10002.,"A friend asked him, ",Was it expensive?,"Nathan said, ", Please provide the probability that Nathan thinks that the electric kettle is expensive.,False,sharp,10000,10001,electric kettle
Zach,Zach bought a new electric kettle,10003,It cost $10003.,It cost $10003.,"A friend asked him, ",Was it expensive?,"Zach said, ", Please provide the probability that Zach thinks that the electric kettle is expensive.,False,sharp,10000,10001,electric kettle
Eric,Eric bought a new watch,47,It cost $47.,It cost $47.,"A friend asked him, ",Was it expensive?,"Eric said, ", Please provide the probability that Eric thinks that the watch is expensive.,False,sharp,50,51,watch
Owen,Owen bought a new watch,48,It cost $48.,It cost $47.,"A friend asked him, ",Was it expensive?,"Owen said, ", Please provide the probability that Owen thinks that the watch is expensive.,False,sharp,50,51,watch
Fred,Fred bought a new watch,48,It cost $48.,It cost $48.,"A friend asked him, ",Was it expensive?,"Fred said, ", Please provide the probability that Fred thinks that the watch is expensive.,False,sharp,50,51,watch
Winston,Winston bought a new watch,49,It cost $49.,It cost $47.,"A friend asked him, ",Was it expensive?,"Winston said, ", Please provide the probability that Winston thinks that the watch is expensive.,True,sharp,50,51,watch
Owen,Owen bought a new watch,49,It cost $49.,It cost $48.,"A friend asked him, ",Was it expensive?,"Owen said, ", Please provide the probability that Owen thinks that the watch is expensive.,True,sharp,50,51,watch
David,David bought a new watch,49,It cost $49.,It cost $49.,"A friend asked him, ",Was it expensive?,"David said, ", Please provide the probability that David thinks that the watch is expensive.,True,sharp,50,51,watch
Patrick,Patrick bought a new watch,50,It cost $50.,It cost $47.,"A friend asked him, ",Was it expensive?,"Patrick said, ", Please provide the probability that Patrick thinks that the watch is expensive.,True,round,50,50,watch
Steve,Steve bought a new watch,50,It cost $50.,It cost $48.,"A friend asked him, ",Was it expensive?,"Steve said, ", Please provide the probability that Steve thinks that the watch is expensive.,True,round,50,50,watch
Tom,Tom bought a new watch,50,It cost $50.,It cost $49.,"A friend asked him, ",Was it expensive?,"Tom said, ", Please provide the probability that Tom thinks that the watch is expensive.,True,round,50,50,watch
George,George bought a new watch,50,It cost $50.,It cost $50.,"A friend asked him, ",Was it expensive?,"George said, ", Please provide the probability that George thinks that the watch is expensive.,True,round,50,50,watch
Luke,Luke bought a new watch,50,It cost $50.,It cost $50.,"A friend asked him, ",Was it expensive?,"Luke said, ", Please provide the probability that Luke thinks that the watch is expensive.,True,round,50,50,watch
Charles,Charles bought a new watch,50,It cost $50.,It cost $47.,"A friend asked him, ",Was it expensive?,"Charles said, ", Please provide the probability that Charles thinks that the watch is expensive.,True,round,50,50,watch
Patrick,Patrick bought a new watch,50,It cost $50.,It cost $48.,"A friend asked him, ",Was it expensive?,"Patrick said, ", Please provide the probability that Patrick thinks that the watch is expensive.,True,round,50,50,watch
Ivan,Ivan bought a new watch,50,It cost $50.,It cost $49.,"A friend asked him, ",Was it expensive?,"Ivan said, ", Please provide the probability that Ivan thinks that the watch is expensive.,True,round,50,50,watch
Nathan,Nathan bought a new watch,50,It cost $50.,It cost $50.,"A friend asked him, ",Was it expensive?,"Nathan said, ", Please provide the probability that Nathan thinks that the watch is expensive.,True,round,50,50,watch
Albert,Albert bought a new watch,50,It cost $50.,It cost $50.,"A friend asked him, ",Was it expensive?,"Albert said, ", Please provide the probability that Albert thinks that the watch is expensive.,True,round,50,50,watch
Steve,Steve bought a new watch,51,It cost $51.,It cost $47.,"A friend asked him, ",Was it expensive?,"Steve said, ", Please provide the probability that Steve thinks that the watch is expensive.,False,sharp,50,51,watch
Patrick,Patrick bought a new watch,51,It cost $51.,It cost $48.,"A friend asked him, ",Was it expensive?,"Patrick said, ", Please provide the probability that Patrick thinks that the watch is expensive.,False,sharp,50,51,watch
Matt,Matt bought a new watch,51,It cost $51.,It cost $49.,"A friend asked him, ",Was it expensive?,"Matt said, ", Please provide the probability that Matt thinks that the watch is expensive.,False,sharp,50,51,watch
Alex,Alex bought a new watch,51,It cost $51.,It cost $50.,"A friend asked him, ",Was it expensive?,"Alex said, ", Please provide the probability that Alex thinks that the watch is expensive.,False,sharp,50,51,watch
Ethan,Ethan bought a new watch,51,It cost $51.,It cost $50.,"A friend asked him, ",Was it expensive?,"Ethan said, ", Please provide the probability that Ethan thinks that the watch is expensive.,False,sharp,50,51,watch
David,David bought a new watch,51,It cost $51.,It cost $51.,"A friend asked him, ",Was it expensive?,"David said, ", Please provide the probability that David thinks that the watch is expensive.,False,sharp,50,51,watch
Daniel,Daniel bought a new watch,52,It cost $52.,It cost $47.,"A friend asked him, ",Was it expensive?,"Daniel said, ", Please provide the probability that Daniel thinks that the watch is expensive.,False,sharp,50,51,watch
Frank,Frank bought a new watch,52,It cost $52.,It cost $48.,"A friend asked him, ",Was it expensive?,"Frank said, ", Please provide the probability that Frank thinks that the watch is expensive.,False,sharp,50,51,watch
Bob,Bob bought a new watch,52,It cost $52.,It cost $49.,"A friend asked him, ",Was it expensive?,"Bob said, ", Please provide the probability that Bob thinks that the watch is expensive.,False,sharp,50,51,watch
Quinn,Quinn bought a new watch,52,It cost $52.,It cost $50.,"A friend asked him, ",Was it expensive?,"Quinn said, ", Please provide the probability that Quinn thinks that the watch is expensive.,False,sharp,50,51,watch
Alex,Alex bought a new watch,52,It cost $52.,It cost $50.,"A friend asked him, ",Was it expensive?,"Alex said, ", Please provide the probability that Alex thinks that the watch is expensive.,False,sharp,50,51,watch
Kenneth,Kenneth bought a new watch,52,It cost $52.,It cost $51.,"A friend asked him, ",Was it expensive?,"Kenneth said, ", Please provide the probability that Kenneth thinks that the watch is expensive.,False,sharp,50,51,watch
Robert,Robert bought a new watch,52,It cost $52.,It cost $52.,"A friend asked him, ",Was it expensive?,"Robert said, ", Please provide the probability that Robert thinks that the watch is expensive.,False,sharp,50,51,watch
Tom,Tom bought a new watch,53,It cost $53.,It cost $47.,"A friend asked him, ",Was it expensive?,"Tom said, ", Please provide the probability that Tom thinks that the watch is expensive.,False,sharp,50,51,watch
Daniel,Daniel bought a new watch,53,It cost $53.,It cost $48.,"A friend asked him, ",Was it expensive?,"Daniel said, ", Please provide the probability that Daniel thinks that the watch is expensive.,False,sharp,50,51,watch
Quinn,Quinn bought a new watch,53,It cost $53.,It cost $49.,"A friend asked him, ",Was it expensive?,"Quinn said, ", Please provide the probability that Quinn thinks that the watch is expensive.,False,sharp,50,51,watch
Tom,Tom bought a new watch,53,It cost $53.,It cost $50.,"A friend asked him, ",Was it expensive?,"Tom said, ", Please provide the probability that Tom thinks that the watch is expensive.,False,sharp,50,51,watch
David,David bought a new watch,53,It cost $53.,It cost $50.,"A friend asked him, ",Was it expensive?,"David said, ", Please provide the probability that David thinks that the watch is expensive.,False,sharp,50,51,watch
Ethan,Ethan bought a new watch,53,It cost $53.,It cost $51.,"A friend asked him, ",Was it expensive?,"Ethan said, ", Please provide the probability that Ethan thinks that the watch is expensive.,False,sharp,50,51,watch
Jake,Jake bought a new watch,53,It cost $53.,It cost $52.,"A friend asked him, ",Was it expensive?,"Jake said, ", Please provide the probability that Jake thinks that the watch is expensive.,False,sharp,50,51,watch
Fred,Fred bought a new watch,53,It cost $53.,It cost $53.,"A friend asked him, ",Was it expensive?,"Fred said, ", Please provide the probability that Fred thinks that the watch is expensive.,False,sharp,50,51,watch
Nathan,Nathan bought a new watch,497,It cost $497.,It cost $47.,"A friend asked him, ",Was it expensive?,"Nathan said, ", Please provide the probability that Nathan thinks that the watch is expensive.,False,sharp,500,501,watch
Matt,Matt bought a new watch,497,It cost $497.,It cost $48.,"A friend asked him, ",Was it expensive?,"Matt said, ", Please provide the probability that Matt thinks that the watch is expensive.,False,sharp,500,501,watch
Calvin,Calvin bought a new watch,497,It cost $497.,It cost $49.,"A friend asked him, ",Was it expensive?,"Calvin said, ", Please provide the probability that Calvin thinks that the watch is expensive.,False,sharp,500,501,watch
Winston,Winston bought a new watch,497,It cost $497.,It cost $50.,"A friend asked him, ",Was it expensive?,"Winston said, ", Please provide the probability that Winston thinks that the watch is expensive.,False,sharp,500,501,watch
Ethan,Ethan bought a new watch,497,It cost $497.,It cost $50.,"A friend asked him, ",Was it expensive?,"Ethan said, ", Please provide the probability that Ethan thinks that the watch is expensive.,False,sharp,500,501,watch
Calvin,Calvin bought a new watch,497,It cost $497.,It cost $51.,"A friend asked him, ",Was it expensive?,"Calvin said, ", Please provide the probability that Calvin thinks that the watch is expensive.,False,sharp,500,501,watch
Victor,Victor bought a new watch,497,It cost $497.,It cost $52.,"A friend asked him, ",Was it expensive?,"Victor said, ", Please provide the probability that Victor thinks that the watch is expensive.,False,sharp,500,501,watch
Barry,Barry bought a new watch,497,It cost $497.,It cost $53.,"A friend asked him, ",Was it expensive?,"Barry said, ", Please provide the probability that Barry thinks that the watch is expensive.,False,sharp,500,501,watch
Harry,Harry bought a new watch,497,It cost $497.,It cost $497.,"A friend asked him, ",Was it expensive?,"Harry said, ", Please provide the probability that Harry thinks that the watch is expensive.,False,sharp,500,501,watch
Robert,Robert bought a new watch,498,It cost $498.,It cost $47.,"A friend asked him, ",Was it expensive?,"Robert said, ", Please provide the probability that Robert thinks that the watch is expensive.,False,sharp,500,501,watch
Zach,Zach bought a new watch,498,It cost $498.,It cost $48.,"A friend asked him, ",Was it expensive?,"Zach said, ", Please provide the probability that Zach thinks that the watch is expensive.,False,sharp,500,501,watch
Tom,Tom bought a new watch,498,It cost $498.,It cost $49.,"A friend asked him, ",Was it expensive?,"Tom said, ", Please provide the probability that Tom thinks that the watch is expensive.,False,sharp,500,501,watch
Charles,Charles bought a new watch,498,It cost $498.,It cost $50.,"A friend asked him, ",Was it expensive?,"Charles said, ", Please provide the probability that Charles thinks that the watch is expensive.,False,sharp,500,501,watch
Calvin,Calvin bought a new watch,498,It cost $498.,It cost $50.,"A friend asked him, ",Was it expensive?,"Calvin said, ", Please provide the probability that Calvin thinks that the watch is expensive.,False,sharp,500,501,watch
David,David bought a new watch,498,It cost $498.,It cost $51.,"A friend asked him, ",Was it expensive?,"David said, ", Please provide the probability that David thinks that the watch is expensive.,False,sharp,500,501,watch
Robert,Robert bought a new watch,498,It cost $498.,It cost $52.,"A friend asked him, ",Was it expensive?,"Robert said, ", Please provide the probability that Robert thinks that the watch is expensive.,False,sharp,500,501,watch
Ivan,Ivan bought a new watch,498,It cost $498.,It cost $53.,"A friend asked him, ",Was it expensive?,"Ivan said, ", Please provide the probability that Ivan thinks that the watch is expensive.,False,sharp,500,501,watch
Ethan,Ethan bought a new watch,498,It cost $498.,It cost $497.,"A friend asked him, ",Was it expensive?,"Ethan said, ", Please provide the probability that Ethan thinks that the watch is expensive.,False,sharp,500,501,watch
Nathan,Nathan bought a new watch,498,It cost $498.,It cost $498.,"A friend asked him, ",Was it expensive?,"Nathan said, ", Please provide the probability that Nathan thinks that the watch is expensive.,False,sharp,500,501,watch
Luke,Luke bought a new watch,499,It cost $499.,It cost $47.,"A friend asked him, ",Was it expensive?,"Luke said, ", Please provide the probability that Luke thinks that the watch is expensive.,True,sharp,500,501,watch
Matt,Matt bought a new watch,499,It cost $499.,It cost $48.,"A friend asked him, ",Was it expensive?,"Matt said, ", Please provide the probability that Matt thinks that the watch is expensive.,True,sharp,500,501,watch
Quinn,Quinn bought a new watch,499,It cost $499.,It cost $49.,"A friend asked him, ",Was it expensive?,"Quinn said, ", Please provide the probability that Quinn thinks that the watch is expensive.,True,sharp,500,501,watch
Eric,Eric bought a new watch,499,It cost $499.,It cost $50.,"A friend asked him, ",Was it expensive?,"Eric said, ", Please provide the probability that Eric thinks that the watch is expensive.,True,sharp,500,501,watch
George,George bought a new watch,499,It cost $499.,It cost $50.,"A friend asked him, ",Was it expensive?,"George said, ", Please provide the probability that George thinks that the watch is expensive.,True,sharp,500,501,watch
Gary,Gary bought a new watch,499,It cost $499.,It cost $51.,"A friend asked him, ",Was it expensive?,"Gary said, ", Please provide the probability that Gary thinks that the watch is expensive.,True,sharp,500,501,watch
Nathan,Nathan bought a new watch,499,It cost $499.,It cost $52.,"A friend asked him, ",Was it expensive?,"Nathan said, ", Please provide the probability that Nathan thinks that the watch is expensive.,True,sharp,500,501,watch
Alex,Alex bought a new watch,499,It cost $499.,It cost $53.,"A friend asked him, ",Was it expensive?,"Alex said, ", Please provide the probability that Alex thinks that the watch is expensive.,True,sharp,500,501,watch
Bob,Bob bought a new watch,499,It cost $499.,It cost $497.,"A friend asked him, ",Was it expensive?,"Bob said, ", Please provide the probability that Bob thinks that the watch is expensive.,True,sharp,500,501,watch
David,David bought a new watch,499,It cost $499.,It cost $498.,"A friend asked him, ",Was it expensive?,"David said, ", Please provide the probability that David thinks that the watch is expensive.,True,sharp,500,501,watch
Charles,Charles bought a new watch,499,It cost $499.,It cost $499.,"A friend asked him, ",Was it expensive?,"Charles said, ", Please provide the probability that Charles thinks that the watch is expensive.,True,sharp,500,501,watch
Tom,Tom bought a new watch,500,It cost $500.,It cost $47.,"A friend asked him, ",Was it expensive?,"Tom said, ", Please provide the probability that Tom thinks that the watch is expensive.,True,round,500,500,watch
Victor,Victor bought a new watch,500,It cost $500.,It cost $48.,"A friend asked him, ",Was it expensive?,"Victor said, ", Please provide the probability that Victor thinks that the watch is expensive.,True,round,500,500,watch
Frank,Frank bought a new watch,500,It cost $500.,It cost $49.,"A friend asked him, ",Was it expensive?,"Frank said, ", Please provide the probability that Frank thinks that the watch is expensive.,True,round,500,500,watch
Matt,Matt bought a new watch,500,It cost $500.,It cost $50.,"A friend asked him, ",Was it expensive?,"Matt said, ", Please provide the probability that Matt thinks that the watch is expensive.,True,round,500,500,watch
Luke,Luke bought a new watch,500,It cost $500.,It cost $50.,"A friend asked him, ",Was it expensive?,"Luke said, ", Please provide the probability that Luke thinks that the watch is expensive.,True,round,500,500,watch
Frank,Frank bought a new watch,500,It cost $500.,It cost $51.,"A friend asked him, ",Was it expensive?,"Frank said, ", Please provide the probability that Frank thinks that the watch is expensive.,True,round,500,500,watch
Robert,Robert bought a new watch,500,It cost $500.,It cost $52.,"A friend asked him, ",Was it expensive?,"Robert said, ", Please provide the probability that Robert thinks that the watch is expensive.,True,round,500,500,watch
Alex,Alex bought a new watch,500,It cost $500.,It cost $53.,"A friend asked him, ",Was it expensive?,"Alex said, ", Please provide the probability that Alex thinks that the watch is expensive.,True,round,500,500,watch
Robert,Robert bought a new watch,500,It cost $500.,It cost $497.,"A friend asked him, ",Was it expensive?,"Robert said, ", Please provide the probability that Robert thinks that the watch is expensive.,True,round,500,500,watch
Tom,Tom bought a new watch,500,It cost $500.,It cost $498.,"A friend asked him, ",Was it expensive?,"Tom said, ", Please provide the probability that Tom thinks that the watch is expensive.,True,round,500,500,watch
Bob,Bob bought a new watch,500,It cost $500.,It cost $499.,"A friend asked him, ",Was it expensive?,"Bob said, ", Please provide the probability that Bob thinks that the watch is expensive.,True,round,500,500,watch
Tom,Tom bought a new watch,500,It cost $500.,It cost $500.,"A friend asked him, ",Was it expensive?,"Tom said, ", Please provide the probability that Tom thinks that the watch is expensive.,True,round,500,500,watch
Fred,Fred bought a new watch,500,It cost $500.,It cost $500.,"A friend asked him, ",Was it expensive?,"Fred said, ", Please provide the probability that Fred thinks that the watch is expensive.,True,round,500,500,watch
Jake,Jake bought a new watch,500,It cost $500.,It cost $47.,"A friend asked him, ",Was it expensive?,"Jake said, ", Please provide the probability that Jake thinks that the watch is expensive.,True,round,500,500,watch
Calvin,Calvin bought a new watch,500,It cost $500.,It cost $48.,"A friend asked him, ",Was it expensive?,"Calvin said, ", Please provide the probability that Calvin thinks that the watch is expensive.,True,round,500,500,watch
Albert,Albert bought a new watch,500,It cost $500.,It cost $49.,"A friend asked him, ",Was it expensive?,"Albert said, ", Please provide the probability that Albert thinks that the watch is expensive.,True,round,500,500,watch
Bob,Bob bought a new watch,500,It cost $500.,It cost $50.,"A friend asked him, ",Was it expensive?,"Bob said, ", Please provide the probability that Bob thinks that the watch is expensive.,True,round,500,500,watch
Zach,Zach bought a new watch,500,It cost $500.,It cost $50.,"A friend asked him, ",Was it expensive?,"Zach said, ", Please provide the probability that Zach thinks that the watch is expensive.,True,round,500,500,watch
Steve,Steve bought a new watch,500,It cost $500.,It cost $51.,"A friend asked him, ",Was it expensive?,"Steve said, ", Please provide the probability that Steve thinks that the watch is expensive.,True,round,500,500,watch
Gary,Gary bought a new watch,500,It cost $500.,It cost $52.,"A friend asked him, ",Was it expensive?,"Gary said, ", Please provide the probability that Gary thinks that the watch is expensive.,True,round,500,500,watch
Charles,Charles bought a new watch,500,It cost $500.,It cost $53.,"A friend asked him, ",Was it expensive?,"Charles said, ", Please provide the probability that Charles thinks that the watch is expensive.,True,round,500,500,watch
Zach,Zach bought a new watch,500,It cost $500.,It cost $497.,"A friend asked him, ",Was it expensive?,"Zach said, ", Please provide the probability that Zach thinks that the watch is expensive.,True,round,500,500,watch
Kenneth,Kenneth bought a new watch,500,It cost $500.,It cost $498.,"A friend asked him, ",Was it expensive?,"Kenneth said, ", Please provide the probability that Kenneth thinks that the watch is expensive.,True,round,500,500,watch
Frank,Frank bought a new watch,500,It cost $500.,It cost $499.,"A friend asked him, ",Was it expensive?,"Frank said, ", Please provide the probability that Frank thinks that the watch is expensive.,True,round,500,500,watch
Steve,Steve bought a new watch,500,It cost $500.,It cost $500.,"A friend asked him, ",Was it expensive?,"Steve said, ", Please provide the probability that Steve thinks that the watch is expensive.,True,round,500,500,watch
Eric,Eric bought a new watch,500,It cost $500.,It cost $500.,"A friend asked him, ",Was it expensive?,"Eric said, ", Please provide the probability that Eric thinks that the watch is expensive.,True,round,500,500,watch
Nathan,Nathan bought a new watch,501,It cost $501.,It cost $47.,"A friend asked him, ",Was it expensive?,"Nathan said, ", Please provide the probability that Nathan thinks that the watch is expensive.,False,sharp,500,501,watch
Fred,Fred bought a new watch,501,It cost $501.,It cost $48.,"A friend asked him, ",Was it expensive?,"Fred said, ", Please provide the probability that Fred thinks that the watch is expensive.,False,sharp,500,501,watch
Fred,Fred bought a new watch,501,It cost $501.,It cost $49.,"A friend asked him, ",Was it expensive?,"Fred said, ", Please provide the probability that Fred thinks that the watch is expensive.,False,sharp,500,501,watch
Calvin,Calvin bought a new watch,501,It cost $501.,It cost $50.,"A friend asked him, ",Was it expensive?,"Calvin said, ", Please provide the probability that Calvin thinks that the watch is expensive.,False,sharp,500,501,watch
Luke,Luke bought a new watch,501,It cost $501.,It cost $50.,"A friend asked him, ",Was it expensive?,"Luke said, ", Please provide the probability that Luke thinks that the watch is expensive.,False,sharp,500,501,watch
Bob,Bob bought a new watch,501,It cost $501.,It cost $51.,"A friend asked him, ",Was it expensive?,"Bob said, ", Please provide the probability that Bob thinks that the watch is expensive.,False,sharp,500,501,watch
Alex,Alex bought a new watch,501,It cost $501.,It cost $52.,"A friend asked him, ",Was it expensive?,"Alex said, ", Please provide the probability that Alex thinks that the watch is expensive.,False,sharp,500,501,watch
Bob,Bob bought a new watch,501,It cost $501.,It cost $53.,"A friend asked him, ",Was it expensive?,"Bob said, ", Please provide the probability that Bob thinks that the watch is expensive.,False,sharp,500,501,watch
Owen,Owen bought a new watch,501,It cost $501.,It cost $497.,"A friend asked him, ",Was it expensive?,"Owen said, ", Please provide the probability that Owen thinks that the watch is expensive.,False,sharp,500,501,watch
Albert,Albert bought a new watch,501,It cost $501.,It cost $498.,"A friend asked him, ",Was it expensive?,"Albert said, ", Please provide the probability that Albert thinks that the watch is expensive.,False,sharp,500,501,watch
Daniel,Daniel bought a new watch,501,It cost $501.,It cost $499.,"A friend asked him, ",Was it expensive?,"Daniel said, ", Please provide the probability that Daniel thinks that the watch is expensive.,False,sharp,500,501,watch
Bob,Bob bought a new watch,501,It cost $501.,It cost $500.,"A friend asked him, ",Was it expensive?,"Bob said, ", Please provide the probability that Bob thinks that the watch is expensive.,False,sharp,500,501,watch
Patrick,Patrick bought a new watch,501,It cost $501.,It cost $500.,"A friend asked him, ",Was it expensive?,"Patrick said, ", Please provide the probability that Patrick thinks that the watch is expensive.,False,sharp,500,501,watch
Bob,Bob bought a new watch,501,It cost $501.,It cost $501.,"A friend asked him, ",Was it expensive?,"Bob said, ", Please provide the probability that Bob thinks that the watch is expensive.,False,sharp,500,501,watch
Kenneth,Kenneth bought a new watch,502,It cost $502.,It cost $47.,"A friend asked him, ",Was it expensive?,"Kenneth said, ", Please provide the probability that Kenneth thinks that the watch is expensive.,False,sharp,500,501,watch
Harry,Harry bought a new watch,502,It cost $502.,It cost $48.,"A friend asked him, ",Was it expensive?,"Harry said, ", Please provide the probability that Harry thinks that the watch is expensive.,False,sharp,500,501,watch
Harry,Harry bought a new watch,502,It cost $502.,It cost $49.,"A friend asked him, ",Was it expensive?,"Harry said, ", Please provide the probability that Harry thinks that the watch is expensive.,False,sharp,500,501,watch
Ethan,Ethan bought a new watch,502,It cost $502.,It cost $50.,"A friend asked him, ",Was it expensive?,"Ethan said, ", Please provide the probability that Ethan thinks that the watch is expensive.,False,sharp,500,501,watch
Gary,Gary bought a new watch,502,It cost $502.,It cost $50.,"A friend asked him, ",Was it expensive?,"Gary said, ", Please provide the probability that Gary thinks that the watch is expensive.,False,sharp,500,501,watch
Daniel,Daniel bought a new watch,502,It cost $502.,It cost $51.,"A friend asked him, ",Was it expensive?,"Daniel said, ", Please provide the probability that Daniel thinks that the watch is expensive.,False,sharp,500,501,watch
Matt,Matt bought a new watch,502,It cost $502.,It cost $52.,"A friend asked him, ",Was it expensive?,"Matt said, ", Please provide the probability that Matt thinks that the watch is expensive.,False,sharp,500,501,watch
Albert,Albert bought a new watch,502,It cost $502.,It cost $53.,"A friend asked him, ",Was it expensive?,"Albert said, ", Please provide the probability that Albert thinks that the watch is expensive.,False,sharp,500,501,watch
Jake,Jake bought a new watch,502,It cost $502.,It cost $497.,"A friend asked him, ",Was it expensive?,"Jake said, ", Please provide the probability that Jake thinks that the watch is expensive.,False,sharp,500,501,watch
Tom,Tom bought a new watch,502,It cost $502.,It cost $498.,"A friend asked him, ",Was it expensive?,"Tom said, ", Please provide the probability that Tom thinks that the watch is expensive.,False,sharp,500,501,watch
Steve,Steve bought a new watch,502,It cost $502.,It cost $499.,"A friend asked him, ",Was it expensive?,"Steve said, ", Please provide the probability that Steve thinks that the watch is expensive.,False,sharp,500,501,watch
Eric,Eric bought a new watch,502,It cost $502.,It cost $500.,"A friend asked him, ",Was it expensive?,"Eric said, ", Please provide the probability that Eric thinks that the watch is expensive.,False,sharp,500,501,watch
Quinn,Quinn bought a new watch,502,It cost $502.,It cost $500.,"A friend asked him, ",Was it expensive?,"Quinn said, ", Please provide the probability that Quinn thinks that the watch is expensive.,False,sharp,500,501,watch
Luke,Luke bought a new watch,502,It cost $502.,It cost $501.,"A friend asked him, ",Was it expensive?,"Luke said, ", Please provide the probability that Luke thinks that the watch is expensive.,False,sharp,500,501,watch
Patrick,Patrick bought a new watch,502,It cost $502.,It cost $502.,"A friend asked him, ",Was it expensive?,"Patrick said, ", Please provide the probability that Patrick thinks that the watch is expensive.,False,sharp,500,501,watch
Charles,Charles bought a new watch,503,It cost $503.,It cost $47.,"A friend asked him, ",Was it expensive?,"Charles said, ", Please provide the probability that Charles thinks that the watch is expensive.,False,sharp,500,501,watch
Charles,Charles bought a new watch,503,It cost $503.,It cost $48.,"A friend asked him, ",Was it expensive?,"Charles said, ", Please provide the probability that Charles thinks that the watch is expensive.,False,sharp,500,501,watch
Ethan,Ethan bought a new watch,503,It cost $503.,It cost $49.,"A friend asked him, ",Was it expensive?,"Ethan said, ", Please provide the probability that Ethan thinks that the watch is expensive.,False,sharp,500,501,watch
George,George bought a new watch,503,It cost $503.,It cost $50.,"A friend asked him, ",Was it expensive?,"George said, ", Please provide the probability that George thinks that the watch is expensive.,False,sharp,500,501,watch
Ivan,Ivan bought a new watch,503,It cost $503.,It cost $50.,"A friend asked him, ",Was it expensive?,"Ivan said, ", Please provide the probability that Ivan thinks that the watch is expensive.,False,sharp,500,501,watch
Frank,Frank bought a new watch,503,It cost $503.,It cost $51.,"A friend asked him, ",Was it expensive?,"Frank said, ", Please provide the probability that Frank thinks that the watch is expensive.,False,sharp,500,501,watch
David,David bought a new watch,503,It cost $503.,It cost $52.,"A friend asked him, ",Was it expensive?,"David said, ", Please provide the probability that David thinks that the watch is expensive.,False,sharp,500,501,watch
Barry,Barry bought a new watch,503,It cost $503.,It cost $53.,"A friend asked him, ",Was it expensive?,"Barry said, ", Please provide the probability that Barry thinks that the watch is expensive.,False,sharp,500,501,watch
Frank,Frank bought a new watch,503,It cost $503.,It cost $497.,"A friend asked him, ",Was it expensive?,"Frank said, ", Please provide the probability that Frank thinks that the watch is expensive.,False,sharp,500,501,watch
Frank,Frank bought a new watch,503,It cost $503.,It cost $498.,"A friend asked him, ",Was it expensive?,"Frank said, ", Please provide the probability that Frank thinks that the watch is expensive.,False,sharp,500,501,watch
Patrick,Patrick bought a new watch,503,It cost $503.,It cost $499.,"A friend asked him, ",Was it expensive?,"Patrick said, ", Please provide the probability that Patrick thinks that the watch is expensive.,False,sharp,500,501,watch
Fred,Fred bought a new watch,503,It cost $503.,It cost $500.,"A friend asked him, ",Was it expensive?,"Fred said, ", Please provide the probability that Fred thinks that the watch is expensive.,False,sharp,500,501,watch
Barry,Barry bought a new watch,503,It cost $503.,It cost $500.,"A friend asked him, ",Was it expensive?,"Barry said, ", Please provide the probability that Barry thinks that the watch is expensive.,False,sharp,500,501,watch
Albert,Albert bought a new watch,503,It cost $503.,It cost $501.,"A friend asked him, ",Was it expensive?,"Albert said, ", Please provide the probability that Albert thinks that the watch is expensive.,False,sharp,500,501,watch
Nathan,Nathan bought a new watch,503,It cost $503.,It cost $502.,"A friend asked him, ",Was it expensive?,"Nathan said, ", Please provide the probability that Nathan thinks that the watch is expensive.,False,sharp,500,501,watch
Jake,Jake bought a new watch,503,It cost $503.,It cost $503.,"A friend asked him, ",Was it expensive?,"Jake said, ", Please provide the probability that Jake thinks that the watch is expensive.,False,sharp,500,501,watch
Calvin,Calvin bought a new watch,997,It cost $997.,It cost $47.,"A friend asked him, ",Was it expensive?,"Calvin said, ", Please provide the probability that Calvin thinks that the watch is expensive.,False,sharp,1000,1001,watch
Calvin,Calvin bought a new watch,997,It cost $997.,It cost $48.,"A friend asked him, ",Was it expensive?,"Calvin said, ", Please provide the probability that Calvin thinks that the watch is expensive.,False,sharp,1000,1001,watch
Zach,Zach bought a new watch,997,It cost $997.,It cost $49.,"A friend asked him, ",Was it expensive?,"Zach said, ", Please provide the probability that Zach thinks that the watch is expensive.,False,sharp,1000,1001,watch
David,David bought a new watch,997,It cost $997.,It cost $50.,"A friend asked him, ",Was it expensive?,"David said, ", Please provide the probability that David thinks that the watch is expensive.,False,sharp,1000,1001,watch
Owen,Owen bought a new watch,997,It cost $997.,It cost $50.,"A friend asked him, ",Was it expensive?,"Owen said, ", Please provide the probability that Owen thinks that the watch is expensive.,False,sharp,1000,1001,watch
Victor,Victor bought a new watch,997,It cost $997.,It cost $51.,"A friend asked him, ",Was it expensive?,"Victor said, ", Please provide the probability that Victor thinks that the watch is expensive.,False,sharp,1000,1001,watch
Fred,Fred bought a new watch,997,It cost $997.,It cost $52.,"A friend asked him, ",Was it expensive?,"Fred said, ", Please provide the probability that Fred thinks that the watch is expensive.,False,sharp,1000,1001,watch
Calvin,Calvin bought a new watch,997,It cost $997.,It cost $53.,"A friend asked him, ",Was it expensive?,"Calvin said, ", Please provide the probability that Calvin thinks that the watch is expensive.,False,sharp,1000,1001,watch
Winston,Winston bought a new watch,997,It cost $997.,It cost $497.,"A friend asked him, ",Was it expensive?,"Winston said, ", Please provide the probability that Winston thinks that the watch is expensive.,False,sharp,1000,1001,watch
Fred,Fred bought a new watch,997,It cost $997.,It cost $498.,"A friend asked him, ",Was it expensive?,"Fred said, ", Please provide the probability that Fred thinks that the watch is expensive.,False,sharp,1000,1001,watch
Barry,Barry bought a new watch,997,It cost $997.,It cost $499.,"A friend asked him, ",Was it expensive?,"Barry said, ", Please provide the probability that Barry thinks that the watch is expensive.,False,sharp,1000,1001,watch
Nathan,Nathan bought a new watch,997,It cost $997.,It cost $500.,"A friend asked him, ",Was it expensive?,"Nathan said, ", Please provide the probability that Nathan thinks that the watch is expensive.,False,sharp,1000,1001,watch
Charles,Charles bought a new watch,997,It cost $997.,It cost $500.,"A friend asked him, ",Was it expensive?,"Charles said, ", Please provide the probability that Charles thinks that the watch is expensive.,False,sharp,1000,1001,watch
Gary,Gary bought a new watch,997,It cost $997.,It cost $501.,"A friend asked him, ",Was it expensive?,"Gary said, ", Please provide the probability that Gary thinks that the watch is expensive.,False,sharp,1000,1001,watch
Victor,Victor bought a new watch,997,It cost $997.,It cost $502.,"A friend asked him, ",Was it expensive?,"Victor said, ", Please provide the probability that Victor thinks that the watch is expensive.,False,sharp,1000,1001,watch
George,George bought a new watch,997,It cost $997.,It cost $503.,"A friend asked him, ",Was it expensive?,"George said, ", Please provide the probability that George thinks that the watch is expensive.,False,sharp,1000,1001,watch
David,David bought a new watch,997,It cost $997.,It cost $997.,"A friend asked him, ",Was it expensive?,"David said, ", Please provide the probability that David thinks that the watch is expensive.,False,sharp,1000,1001,watch
Robert,Robert bought a new watch,998,It cost $998.,It cost $47.,"A friend asked him, ",Was it expensive?,"Robert said, ", Please provide the probability that Robert thinks that the watch is expensive.,False,sharp,1000,1001,watch
Tom,Tom bought a new watch,998,It cost $998.,It cost $48.,"A friend asked him, ",Was it expensive?,"Tom said, ", Please provide the probability that Tom thinks that the watch is expensive.,False,sharp,1000,1001,watch
Bob,Bob bought a new watch,998,It cost $998.,It cost $49.,"A friend asked him, ",Was it expensive?,"Bob said, ", Please provide the probability that Bob thinks that the watch is expensive.,False,sharp,1000,1001,watch
Eric,Eric bought a new watch,998,It cost $998.,It cost $50.,"A friend asked him, ",Was it expensive?,"Eric said, ", Please provide the probability that Eric thinks that the watch is expensive.,False,sharp,1000,1001,watch
Calvin,Calvin bought a new watch,998,It cost $998.,It cost $50.,"A friend asked him, ",Was it expensive?,"Calvin said, ", Please provide the probability that Calvin thinks that the watch is expensive.,False,sharp,1000,1001,watch
Barry,Barry bought a new watch,998,It cost $998.,It cost $51.,"A friend asked him, ",Was it expensive?,"Barry said, ", Please provide the probability that Barry thinks that the watch is expensive.,False,sharp,1000,1001,watch
Frank,Frank bought a new watch,998,It cost $998.,It cost $52.,"A friend asked him, ",Was it expensive?,"Frank said, ", Please provide the probability that Frank thinks that the watch is expensive.,False,sharp,1000,1001,watch
Calvin,Calvin bought a new watch,998,It cost $998.,It cost $53.,"A friend asked him, ",Was it expensive?,"Calvin said, ", Please provide the probability that Calvin thinks that the watch is expensive.,False,sharp,1000,1001,watch
Victor,Victor bought a new watch,998,It cost $998.,It cost $497.,"A friend asked him, ",Was it expensive?,"Victor said, ", Please provide the probability that Victor thinks that the watch is expensive.,False,sharp,1000,1001,watch
Frank,Frank bought a new watch,998,It cost $998.,It cost $498.,"A friend asked him, ",Was it expensive?,"Frank said, ", Please provide the probability that Frank thinks that the watch is expensive.,False,sharp,1000,1001,watch
Barry,Barry bought a new watch,998,It cost $998.,It cost $499.,"A friend asked him, ",Was it expensive?,"Barry said, ", Please provide the probability that Barry thinks that the watch is expensive.,False,sharp,1000,1001,watch
Victor,Victor bought a new watch,998,It cost $998.,It cost $500.,"A friend asked him, ",Was it expensive?,"Victor said, ", Please provide the probability that Victor thinks that the watch is expensive.,False,sharp,1000,1001,watch
Owen,Owen bought a new watch,998,It cost $998.,It cost $500.,"A friend asked him, ",Was it expensive?,"Owen said, ", Please provide the probability that Owen thinks that the watch is expensive.,False,sharp,1000,1001,watch
George,George bought a new watch,998,It cost $998.,It cost $501.,"A friend asked him, ",Was it expensive?,"George said, ", Please provide the probability that George thinks that the watch is expensive.,False,sharp,1000,1001,watch
Fred,Fred bought a new watch,998,It cost $998.,It cost $502.,"A friend asked him, ",Was it expensive?,"Fred said, ", Please provide the probability that Fred thinks that the watch is expensive.,False,sharp,1000,1001,watch
Albert,Albert bought a new watch,998,It cost $998.,It cost $503.,"A friend asked him, ",Was it expensive?,"Albert said, ", Please provide the probability that Albert thinks that the watch is expensive.,False,sharp,1000,1001,watch
Ivan,Ivan bought a new watch,998,It cost $998.,It cost $997.,"A friend asked him, ",Was it expensive?,"Ivan said, ", Please provide the probability that Ivan thinks that the watch is expensive.,False,sharp,1000,1001,watch
Charles,Charles bought a new watch,998,It cost $998.,It cost $998.,"A friend asked him, ",Was it expensive?,"Charles said, ", Please provide the probability that Charles thinks that the watch is expensive.,False,sharp,1000,1001,watch
Charles,Charles bought a new watch,999,It cost $999.,It cost $47.,"A friend asked him, ",Was it expensive?,"Charles said, ", Please provide the probability that Charles thinks that the watch is expensive.,True,sharp,1000,1001,watch
Charles,Charles bought a new watch,999,It cost $999.,It cost $48.,"A friend asked him, ",Was it expensive?,"Charles said, ", Please provide the probability that Charles thinks that the watch is expensive.,True,sharp,1000,1001,watch
Ethan,Ethan bought a new watch,999,It cost $999.,It cost $49.,"A friend asked him, ",Was it expensive?,"Ethan said, ", Please provide the probability that Ethan thinks that the watch is expensive.,True,sharp,1000,1001,watch
Steve,Steve bought a new watch,999,It cost $999.,It cost $50.,"A friend asked him, ",Was it expensive?,"Steve said, ", Please provide the probability that Steve thinks that the watch is expensive.,True,sharp,1000,1001,watch
Bob,Bob bought a new watch,999,It cost $999.,It cost $50.,"A friend asked him, ",Was it expensive?,"Bob said, ", Please provide the probability that Bob thinks that the watch is expensive.,True,sharp,1000,1001,watch
Ethan,Ethan bought a new watch,999,It cost $999.,It cost $51.,"A friend asked him, ",Was it expensive?,"Ethan said, ", Please provide the probability that Ethan thinks that the watch is expensive.,True,sharp,1000,1001,watch
David,David bought a new watch,999,It cost $999.,It cost $52.,"A friend asked him, ",Was it expensive?,"David said, ", Please provide the probability that David thinks that the watch is expensive.,True,sharp,1000,1001,watch
Eric,Eric bought a new watch,999,It cost $999.,It cost $53.,"A friend asked him, ",Was it expensive?,"Eric said, ", Please provide the probability that Eric thinks that the watch is expensive.,True,sharp,1000,1001,watch
Nathan,Nathan bought a new watch,999,It cost $999.,It cost $497.,"A friend asked him, ",Was it expensive?,"Nathan said, ", Please provide the probability that Nathan thinks that the watch is expensive.,True,sharp,1000,1001,watch
Owen,Owen bought a new watch,999,It cost $999.,It cost $498.,"A friend asked him, ",Was it expensive?,"Owen said, ", Please provide the probability that Owen thinks that the watch is expensive.,True,sharp,1000,1001,watch
Winston,Winston bought a new watch,999,It cost $999.,It cost $499.,"A friend asked him, ",Was it expensive?,"Winston said, ", Please provide the probability that Winston thinks that the watch is expensive.,True,sharp,1000,1001,watch
Albert,Albert bought a new watch,999,It cost $999.,It cost $500.,"A friend asked him, ",Was it expensive?,"Albert said, ", Please provide the probability that Albert thinks that the watch is expensive.,True,sharp,1000,1001,watch
Patrick,Patrick bought a new watch,999,It cost $999.,It cost $500.,"A friend asked him, ",Was it expensive?,"Patrick said, ", Please provide the probability that Patrick thinks that the watch is expensive.,True,sharp,1000,1001,watch
Gary,Gary bought a new watch,999,It cost $999.,It cost $501.,"A friend asked him, ",Was it expensive?,"Gary said, ", Please provide the probability that Gary thinks that the watch is expensive.,True,sharp,1000,1001,watch
Kenneth,Kenneth bought a new watch,999,It cost $999.,It cost $502.,"A friend asked him, ",Was it expensive?,"Kenneth said, ", Please provide the probability that Kenneth thinks that the watch is expensive.,True,sharp,1000,1001,watch
Harry,Harry bought a new watch,999,It cost $999.,It cost $503.,"A friend asked him, ",Was it expensive?,"Harry said, ", Please provide the probability that Harry thinks that the watch is expensive.,True,sharp,1000,1001,watch
Patrick,Patrick bought a new watch,999,It cost $999.,It cost $997.,"A friend asked him, ",Was it expensive?,"Patrick said, ", Please provide the probability that Patrick thinks that the watch is expensive.,True,sharp,1000,1001,watch
Ivan,Ivan bought a new watch,999,It cost $999.,It cost $998.,"A friend asked him, ",Was it expensive?,"Ivan said, ", Please provide the probability that Ivan thinks that the watch is expensive.,True,sharp,1000,1001,watch
David,David bought a new watch,999,It cost $999.,It cost $999.,"A friend asked him, ",Was it expensive?,"David said, ", Please provide the probability that David thinks that the watch is expensive.,True,sharp,1000,1001,watch
Owen,Owen bought a new watch,1000,It cost $1000.,It cost $47.,"A friend asked him, ",Was it expensive?,"Owen said, ", Please provide the probability that Owen thinks that the watch is expensive.,True,round,1000,1000,watch
Winston,Winston bought a new watch,1000,It cost $1000.,It cost $48.,"A friend asked him, ",Was it expensive?,"Winston said, ", Please provide the probability that Winston thinks that the watch is expensive.,True,round,1000,1000,watch
Eric,Eric bought a new watch,1000,It cost $1000.,It cost $49.,"A friend asked him, ",Was it expensive?,"Eric said, ", Please provide the probability that Eric thinks that the watch is expensive.,True,round,1000,1000,watch
Harry,Harry bought a new watch,1000,It cost $1000.,It cost $50.,"A friend asked him, ",Was it expensive?,"Harry said, ", Please provide the probability that Harry thinks that the watch is expensive.,True,round,1000,1000,watch
Luke,Luke bought a new watch,1000,It cost $1000.,It cost $50.,"A friend asked him, ",Was it expensive?,"Luke said, ", Please provide the probability that Luke thinks that the watch is expensive.,True,round,1000,1000,watch
Owen,Owen bought a new watch,1000,It cost $1000.,It cost $51.,"A friend asked him, ",Was it expensive?,"Owen said, ", Please provide the probability that Owen thinks that the watch is expensive.,True,round,1000,1000,watch
Quinn,Quinn bought a new watch,1000,It cost $1000.,It cost $52.,"A friend asked him, ",Was it expensive?,"Quinn said, ", Please provide the probability that Quinn thinks that the watch is expensive.,True,round,1000,1000,watch
Steve,Steve bought a new watch,1000,It cost $1000.,It cost $53.,"A friend asked him, ",Was it expensive?,"Steve said, ", Please provide the probability that Steve thinks that the watch is expensive.,True,round,1000,1000,watch
Calvin,Calvin bought a new watch,1000,It cost $1000.,It cost $497.,"A friend asked him, ",Was it expensive?,"Calvin said, ", Please provide the probability that Calvin thinks that the watch is expensive.,True,round,1000,1000,watch
Matt,Matt bought a new watch,1000,It cost $1000.,It cost $498.,"A friend asked him, ",Was it expensive?,"Matt said, ", Please provide the probability that Matt thinks that the watch is expensive.,True,round,1000,1000,watch
Barry,Barry bought a new watch,1000,It cost $1000.,It cost $499.,"A friend asked him, ",Was it expensive?,"Barry said, ", Please provide the probability that Barry thinks that the watch is expensive.,True,round,1000,1000,watch
Kenneth,Kenneth bought a new watch,1000,It cost $1000.,It cost $500.,"A friend asked him, ",Was it expensive?,"Kenneth said, ", Please provide the probability that Kenneth thinks that the watch is expensive.,True,round,1000,1000,watch
Owen,Owen bought a new watch,1000,It cost $1000.,It cost $500.,"A friend asked him, ",Was it expensive?,"Owen said, ", Please provide the probability that Owen thinks that the watch is expensive.,True,round,1000,1000,watch
Matt,Matt bought a new watch,1000,It cost $1000.,It cost $501.,"A friend asked him, ",Was it expensive?,"Matt said, ", Please provide the probability that Matt thinks that the watch is expensive.,True,round,1000,1000,watch
Matt,Matt bought a new watch,1000,It cost $1000.,It cost $502.,"A friend asked him, ",Was it expensive?,"Matt said, ", Please provide the probability that Matt thinks that the watch is expensive.,True,round,1000,1000,watch
Tom,Tom bought a new watch,1000,It cost $1000.,It cost $503.,"A friend asked him, ",Was it expensive?,"Tom said, ", Please provide the probability that Tom thinks that the watch is expensive.,True,round,1000,1000,watch
David,David bought a new watch,1000,It cost $1000.,It cost $997.,"A friend asked him, ",Was it expensive?,"David said, ", Please provide the probability that David thinks that the watch is expensive.,True,round,1000,1000,watch
Eric,Eric bought a new watch,1000,It cost $1000.,It cost $998.,"A friend asked him, ",Was it expensive?,"Eric said, ", Please provide the probability that Eric thinks that the watch is expensive.,True,round,1000,1000,watch
Fred,Fred bought a new watch,1000,It cost $1000.,It cost $999.,"A friend asked him, ",Was it expensive?,"Fred said, ", Please provide the probability that Fred thinks that the watch is expensive.,True,round,1000,1000,watch
Jake,Jake bought a new watch,1000,It cost $1000.,It cost $1000.,"A friend asked him, ",Was it expensive?,"Jake said, ", Please provide the probability that Jake thinks that the watch is expensive.,True,round,1000,1000,watch
Charles,Charles bought a new watch,1000,It cost $1000.,It cost $1000.,"A friend asked him, ",Was it expensive?,"Charles said, ", Please provide the probability that Charles thinks that the watch is expensive.,True,round,1000,1000,watch
Alex,Alex bought a new watch,1000,It cost $1000.,It cost $47.,"A friend asked him, ",Was it expensive?,"Alex said, ", Please provide the probability that Alex thinks that the watch is expensive.,True,round,1000,1000,watch
Harry,Harry bought a new watch,1000,It cost $1000.,It cost $48.,"A friend asked him, ",Was it expensive?,"Harry said, ", Please provide the probability that Harry thinks that the watch is expensive.,True,round,1000,1000,watch
Owen,Owen bought a new watch,1000,It cost $1000.,It cost $49.,"A friend asked him, ",Was it expensive?,"Owen said, ", Please provide the probability that Owen thinks that the watch is expensive.,True,round,1000,1000,watch
Patrick,Patrick bought a new watch,1000,It cost $1000.,It cost $50.,"A friend asked him, ",Was it expensive?,"Patrick said, ", Please provide the probability that Patrick thinks that the watch is expensive.,True,round,1000,1000,watch
Fred,Fred bought a new watch,1000,It cost $1000.,It cost $50.,"A friend asked him, ",Was it expensive?,"Fred said, ", Please provide the probability that Fred thinks that the watch is expensive.,True,round,1000,1000,watch
Kenneth,Kenneth bought a new watch,1000,It cost $1000.,It cost $51.,"A friend asked him, ",Was it expensive?,"Kenneth said, ", Please provide the probability that Kenneth thinks that the watch is expensive.,True,round,1000,1000,watch
Fred,Fred bought a new watch,1000,It cost $1000.,It cost $52.,"A friend asked him, ",Was it expensive?,"Fred said, ", Please provide the probability that Fred thinks that the watch is expensive.,True,round,1000,1000,watch
Jake,Jake bought a new watch,1000,It cost $1000.,It cost $53.,"A friend asked him, ",Was it expensive?,"Jake said, ", Please provide the probability that Jake thinks that the watch is expensive.,True,round,1000,1000,watch
Harry,Harry bought a new watch,1000,It cost $1000.,It cost $497.,"A friend asked him, ",Was it expensive?,"Harry said, ", Please provide the probability that Harry thinks that the watch is expensive.,True,round,1000,1000,watch
Patrick,Patrick bought a new watch,1000,It cost $1000.,It cost $498.,"A friend asked him, ",Was it expensive?,"Patrick said, ", Please provide the probability that Patrick thinks that the watch is expensive.,True,round,1000,1000,watch
Patrick,Patrick bought a new watch,1000,It cost $1000.,It cost $499.,"A friend asked him, ",Was it expensive?,"Patrick said, ", Please provide the probability that Patrick thinks that the watch is expensive.,True,round,1000,1000,watch
Ethan,Ethan bought a new watch,1000,It cost $1000.,It cost $500.,"A friend asked him, ",Was it expensive?,"Ethan said, ", Please provide the probability that Ethan thinks that the watch is expensive.,True,round,1000,1000,watch
Patrick,Patrick bought a new watch,1000,It cost $1000.,It cost $500.,"A friend asked him, ",Was it expensive?,"Patrick said, ", Please provide the probability that Patrick thinks that the watch is expensive.,True,round,1000,1000,watch
Luke,Luke bought a new watch,1000,It cost $1000.,It cost $501.,"A friend asked him, ",Was it expensive?,"Luke said, ", Please provide the probability that Luke thinks that the watch is expensive.,True,round,1000,1000,watch
Zach,Zach bought a new watch,1000,It cost $1000.,It cost $502.,"A friend asked him, ",Was it expensive?,"Zach said, ", Please provide the probability that Zach thinks that the watch is expensive.,True,round,1000,1000,watch
Kenneth,Kenneth bought a new watch,1000,It cost $1000.,It cost $503.,"A friend asked him, ",Was it expensive?,"Kenneth said, ", Please provide the probability that Kenneth thinks that the watch is expensive.,True,round,1000,1000,watch
Zach,Zach bought a new watch,1000,It cost $1000.,It cost $997.,"A friend asked him, ",Was it expensive?,"Zach said, ", Please provide the probability that Zach thinks that the watch is expensive.,True,round,1000,1000,watch
Luke,Luke bought a new watch,1000,It cost $1000.,It cost $998.,"A friend asked him, ",Was it expensive?,"Luke said, ", Please provide the probability that Luke thinks that the watch is expensive.,True,round,1000,1000,watch
Robert,Robert bought a new watch,1000,It cost $1000.,It cost $999.,"A friend asked him, ",Was it expensive?,"Robert said, ", Please provide the probability that Robert thinks that the watch is expensive.,True,round,1000,1000,watch
Tom,Tom bought a new watch,1000,It cost $1000.,It cost $1000.,"A friend asked him, ",Was it expensive?,"Tom said, ", Please provide the probability that Tom thinks that the watch is expensive.,True,round,1000,1000,watch
Ethan,Ethan bought a new watch,1000,It cost $1000.,It cost $1000.,"A friend asked him, ",Was it expensive?,"Ethan said, ", Please provide the probability that Ethan thinks that the watch is expensive.,True,round,1000,1000,watch
Charles,Charles bought a new watch,1001,It cost $1001.,It cost $47.,"A friend asked him, ",Was it expensive?,"Charles said, ", Please provide the probability that Charles thinks that the watch is expensive.,False,sharp,1000,1001,watch
Eric,Eric bought a new watch,1001,It cost $1001.,It cost $48.,"A friend asked him, ",Was it expensive?,"Eric said, ", Please provide the probability that Eric thinks that the watch is expensive.,False,sharp,1000,1001,watch
Fred,Fred bought a new watch,1001,It cost $1001.,It cost $49.,"A friend asked him, ",Was it expensive?,"Fred said, ", Please provide the probability that Fred thinks that the watch is expensive.,False,sharp,1000,1001,watch
Bob,Bob bought a new watch,1001,It cost $1001.,It cost $50.,"A friend asked him, ",Was it expensive?,"Bob said, ", Please provide the probability that Bob thinks that the watch is expensive.,False,sharp,1000,1001,watch
Luke,Luke bought a new watch,1001,It cost $1001.,It cost $50.,"A friend asked him, ",Was it expensive?,"Luke said, ", Please provide the probability that Luke thinks that the watch is expensive.,False,sharp,1000,1001,watch
Ethan,Ethan bought a new watch,1001,It cost $1001.,It cost $51.,"A friend asked him, ",Was it expensive?,"Ethan said, ", Please provide the probability that Ethan thinks that the watch is expensive.,False,sharp,1000,1001,watch
Bob,Bob bought a new watch,1001,It cost $1001.,It cost $52.,"A friend asked him, ",Was it expensive?,"Bob said, ", Please provide the probability that Bob thinks that the watch is expensive.,False,sharp,1000,1001,watch
Barry,Barry bought a new watch,1001,It cost $1001.,It cost $53.,"A friend asked him, ",Was it expensive?,"Barry said, ", Please provide the probability that Barry thinks that the watch is expensive.,False,sharp,1000,1001,watch
Winston,Winston bought a new watch,1001,It cost $1001.,It cost $497.,"A friend asked him, ",Was it expensive?,"Winston said, ", Please provide the probability that Winston thinks that the watch is expensive.,False,sharp,1000,1001,watch
Victor,Victor bought a new watch,1001,It cost $1001.,It cost $498.,"A friend asked him, ",Was it expensive?,"Victor said, ", Please provide the probability that Victor thinks that the watch is expensive.,False,sharp,1000,1001,watch
Albert,Albert bought a new watch,1001,It cost $1001.,It cost $499.,"A friend asked him, ",Was it expensive?,"Albert said, ", Please provide the probability that Albert thinks that the watch is expensive.,False,sharp,1000,1001,watch
Matt,Matt bought a new watch,1001,It cost $1001.,It cost $500.,"A friend asked him, ",Was it expensive?,"Matt said, ", Please provide the probability that Matt thinks that the watch is expensive.,False,sharp,1000,1001,watch
Eric,Eric bought a new watch,1001,It cost $1001.,It cost $500.,"A friend asked him, ",Was it expensive?,"Eric said, ", Please provide the probability that Eric thinks that the watch is expensive.,False,sharp,1000,1001,watch
Frank,Frank bought a new watch,1001,It cost $1001.,It cost $501.,"A friend asked him, ",Was it expensive?,"Frank said, ", Please provide the probability that Frank thinks that the watch is expensive.,False,sharp,1000,1001,watch
Kenneth,Kenneth bought a new watch,1001,It cost $1001.,It cost $502.,"A friend asked him, ",Was it expensive?,"Kenneth said, ", Please provide the probability that Kenneth thinks that the watch is expensive.,False,sharp,1000,1001,watch
Victor,Victor bought a new watch,1001,It cost $1001.,It cost $503.,"A friend asked him, ",Was it expensive?,"Victor said, ", Please provide the probability that Victor thinks that the watch is expensive.,False,sharp,1000,1001,watch
George,George bought a new watch,1001,It cost $1001.,It cost $997.,"A friend asked him, ",Was it expensive?,"George said, ", Please provide the probability that George thinks that the watch is expensive.,False,sharp,1000,1001,watch
Steve,Steve bought a new watch,1001,It cost $1001.,It cost $998.,"A friend asked him, ",Was it expensive?,"Steve said, ", Please provide the probability that Steve thinks that the watch is expensive.,False,sharp,1000,1001,watch
Alex,Alex bought a new watch,1001,It cost $1001.,It cost $999.,"A friend asked him, ",Was it expensive?,"Alex said, ", Please provide the probability that Alex thinks that the watch is expensive.,False,sharp,1000,1001,watch
Ivan,Ivan bought a new watch,1001,It cost $1001.,It cost $1000.,"A friend asked him, ",Was it expensive?,"Ivan said, ", Please provide the probability that Ivan thinks that the watch is expensive.,False,sharp,1000,1001,watch
Luke,Luke bought a new watch,1001,It cost $1001.,It cost $1000.,"A friend asked him, ",Was it expensive?,"Luke said, ", Please provide the probability that Luke thinks that the watch is expensive.,False,sharp,1000,1001,watch
Harry,Harry bought a new watch,1001,It cost $1001.,It cost $1001.,"A friend asked him, ",Was it expensive?,"Harry said, ", Please provide the probability that Harry thinks that the watch is expensive.,False,sharp,1000,1001,watch
Daniel,Daniel bought a new watch,1002,It cost $1002.,It cost $47.,"A friend asked him, ",Was it expensive?,"Daniel said, ", Please provide the probability that Daniel thinks that the watch is expensive.,False,sharp,1000,1001,watch
Patrick,Patrick bought a new watch,1002,It cost $1002.,It cost $48.,"A friend asked him, ",Was it expensive?,"Patrick said, ", Please provide the probability that Patrick thinks that the watch is expensive.,False,sharp,1000,1001,watch
Daniel,Daniel bought a new watch,1002,It cost $1002.,It cost $49.,"A friend asked him, ",Was it expensive?,"Daniel said, ", Please provide the probability that Daniel thinks that the watch is expensive.,False,sharp,1000,1001,watch
Robert,Robert bought a new watch,1002,It cost $1002.,It cost $50.,"A friend asked him, ",Was it expensive?,"Robert said, ", Please provide the probability that Robert thinks that the watch is expensive.,False,sharp,1000,1001,watch
Ethan,Ethan bought a new watch,1002,It cost $1002.,It cost $50.,"A friend asked him, ",Was it expensive?,"Ethan said, ", Please provide the probability that Ethan thinks that the watch is expensive.,False,sharp,1000,1001,watch
Bob,Bob bought a new watch,1002,It cost $1002.,It cost $51.,"A friend asked him, ",Was it expensive?,"Bob said, ", Please provide the probability that Bob thinks that the watch is expensive.,False,sharp,1000,1001,watch
Quinn,Quinn bought a new watch,1002,It cost $1002.,It cost $52.,"A friend asked him, ",Was it expensive?,"Quinn said, ", Please provide the probability that Quinn thinks that the watch is expensive.,False,sharp,1000,1001,watch
Tom,Tom bought a new watch,1002,It cost $1002.,It cost $53.,"A friend asked him, ",Was it expensive?,"Tom said, ", Please provide the probability that Tom thinks that the watch is expensive.,False,sharp,1000,1001,watch
Frank,Frank bought a new watch,1002,It cost $1002.,It cost $497.,"A friend asked him, ",Was it expensive?,"Frank said, ", Please provide the probability that Frank thinks that the watch is expensive.,False,sharp,1000,1001,watch
Tom,Tom bought a new watch,1002,It cost $1002.,It cost $498.,"A friend asked him, ",Was it expensive?,"Tom said, ", Please provide the probability that Tom thinks that the watch is expensive.,False,sharp,1000,1001,watch
Owen,Owen bought a new watch,1002,It cost $1002.,It cost $499.,"A friend asked him, ",Was it expensive?,"Owen said, ", Please provide the probability that Owen thinks that the watch is expensive.,False,sharp,1000,1001,watch
Luke,Luke bought a new watch,1002,It cost $1002.,It cost $500.,"A friend asked him, ",Was it expensive?,"Luke said, ", Please provide the probability that Luke thinks that the watch is expensive.,False,sharp,1000,1001,watch
George,George bought a new watch,1002,It cost $1002.,It cost $500.,"A friend asked him, ",Was it expensive?,"George said, ", Please provide the probability that George thinks that the watch is expensive.,False,sharp,1000,1001,watch
Alex,Alex bought a new watch,1002,It cost $1002.,It cost $501.,"A friend asked him, ",Was it expensive?,"Alex said, ", Please provide the probability that Alex thinks that the watch is expensive.,False,sharp,1000,1001,watch
Alex,Alex bought a new watch,1002,It cost $1002.,It cost $502.,"A friend asked him, ",Was it expensive?,"Alex said, ", Please provide the probability that Alex thinks that the watch is expensive.,False,sharp,1000,1001,watch
Bob,Bob bought a new watch,1002,It cost $1002.,It cost $503.,"A friend asked him, ",Was it expensive?,"Bob said, ", Please provide the probability that Bob thinks that the watch is expensive.,False,sharp,1000,1001,watch
Matt,Matt bought a new watch,1002,It cost $1002.,It cost $997.,"A friend asked him, ",Was it expensive?,"Matt said, ", Please provide the probability that Matt thinks that the watch is expensive.,False,sharp,1000,1001,watch
Ethan,Ethan bought a new watch,1002,It cost $1002.,It cost $998.,"A friend asked him, ",Was it expensive?,"Ethan said, ", Please provide the probability that Ethan thinks that the watch is expensive.,False,sharp,1000,1001,watch
Albert,Albert bought a new watch,1002,It cost $1002.,It cost $999.,"A friend asked him, ",Was it expensive?,"Albert said, ", Please provide the probability that Albert thinks that the watch is expensive.,False,sharp,1000,1001,watch
Alex,Alex bought a new watch,1002,It cost $1002.,It cost $1000.,"A friend asked him, ",Was it expensive?,"Alex said, ", Please provide the probability that Alex thinks that the watch is expensive.,False,sharp,1000,1001,watch
Owen,Owen bought a new watch,1002,It cost $1002.,It cost $1000.,"A friend asked him, ",Was it expensive?,"Owen said, ", Please provide the probability that Owen thinks that the watch is expensive.,False,sharp,1000,1001,watch
Kenneth,Kenneth bought a new watch,1002,It cost $1002.,It cost $1001.,"A friend asked him, ",Was it expensive?,"Kenneth said, ", Please provide the probability that Kenneth thinks that the watch is expensive.,False,sharp,1000,1001,watch
Albert,Albert bought a new watch,1002,It cost $1002.,It cost $1002.,"A friend asked him, ",Was it expensive?,"Albert said, ", Please provide the probability that Albert thinks that the watch is expensive.,False,sharp,1000,1001,watch
Luke,Luke bought a new watch,1003,It cost $1003.,It cost $47.,"A friend asked him, ",Was it expensive?,"Luke said, ", Please provide the probability that Luke thinks that the watch is expensive.,False,sharp,1000,1001,watch
David,David bought a new watch,1003,It cost $1003.,It cost $48.,"A friend asked him, ",Was it expensive?,"David said, ", Please provide the probability that David thinks that the watch is expensive.,False,sharp,1000,1001,watch
Quinn,Quinn bought a new watch,1003,It cost $1003.,It cost $49.,"A friend asked him, ",Was it expensive?,"Quinn said, ", Please provide the probability that Quinn thinks that the watch is expensive.,False,sharp,1000,1001,watch
Kenneth,Kenneth bought a new watch,1003,It cost $1003.,It cost $50.,"A friend asked him, ",Was it expensive?,"Kenneth said, ", Please provide the probability that Kenneth thinks that the watch is expensive.,False,sharp,1000,1001,watch
Harry,Harry bought a new watch,1003,It cost $1003.,It cost $50.,"A friend asked him, ",Was it expensive?,"Harry said, ", Please provide the probability that Harry thinks that the watch is expensive.,False,sharp,1000,1001,watch
David,David bought a new watch,1003,It cost $1003.,It cost $51.,"A friend asked him, ",Was it expensive?,"David said, ", Please provide the probability that David thinks that the watch is expensive.,False,sharp,1000,1001,watch
Zach,Zach bought a new watch,1003,It cost $1003.,It cost $52.,"A friend asked him, ",Was it expensive?,"Zach said, ", Please provide the probability that Zach thinks that the watch is expensive.,False,sharp,1000,1001,watch
Quinn,Quinn bought a new watch,1003,It cost $1003.,It cost $53.,"A friend asked him, ",Was it expensive?,"Quinn said, ", Please provide the probability that Quinn thinks that the watch is expensive.,False,sharp,1000,1001,watch
Robert,Robert bought a new watch,1003,It cost $1003.,It cost $497.,"A friend asked him, ",Was it expensive?,"Robert said, ", Please provide the probability that Robert thinks that the watch is expensive.,False,sharp,1000,1001,watch
Tom,Tom bought a new watch,1003,It cost $1003.,It cost $498.,"A friend asked him, ",Was it expensive?,"Tom said, ", Please provide the probability that Tom thinks that the watch is expensive.,False,sharp,1000,1001,watch
Albert,Albert bought a new watch,1003,It cost $1003.,It cost $499.,"A friend asked him, ",Was it expensive?,"Albert said, ", Please provide the probability that Albert thinks that the watch is expensive.,False,sharp,1000,1001,watch
Daniel,Daniel bought a new watch,1003,It cost $1003.,It cost $500.,"A friend asked him, ",Was it expensive?,"Daniel said, ", Please provide the probability that Daniel thinks that the watch is expensive.,False,sharp,1000,1001,watch
Tom,Tom bought a new watch,1003,It cost $1003.,It cost $500.,"A friend asked him, ",Was it expensive?,"Tom said, ", Please provide the probability that Tom thinks that the watch is expensive.,False,sharp,1000,1001,watch
Nathan,Nathan bought a new watch,1003,It cost $1003.,It cost $501.,"A friend asked him, ",Was it expensive?,"Nathan said, ", Please provide the probability that Nathan thinks that the watch is expensive.,False,sharp,1000,1001,watch
Kenneth,Kenneth bought a new watch,1003,It cost $1003.,It cost $502.,"A friend asked him, ",Was it expensive?,"Kenneth said, ", Please provide the probability that Kenneth thinks that the watch is expensive.,False,sharp,1000,1001,watch
Ivan,Ivan bought a new watch,1003,It cost $1003.,It cost $503.,"A friend asked him, ",Was it expensive?,"Ivan said, ", Please provide the probability that Ivan thinks that the watch is expensive.,False,sharp,1000,1001,watch
David,David bought a new watch,1003,It cost $1003.,It cost $997.,"A friend asked him, ",Was it expensive?,"David said, ", Please provide the probability that David thinks that the watch is expensive.,False,sharp,1000,1001,watch
Winston,Winston bought a new watch,1003,It cost $1003.,It cost $998.,"A friend asked him, ",Was it expensive?,"Winston said, ", Please provide the probability that Winston thinks that the watch is expensive.,False,sharp,1000,1001,watch
Charles,Charles bought a new watch,1003,It cost $1003.,It cost $999.,"A friend asked him, ",Was it expensive?,"Charles said, ", Please provide the probability that Charles thinks that the watch is expensive.,False,sharp,1000,1001,watch
George,George bought a new watch,1003,It cost $1003.,It cost $1000.,"A friend asked him, ",Was it expensive?,"George said, ", Please provide the probability that George thinks that the watch is expensive.,False,sharp,1000,1001,watch
George,George bought a new watch,1003,It cost $1003.,It cost $1000.,"A friend asked him, ",Was it expensive?,"George said, ", Please provide the probability that George thinks that the watch is expensive.,False,sharp,1000,1001,watch
Barry,Barry bought a new watch,1003,It cost $1003.,It cost $1001.,"A friend asked him, ",Was it expensive?,"Barry said, ", Please provide the probability that Barry thinks that the watch is expensive.,False,sharp,1000,1001,watch
Daniel,Daniel bought a new watch,1003,It cost $1003.,It cost $1002.,"A friend asked him, ",Was it expensive?,"Daniel said, ", Please provide the probability that Daniel thinks that the watch is expensive.,False,sharp,1000,1001,watch
Gary,Gary bought a new watch,1003,It cost $1003.,It cost $1003.,"A friend asked him, ",Was it expensive?,"Gary said, ", Please provide the probability that Gary thinks that the watch is expensive.,False,sharp,1000,1001,watch
Owen,Owen bought a new watch,4997,It cost $4997.,It cost $47.,"A friend asked him, ",Was it expensive?,"Owen said, ", Please provide the probability that Owen thinks that the watch is expensive.,False,sharp,5000,5001,watch
Robert,Robert bought a new watch,4997,It cost $4997.,It cost $48.,"A friend asked him, ",Was it expensive?,"Robert said, ", Please provide the probability that Robert thinks that the watch is expensive.,False,sharp,5000,5001,watch
Eric,Eric bought a new watch,4997,It cost $4997.,It cost $49.,"A friend asked him, ",Was it expensive?,"Eric said, ", Please provide the probability that Eric thinks that the watch is expensive.,False,sharp,5000,5001,watch
David,David bought a new watch,4997,It cost $4997.,It cost $50.,"A friend asked him, ",Was it expensive?,"David said, ", Please provide the probability that David thinks that the watch is expensive.,False,sharp,5000,5001,watch
Owen,Owen bought a new watch,4997,It cost $4997.,It cost $50.,"A friend asked him, ",Was it expensive?,"Owen said, ", Please provide the probability that Owen thinks that the watch is expensive.,False,sharp,5000,5001,watch
Matt,Matt bought a new watch,4997,It cost $4997.,It cost $51.,"A friend asked him, ",Was it expensive?,"Matt said, ", Please provide the probability that Matt thinks that the watch is expensive.,False,sharp,5000,5001,watch
Harry,Harry bought a new watch,4997,It cost $4997.,It cost $52.,"A friend asked him, ",Was it expensive?,"Harry said, ", Please provide the probability that Harry thinks that the watch is expensive.,False,sharp,5000,5001,watch
Albert,Albert bought a new watch,4997,It cost $4997.,It cost $53.,"A friend asked him, ",Was it expensive?,"Albert said, ", Please provide the probability that Albert thinks that the watch is expensive.,False,sharp,5000,5001,watch
Daniel,Daniel bought a new watch,4997,It cost $4997.,It cost $497.,"A friend asked him, ",Was it expensive?,"Daniel said, ", Please provide the probability that Daniel thinks that the watch is expensive.,False,sharp,5000,5001,watch
Nathan,Nathan bought a new watch,4997,It cost $4997.,It cost $498.,"A friend asked him, ",Was it expensive?,"Nathan said, ", Please provide the probability that Nathan thinks that the watch is expensive.,False,sharp,5000,5001,watch
Bob,Bob bought a new watch,4997,It cost $4997.,It cost $499.,"A friend asked him, ",Was it expensive?,"Bob said, ", Please provide the probability that Bob thinks that the watch is expensive.,False,sharp,5000,5001,watch
George,George bought a new watch,4997,It cost $4997.,It cost $500.,"A friend asked him, ",Was it expensive?,"George said, ", Please provide the probability that George thinks that the watch is expensive.,False,sharp,5000,5001,watch
Daniel,Daniel bought a new watch,4997,It cost $4997.,It cost $500.,"A friend asked him, ",Was it expensive?,"Daniel said, ", Please provide the probability that Daniel thinks that the watch is expensive.,False,sharp,5000,5001,watch
Patrick,Patrick bought a new watch,4997,It cost $4997.,It cost $501.,"A friend asked him, ",Was it expensive?,"Patrick said, ", Please provide the probability that Patrick thinks that the watch is expensive.,False,sharp,5000,5001,watch
Calvin,Calvin bought a new watch,4997,It cost $4997.,It cost $502.,"A friend asked him, ",Was it expensive?,"Calvin said, ", Please provide the probability that Calvin thinks that the watch is expensive.,False,sharp,5000,5001,watch
Owen,Owen bought a new watch,4997,It cost $4997.,It cost $503.,"A friend asked him, ",Was it expensive?,"Owen said, ", Please provide the probability that Owen thinks that the watch is expensive.,False,sharp,5000,5001,watch
Nathan,Nathan bought a new watch,4997,It cost $4997.,It cost $997.,"A friend asked him, ",Was it expensive?,"Nathan said, ", Please provide the probability that Nathan thinks that the watch is expensive.,False,sharp,5000,5001,watch
Nathan,Nathan bought a new watch,4997,It cost $4997.,It cost $998.,"A friend asked him, ",Was it expensive?,"Nathan said, ", Please provide the probability that Nathan thinks that the watch is expensive.,False,sharp,5000,5001,watch
Tom,Tom bought a new watch,4997,It cost $4997.,It cost $999.,"A friend asked him, ",Was it expensive?,"Tom said, ", Please provide the probability that Tom thinks that the watch is expensive.,False,sharp,5000,5001,watch
Zach,Zach bought a new watch,4997,It cost $4997.,It cost $1000.,"A friend asked him, ",Was it expensive?,"Zach said, ", Please provide the probability that Zach thinks that the watch is expensive.,False,sharp,5000,5001,watch
Nathan,Nathan bought a new watch,4997,It cost $4997.,It cost $1000.,"A friend asked him, ",Was it expensive?,"Nathan said, ", Please provide the probability that Nathan thinks that the watch is expensive.,False,sharp,5000,5001,watch
Victor,Victor bought a new watch,4997,It cost $4997.,It cost $1001.,"A friend asked him, ",Was it expensive?,"Victor said, ", Please provide the probability that Victor thinks that the watch is expensive.,False,sharp,5000,5001,watch
Barry,Barry bought a new watch,4997,It cost $4997.,It cost $1002.,"A friend asked him, ",Was it expensive?,"Barry said, ", Please provide the probability that Barry thinks that the watch is expensive.,False,sharp,5000,5001,watch
Charles,Charles bought a new watch,4997,It cost $4997.,It cost $1003.,"A friend asked him, ",Was it expensive?,"Charles said, ", Please provide the probability that Charles thinks that the watch is expensive.,False,sharp,5000,5001,watch
Ethan,Ethan bought a new watch,4997,It cost $4997.,It cost $4997.,"A friend asked him, ",Was it expensive?,"Ethan said, ", Please provide the probability that Ethan thinks that the watch is expensive.,False,sharp,5000,5001,watch
Nathan,Nathan bought a new watch,4998,It cost $4998.,It cost $47.,"A friend asked him, ",Was it expensive?,"Nathan said, ", Please provide the probability that Nathan thinks that the watch is expensive.,False,sharp,5000,5001,watch
Alex,Alex bought a new watch,4998,It cost $4998.,It cost $48.,"A friend asked him, ",Was it expensive?,"Alex said, ", Please provide the probability that Alex thinks that the watch is expensive.,False,sharp,5000,5001,watch
Bob,Bob bought a new watch,4998,It cost $4998.,It cost $49.,"A friend asked him, ",Was it expensive?,"Bob said, ", Please provide the probability that Bob thinks that the watch is expensive.,False,sharp,5000,5001,watch
Gary,Gary bought a new watch,4998,It cost $4998.,It cost $50.,"A friend asked him, ",Was it expensive?,"Gary said, ", Please provide the probability that Gary thinks that the watch is expensive.,False,sharp,5000,5001,watch
Winston,Winston bought a new watch,4998,It cost $4998.,It cost $50.,"A friend asked him, ",Was it expensive?,"Winston said, ", Please provide the probability that Winston thinks that the watch is expensive.,False,sharp,5000,5001,watch
Fred,Fred bought a new watch,4998,It cost $4998.,It cost $51.,"A friend asked him, ",Was it expensive?,"Fred said, ", Please provide the probability that Fred thinks that the watch is expensive.,False,sharp,5000,5001,watch
Quinn,Quinn bought a new watch,4998,It cost $4998.,It cost $52.,"A friend asked him, ",Was it expensive?,"Quinn said, ", Please provide the probability that Quinn thinks that the watch is expensive.,False,sharp,5000,5001,watch
Eric,Eric bought a new watch,4998,It cost $4998.,It cost $53.,"A friend asked him, ",Was it expensive?,"Eric said, ", Please provide the probability that Eric thinks that the watch is expensive.,False,sharp,5000,5001,watch
Patrick,Patrick bought a new watch,4998,It cost $4998.,It cost $497.,"A friend asked him, ",Was it expensive?,"Patrick said, ", Please provide the probability that Patrick thinks that the watch is expensive.,False,sharp,5000,5001,watch
Harry,Harry bought a new watch,4998,It cost $4998.,It cost $498.,"A friend asked him, ",Was it expensive?,"Harry said, ", Please provide the probability that Harry thinks that the watch is expensive.,False,sharp,5000,5001,watch
Robert,Robert bought a new watch,4998,It cost $4998.,It cost $499.,"A friend asked him, ",Was it expensive?,"Robert said, ", Please provide the probability that Robert thinks that the watch is expensive.,False,sharp,5000,5001,watch
Calvin,Calvin bought a new watch,4998,It cost $4998.,It cost $500.,"A friend asked him, ",Was it expensive?,"Calvin said, ", Please provide the probability that Calvin thinks that the watch is expensive.,False,sharp,5000,5001,watch
Gary,Gary bought a new watch,4998,It cost $4998.,It cost $500.,"A friend asked him, ",Was it expensive?,"Gary said, ", Please provide the probability that Gary thinks that the watch is expensive.,False,sharp,5000,5001,watch
George,George bought a new watch,4998,It cost $4998.,It cost $501.,"A friend asked him, ",Was it expensive?,"George said, ", Please provide the probability that George thinks that the watch is expensive.,False,sharp,5000,5001,watch
Nathan,Nathan bought a new watch,4998,It cost $4998.,It cost $502.,"A friend asked him, ",Was it expensive?,"Nathan said, ", Please provide the probability that Nathan thinks that the watch is expensive.,False,sharp,5000,5001,watch
Zach,Zach bought a new watch,4998,It cost $4998.,It cost $503.,"A friend asked him, ",Was it expensive?,"Zach said, ", Please provide the probability that Zach thinks that the watch is expensive.,False,sharp,5000,5001,watch
Alex,Alex bought a new watch,4998,It cost $4998.,It cost $997.,"A friend asked him, ",Was it expensive?,"Alex said, ", Please provide the probability that Alex thinks that the watch is expensive.,False,sharp,5000,5001,watch
George,George bought a new watch,4998,It cost $4998.,It cost $998.,"A friend asked him, ",Was it expensive?,"George said, ", Please provide the probability that George thinks that the watch is expensive.,False,sharp,5000,5001,watch
Calvin,Calvin bought a new watch,4998,It cost $4998.,It cost $999.,"A friend asked him, ",Was it expensive?,"Calvin said, ", Please provide the probability that Calvin thinks that the watch is expensive.,False,sharp,5000,5001,watch
Daniel,Daniel bought a new watch,4998,It cost $4998.,It cost $1000.,"A friend asked him, ",Was it expensive?,"Daniel said, ", Please provide the probability that Daniel thinks that the watch is expensive.,False,sharp,5000,5001,watch
Ivan,Ivan bought a new watch,4998,It cost $4998.,It cost $1000.,"A friend asked him, ",Was it expensive?,"Ivan said, ", Please provide the probability that Ivan thinks that the watch is expensive.,False,sharp,5000,5001,watch
Matt,Matt bought a new watch,4998,It cost $4998.,It cost $1001.,"A friend asked him, ",Was it expensive?,"Matt said, ", Please provide the probability that Matt thinks that the watch is expensive.,False,sharp,5000,5001,watch
Matt,Matt bought a new watch,4998,It cost $4998.,It cost $1002.,"A friend asked him, ",Was it expensive?,"Matt said, ", Please provide the probability that Matt thinks that the watch is expensive.,False,sharp,5000,5001,watch
Frank,Frank bought a new watch,4998,It cost $4998.,It cost $1003.,"A friend asked him, ",Was it expensive?,"Frank said, ", Please provide the probability that Frank thinks that the watch is expensive.,False,sharp,5000,5001,watch
Ivan,Ivan bought a new watch,4998,It cost $4998.,It cost $4997.,"A friend asked him, ",Was it expensive?,"Ivan said, ", Please provide the probability that Ivan thinks that the watch is expensive.,False,sharp,5000,5001,watch
Zach,Zach bought a new watch,4998,It cost $4998.,It cost $4998.,"A friend asked him, ",Was it expensive?,"Zach said, ", Please provide the probability that Zach thinks that the watch is expensive.,False,sharp,5000,5001,watch
Ethan,Ethan bought a new watch,4999,It cost $4999.,It cost $47.,"A friend asked him, ",Was it expensive?,"Ethan said, ", Please provide the probability that Ethan thinks that the watch is expensive.,True,sharp,5000,5001,watch
Tom,Tom bought a new watch,4999,It cost $4999.,It cost $48.,"A friend asked him, ",Was it expensive?,"Tom said, ", Please provide the probability that Tom thinks that the watch is expensive.,True,sharp,5000,5001,watch
Ivan,Ivan bought a new watch,4999,It cost $4999.,It cost $49.,"A friend asked him, ",Was it expensive?,"Ivan said, ", Please provide the probability that Ivan thinks that the watch is expensive.,True,sharp,5000,5001,watch
Winston,Winston bought a new watch,4999,It cost $4999.,It cost $50.,"A friend asked him, ",Was it expensive?,"Winston said, ", Please provide the probability that Winston thinks that the watch is expensive.,True,sharp,5000,5001,watch
Zach,Zach bought a new watch,4999,It cost $4999.,It cost $50.,"A friend asked him, ",Was it expensive?,"Zach said, ", Please provide the probability that Zach thinks that the watch is expensive.,True,sharp,5000,5001,watch
Ivan,Ivan bought a new watch,4999,It cost $4999.,It cost $51.,"A friend asked him, ",Was it expensive?,"Ivan said, ", Please provide the probability that Ivan thinks that the watch is expensive.,True,sharp,5000,5001,watch
Albert,Albert bought a new watch,4999,It cost $4999.,It cost $52.,"A friend asked him, ",Was it expensive?,"Albert said, ", Please provide the probability that Albert thinks that the watch is expensive.,True,sharp,5000,5001,watch
Patrick,Patrick bought a new watch,4999,It cost $4999.,It cost $53.,"A friend asked him, ",Was it expensive?,"Patrick said, ", Please provide the probability that Patrick thinks that the watch is expensive.,True,sharp,5000,5001,watch
Ethan,Ethan bought a new watch,4999,It cost $4999.,It cost $497.,"A friend asked him, ",Was it expensive?,"Ethan said, ", Please provide the probability that Ethan thinks that the watch is expensive.,True,sharp,5000,5001,watch
Harry,Harry bought a new watch,4999,It cost $4999.,It cost $498.,"A friend asked him, ",Was it expensive?,"Harry said, ", Please provide the probability that Harry thinks that the watch is expensive.,True,sharp,5000,5001,watch
Frank,Frank bought a new watch,4999,It cost $4999.,It cost $499.,"A friend asked him, ",Was it expensive?,"Frank said, ", Please provide the probability that Frank thinks that the watch is expensive.,True,sharp,5000,5001,watch
Charles,Charles bought a new watch,4999,It cost $4999.,It cost $500.,"A friend asked him, ",Was it expensive?,"Charles said, ", Please provide the probability that Charles thinks that the watch is expensive.,True,sharp,5000,5001,watch
David,David bought a new watch,4999,It cost $4999.,It cost $500.,"A friend asked him, ",Was it expensive?,"David said, ", Please provide the probability that David thinks that the watch is expensive.,True,sharp,5000,5001,watch
Ivan,Ivan bought a new watch,4999,It cost $4999.,It cost $501.,"A friend asked him, ",Was it expensive?,"Ivan said, ", Please provide the probability that Ivan thinks that the watch is expensive.,True,sharp,5000,5001,watch
Nathan,Nathan bought a new watch,4999,It cost $4999.,It cost $502.,"A friend asked him, ",Was it expensive?,"Nathan said, ", Please provide the probability that Nathan thinks that the watch is expensive.,True,sharp,5000,5001,watch
Bob,Bob bought a new watch,4999,It cost $4999.,It cost $503.,"A friend asked him, ",Was it expensive?,"Bob said, ", Please provide the probability that Bob thinks that the watch is expensive.,True,sharp,5000,5001,watch
Patrick,Patrick bought a new watch,4999,It cost $4999.,It cost $997.,"A friend asked him, ",Was it expensive?,"Patrick said, ", Please provide the probability that Patrick thinks that the watch is expensive.,True,sharp,5000,5001,watch
David,David bought a new watch,4999,It cost $4999.,It cost $998.,"A friend asked him, ",Was it expensive?,"David said, ", Please provide the probability that David thinks that the watch is expensive.,True,sharp,5000,5001,watch
Harry,Harry bought a new watch,4999,It cost $4999.,It cost $999.,"A friend asked him, ",Was it expensive?,"Harry said, ", Please provide the probability that Harry thinks that the watch is expensive.,True,sharp,5000,5001,watch
Frank,Frank bought a new watch,4999,It cost $4999.,It cost $1000.,"A friend asked him, ",Was it expensive?,"Frank said, ", Please provide the probability that Frank thinks that the watch is expensive.,True,sharp,5000,5001,watch
Steve,Steve bought a new watch,4999,It cost $4999.,It cost $1000.,"A friend asked him, ",Was it expensive?,"Steve said, ", Please provide the probability that Steve thinks that the watch is expensive.,True,sharp,5000,5001,watch
Robert,Robert bought a new watch,4999,It cost $4999.,It cost $1001.,"A friend asked him, ",Was it expensive?,"Robert said, ", Please provide the probability that Robert thinks that the watch is expensive.,True,sharp,5000,5001,watch
Winston,Winston bought a new watch,4999,It cost $4999.,It cost $1002.,"A friend asked him, ",Was it expensive?,"Winston said, ", Please provide the probability that Winston thinks that the watch is expensive.,True,sharp,5000,5001,watch
Barry,Barry bought a new watch,4999,It cost $4999.,It cost $1003.,"A friend asked him, ",Was it expensive?,"Barry said, ", Please provide the probability that Barry thinks that the watch is expensive.,True,sharp,5000,5001,watch
Eric,Eric bought a new watch,4999,It cost $4999.,It cost $4997.,"A friend asked him, ",Was it expensive?,"Eric said, ", Please provide the probability that Eric thinks that the watch is expensive.,True,sharp,5000,5001,watch
Eric,Eric bought a new watch,4999,It cost $4999.,It cost $4998.,"A friend asked him, ",Was it expensive?,"Eric said, ", Please provide the probability that Eric thinks that the watch is expensive.,True,sharp,5000,5001,watch
Ivan,Ivan bought a new watch,4999,It cost $4999.,It cost $4999.,"A friend asked him, ",Was it expensive?,"Ivan said, ", Please provide the probability that Ivan thinks that the watch is expensive.,True,sharp,5000,5001,watch
Daniel,Daniel bought a new watch,5000,It cost $5000.,It cost $47.,"A friend asked him, ",Was it expensive?,"Daniel said, ", Please provide the probability that Daniel thinks that the watch is expensive.,True,round,5000,5000,watch
Victor,Victor bought a new watch,5000,It cost $5000.,It cost $48.,"A friend asked him, ",Was it expensive?,"Victor said, ", Please provide the probability that Victor thinks that the watch is expensive.,True,round,5000,5000,watch
Victor,Victor bought a new watch,5000,It cost $5000.,It cost $49.,"A friend asked him, ",Was it expensive?,"Victor said, ", Please provide the probability that Victor thinks that the watch is expensive.,True,round,5000,5000,watch
George,George bought a new watch,5000,It cost $5000.,It cost $50.,"A friend asked him, ",Was it expensive?,"George said, ", Please provide the probability that George thinks that the watch is expensive.,True,round,5000,5000,watch
Zach,Zach bought a new watch,5000,It cost $5000.,It cost $50.,"A friend asked him, ",Was it expensive?,"Zach said, ", Please provide the probability that Zach thinks that the watch is expensive.,True,round,5000,5000,watch
Frank,Frank bought a new watch,5000,It cost $5000.,It cost $51.,"A friend asked him, ",Was it expensive?,"Frank said, ", Please provide the probability that Frank thinks that the watch is expensive.,True,round,5000,5000,watch
David,David bought a new watch,5000,It cost $5000.,It cost $52.,"A friend asked him, ",Was it expensive?,"David said, ", Please provide the probability that David thinks that the watch is expensive.,True,round,5000,5000,watch
Fred,Fred bought a new watch,5000,It cost $5000.,It cost $53.,"A friend asked him, ",Was it expensive?,"Fred said, ", Please provide the probability that Fred thinks that the watch is expensive.,True,round,5000,5000,watch
Owen,Owen bought a new watch,5000,It cost $5000.,It cost $497.,"A friend asked him, ",Was it expensive?,"Owen said, ", Please provide the probability that Owen thinks that the watch is expensive.,True,round,5000,5000,watch
Quinn,Quinn bought a new watch,5000,It cost $5000.,It cost $498.,"A friend asked him, ",Was it expensive?,"Quinn said, ", Please provide the probability that Quinn thinks that the watch is expensive.,True,round,5000,5000,watch
Winston,Winston bought a new watch,5000,It cost $5000.,It cost $499.,"A friend asked him, ",Was it expensive?,"Winston said, ", Please provide the probability that Winston thinks that the watch is expensive.,True,round,5000,5000,watch
Eric,Eric bought a new watch,5000,It cost $5000.,It cost $500.,"A friend asked him, ",Was it expensive?,"Eric said, ", Please provide the probability that Eric thinks that the watch is expensive.,True,round,5000,5000,watch
Matt,Matt bought a new watch,5000,It cost $5000.,It cost $500.,"A friend asked him, ",Was it expensive?,"Matt said, ", Please provide the probability that Matt thinks that the watch is expensive.,True,round,5000,5000,watch
Owen,Owen bought a new watch,5000,It cost $5000.,It cost $501.,"A friend asked him, ",Was it expensive?,"Owen said, ", Please provide the probability that Owen thinks that the watch is expensive.,True,round,5000,5000,watch
Robert,Robert bought a new watch,5000,It cost $5000.,It cost $502.,"A friend asked him, ",Was it expensive?,"Robert said, ", Please provide the probability that Robert thinks that the watch is expensive.,True,round,5000,5000,watch
Gary,Gary bought a new watch,5000,It cost $5000.,It cost $503.,"A friend asked him, ",Was it expensive?,"Gary said, ", Please provide the probability that Gary thinks that the watch is expensive.,True,round,5000,5000,watch
Victor,Victor bought a new watch,5000,It cost $5000.,It cost $997.,"A friend asked him, ",Was it expensive?,"Victor said, ", Please provide the probability that Victor thinks that the watch is expensive.,True,round,5000,5000,watch
Fred,Fred bought a new watch,5000,It cost $5000.,It cost $998.,"A friend asked him, ",Was it expensive?,"Fred said, ", Please provide the probability that Fred thinks that the watch is expensive.,True,round,5000,5000,watch
Bob,Bob bought a new watch,5000,It cost $5000.,It cost $999.,"A friend asked him, ",Was it expensive?,"Bob said, ", Please provide the probability that Bob thinks that the watch is expensive.,True,round,5000,5000,watch
Victor,Victor bought a new watch,5000,It cost $5000.,It cost $1000.,"A friend asked him, ",Was it expensive?,"Victor said, ", Please provide the probability that Victor thinks that the watch is expensive.,True,round,5000,5000,watch
Charles,Charles bought a new watch,5000,It cost $5000.,It cost $1000.,"A friend asked him, ",Was it expensive?,"Charles said, ", Please provide the probability that Charles thinks that the watch is expensive.,True,round,5000,5000,watch
Alex,Alex bought a new watch,5000,It cost $5000.,It cost $1001.,"A friend asked him, ",Was it expensive?,"Alex said, ", Please provide the probability that Alex thinks that the watch is expensive.,True,round,5000,5000,watch
Winston,Winston bought a new watch,5000,It cost $5000.,It cost $1002.,"A friend asked him, ",Was it expensive?,"Winston said, ", Please provide the probability that Winston thinks that the watch is expensive.,True,round,5000,5000,watch
David,David bought a new watch,5000,It cost $5000.,It cost $1003.,"A friend asked him, ",Was it expensive?,"David said, ", Please provide the probability that David thinks that the watch is expensive.,True,round,5000,5000,watch
Victor,Victor bought a new watch,5000,It cost $5000.,It cost $4997.,"A friend asked him, ",Was it expensive?,"Victor said, ", Please provide the probability that Victor thinks that the watch is expensive.,True,round,5000,5000,watch
Luke,Luke bought a new watch,5000,It cost $5000.,It cost $4998.,"A friend asked him, ",Was it expensive?,"Luke said, ", Please provide the probability that Luke thinks that the watch is expensive.,True,round,5000,5000,watch
Nathan,Nathan bought a new watch,5000,It cost $5000.,It cost $4999.,"A friend asked him, ",Was it expensive?,"Nathan said, ", Please provide the probability that Nathan thinks that the watch is expensive.,True,round,5000,5000,watch
Winston,Winston bought a new watch,5000,It cost $5000.,It cost $5000.,"A friend asked him, ",Was it expensive?,"Winston said, ", Please provide the probability that Winston thinks that the watch is expensive.,True,round,5000,5000,watch
Alex,Alex bought a new watch,5000,It cost $5000.,It cost $5000.,"A friend asked him, ",Was it expensive?,"Alex said, ", Please provide the probability that Alex thinks that the watch is expensive.,True,round,5000,5000,watch
Daniel,Daniel bought a new watch,5000,It cost $5000.,It cost $47.,"A friend asked him, ",Was it expensive?,"Daniel said, ", Please provide the probability that Daniel thinks that the watch is expensive.,True,round,5000,5000,watch
Frank,Frank bought a new watch,5000,It cost $5000.,It cost $48.,"A friend asked him, ",Was it expensive?,"Frank said, ", Please provide the probability that Frank thinks that the watch is expensive.,True,round,5000,5000,watch
David,David bought a new watch,5000,It cost $5000.,It cost $49.,"A friend asked him, ",Was it expensive?,"David said, ", Please provide the probability that David thinks that the watch is expensive.,True,round,5000,5000,watch
Fred,Fred bought a new watch,5000,It cost $5000.,It cost $50.,"A friend asked him, ",Was it expensive?,"Fred said, ", Please provide the probability that Fred thinks that the watch is expensive.,True,round,5000,5000,watch
Patrick,Patrick bought a new watch,5000,It cost $5000.,It cost $50.,"A friend asked him, ",Was it expensive?,"Patrick said, ", Please provide the probability that Patrick thinks that the watch is expensive.,True,round,5000,5000,watch
Calvin,Calvin bought a new watch,5000,It cost $5000.,It cost $51.,"A friend asked him, ",Was it expensive?,"Calvin said, ", Please provide the probability that Calvin thinks that the watch is expensive.,True,round,5000,5000,watch
Winston,Winston bought a new watch,5000,It cost $5000.,It cost $52.,"A friend asked him, ",Was it expensive?,"Winston said, ", Please provide the probability that Winston thinks that the watch is expensive.,True,round,5000,5000,watch
George,George bought a new watch,5000,It cost $5000.,It cost $53.,"A friend asked him, ",Was it expensive?,"George said, ", Please provide the probability that George thinks that the watch is expensive.,True,round,5000,5000,watch
Fred,Fred bought a new watch,5000,It cost $5000.,It cost $497.,"A friend asked him, ",Was it expensive?,"Fred said, ", Please provide the probability that Fred thinks that the watch is expensive.,True,round,5000,5000,watch
Jake,Jake bought a new watch,5000,It cost $5000.,It cost $498.,"A friend asked him, ",Was it expensive?,"Jake said, ", Please provide the probability that Jake thinks that the watch is expensive.,True,round,5000,5000,watch
Daniel,Daniel bought a new watch,5000,It cost $5000.,It cost $499.,"A friend asked him, ",Was it expensive?,"Daniel said, ", Please provide the probability that Daniel thinks that the watch is expensive.,True,round,5000,5000,watch
Winston,Winston bought a new watch,5000,It cost $5000.,It cost $500.,"A friend asked him, ",Was it expensive?,"Winston said, ", Please provide the probability that Winston thinks that the watch is expensive.,True,round,5000,5000,watch
Harry,Harry bought a new watch,5000,It cost $5000.,It cost $500.,"A friend asked him, ",Was it expensive?,"Harry said, ", Please provide the probability that Harry thinks that the watch is expensive.,True,round,5000,5000,watch
Bob,Bob bought a new watch,5000,It cost $5000.,It cost $501.,"A friend asked him, ",Was it expensive?,"Bob said, ", Please provide the probability that Bob thinks that the watch is expensive.,True,round,5000,5000,watch
David,David bought a new watch,5000,It cost $5000.,It cost $502.,"A friend asked him, ",Was it expensive?,"David said, ", Please provide the probability that David thinks that the watch is expensive.,True,round,5000,5000,watch
Robert,Robert bought a new watch,5000,It cost $5000.,It cost $503.,"A friend asked him, ",Was it expensive?,"Robert said, ", Please provide the probability that Robert thinks that the watch is expensive.,True,round,5000,5000,watch
Ethan,Ethan bought a new watch,5000,It cost $5000.,It cost $997.,"A friend asked him, ",Was it expensive?,"Ethan said, ", Please provide the probability that Ethan thinks that the watch is expensive.,True,round,5000,5000,watch
Eric,Eric bought a new watch,5000,It cost $5000.,It cost $998.,"A friend asked him, ",Was it expensive?,"Eric said, ", Please provide the probability that Eric thinks that the watch is expensive.,True,round,5000,5000,watch
Frank,Frank bought a new watch,5000,It cost $5000.,It cost $999.,"A friend asked him, ",Was it expensive?,"Frank said, ", Please provide the probability that Frank thinks that the watch is expensive.,True,round,5000,5000,watch
Calvin,Calvin bought a new watch,5000,It cost $5000.,It cost $1000.,"A friend asked him, ",Was it expensive?,"Calvin said, ", Please provide the probability that Calvin thinks that the watch is expensive.,True,round,5000,5000,watch
Matt,Matt bought a new watch,5000,It cost $5000.,It cost $1000.,"A friend asked him, ",Was it expensive?,"Matt said, ", Please provide the probability that Matt thinks that the watch is expensive.,True,round,5000,5000,watch
Fred,Fred bought a new watch,5000,It cost $5000.,It cost $1001.,"A friend asked him, ",Was it expensive?,"Fred said, ", Please provide the probability that Fred thinks that the watch is expensive.,True,round,5000,5000,watch
Alex,Alex bought a new watch,5000,It cost $5000.,It cost $1002.,"A friend asked him, ",Was it expensive?,"Alex said, ", Please provide the probability that Alex thinks that the watch is expensive.,True,round,5000,5000,watch
Matt,Matt bought a new watch,5000,It cost $5000.,It cost $1003.,"A friend asked him, ",Was it expensive?,"Matt said, ", Please provide the probability that Matt thinks that the watch is expensive.,True,round,5000,5000,watch
Harry,Harry bought a new watch,5000,It cost $5000.,It cost $4997.,"A friend asked him, ",Was it expensive?,"Harry said, ", Please provide the probability that Harry thinks that the watch is expensive.,True,round,5000,5000,watch
Luke,Luke bought a new watch,5000,It cost $5000.,It cost $4998.,"A friend asked him, ",Was it expensive?,"Luke said, ", Please provide the probability that Luke thinks that the watch is expensive.,True,round,5000,5000,watch
Fred,Fred bought a new watch,5000,It cost $5000.,It cost $4999.,"A friend asked him, ",Was it expensive?,"Fred said, ", Please provide the probability that Fred thinks that the watch is expensive.,True,round,5000,5000,watch
Gary,Gary bought a new watch,5000,It cost $5000.,It cost $5000.,"A friend asked him, ",Was it expensive?,"Gary said, ", Please provide the probability that Gary thinks that the watch is expensive.,True,round,5000,5000,watch
Fred,Fred bought a new watch,5000,It cost $5000.,It cost $5000.,"A friend asked him, ",Was it expensive?,"Fred said, ", Please provide the probability that Fred thinks that the watch is expensive.,True,round,5000,5000,watch
Eric,Eric bought a new watch,5001,It cost $5001.,It cost $47.,"A friend asked him, ",Was it expensive?,"Eric said, ", Please provide the probability that Eric thinks that the watch is expensive.,False,sharp,5000,5001,watch
Victor,Victor bought a new watch,5001,It cost $5001.,It cost $48.,"A friend asked him, ",Was it expensive?,"Victor said, ", Please provide the probability that Victor thinks that the watch is expensive.,False,sharp,5000,5001,watch
Albert,Albert bought a new watch,5001,It cost $5001.,It cost $49.,"A friend asked him, ",Was it expensive?,"Albert said, ", Please provide the probability that Albert thinks that the watch is expensive.,False,sharp,5000,5001,watch
Robert,Robert bought a new watch,5001,It cost $5001.,It cost $50.,"A friend asked him, ",Was it expensive?,"Robert said, ", Please provide the probability that Robert thinks that the watch is expensive.,False,sharp,5000,5001,watch
Luke,Luke bought a new watch,5001,It cost $5001.,It cost $50.,"A friend asked him, ",Was it expensive?,"Luke said, ", Please provide the probability that Luke thinks that the watch is expensive.,False,sharp,5000,5001,watch
George,George bought a new watch,5001,It cost $5001.,It cost $51.,"A friend asked him, ",Was it expensive?,"George said, ", Please provide the probability that George thinks that the watch is expensive.,False,sharp,5000,5001,watch
Alex,Alex bought a new watch,5001,It cost $5001.,It cost $52.,"A friend asked him, ",Was it expensive?,"Alex said, ", Please provide the probability that Alex thinks that the watch is expensive.,False,sharp,5000,5001,watch
Daniel,Daniel bought a new watch,5001,It cost $5001.,It cost $53.,"A friend asked him, ",Was it expensive?,"Daniel said, ", Please provide the probability that Daniel thinks that the watch is expensive.,False,sharp,5000,5001,watch
Steve,Steve bought a new watch,5001,It cost $5001.,It cost $497.,"A friend asked him, ",Was it expensive?,"Steve said, ", Please provide the probability that Steve thinks that the watch is expensive.,False,sharp,5000,5001,watch
Luke,Luke bought a new watch,5001,It cost $5001.,It cost $498.,"A friend asked him, ",Was it expensive?,"Luke said, ", Please provide the probability that Luke thinks that the watch is expensive.,False,sharp,5000,5001,watch
Matt,Matt bought a new watch,5001,It cost $5001.,It cost $499.,"A friend asked him, ",Was it expensive?,"Matt said, ", Please provide the probability that Matt thinks that the watch is expensive.,False,sharp,5000,5001,watch
David,David bought a new watch,5001,It cost $5001.,It cost $500.,"A friend asked him, ",Was it expensive?,"David said, ", Please provide the probability that David thinks that the watch is expensive.,False,sharp,5000,5001,watch
Harry,Harry bought a new watch,5001,It cost $5001.,It cost $500.,"A friend asked him, ",Was it expensive?,"Harry said, ", Please provide the probability that Harry thinks that the watch is expensive.,False,sharp,5000,5001,watch
Eric,Eric bought a new watch,5001,It cost $5001.,It cost $501.,"A friend asked him, ",Was it expensive?,"Eric said, ", Please provide the probability that Eric thinks that the watch is expensive.,False,sharp,5000,5001,watch
Luke,Luke bought a new watch,5001,It cost $5001.,It cost $502.,"A friend asked him, ",Was it expensive?,"Luke said, ", Please provide the probability that Luke thinks that the watch is expensive.,False,sharp,5000,5001,watch
Luke,Luke bought a new watch,5001,It cost $5001.,It cost $503.,"A friend asked him, ",Was it expensive?,"Luke said, ", Please provide the probability that Luke thinks that the watch is expensive.,False,sharp,5000,5001,watch
Frank,Frank bought a new watch,5001,It cost $5001.,It cost $997.,"A friend asked him, ",Was it expensive?,"Frank said, ", Please provide the probability that Frank thinks that the watch is expensive.,False,sharp,5000,5001,watch
Ethan,Ethan bought a new watch,5001,It cost $5001.,It cost $998.,"A friend asked him, ",Was it expensive?,"Ethan said, ", Please provide the probability that Ethan thinks that the watch is expensive.,False,sharp,5000,5001,watch
Victor,Victor bought a new watch,5001,It cost $5001.,It cost $999.,"A friend asked him, ",Was it expensive?,"Victor said, ", Please provide the probability that Victor thinks that the watch is expensive.,False,sharp,5000,5001,watch
Robert,Robert bought a new watch,5001,It cost $5001.,It cost $1000.,"A friend asked him, ",Was it expensive?,"Robert said, ", Please provide the probability that Robert thinks that the watch is expensive.,False,sharp,5000,5001,watch
Bob,Bob bought a new watch,5001,It cost $5001.,It cost $1000.,"A friend asked him, ",Was it expensive?,"Bob said, ", Please provide the probability that Bob thinks that the watch is expensive.,False,sharp,5000,5001,watch
Owen,Owen bought a new watch,5001,It cost $5001.,It cost $1001.,"A friend asked him, ",Was it expensive?,"Owen said, ", Please provide the probability that Owen thinks that the watch is expensive.,False,sharp,5000,5001,watch
Harry,Harry bought a new watch,5001,It cost $5001.,It cost $1002.,"A friend asked him, ",Was it expensive?,"Harry said, ", Please provide the probability that Harry thinks that the watch is expensive.,False,sharp,5000,5001,watch
Quinn,Quinn bought a new watch,5001,It cost $5001.,It cost $1003.,"A friend asked him, ",Was it expensive?,"Quinn said, ", Please provide the probability that Quinn thinks that the watch is expensive.,False,sharp,5000,5001,watch
Harry,Harry bought a new watch,5001,It cost $5001.,It cost $4997.,"A friend asked him, ",Was it expensive?,"Harry said, ", Please provide the probability that Harry thinks that the watch is expensive.,False,sharp,5000,5001,watch
Robert,Robert bought a new watch,5001,It cost $5001.,It cost $4998.,"A friend asked him, ",Was it expensive?,"Robert said, ", Please provide the probability that Robert thinks that the watch is expensive.,False,sharp,5000,5001,watch
Ivan,Ivan bought a new watch,5001,It cost $5001.,It cost $4999.,"A friend asked him, ",Was it expensive?,"Ivan said, ", Please provide the probability that Ivan thinks that the watch is expensive.,False,sharp,5000,5001,watch
Charles,Charles bought a new watch,5001,It cost $5001.,It cost $5000.,"A friend asked him, ",Was it expensive?,"Charles said, ", Please provide the probability that Charles thinks that the watch is expensive.,False,sharp,5000,5001,watch
Calvin,Calvin bought a new watch,5001,It cost $5001.,It cost $5000.,"A friend asked him, ",Was it expensive?,"Calvin said, ", Please provide the probability that Calvin thinks that the watch is expensive.,False,sharp,5000,5001,watch
Luke,Luke bought a new watch,5001,It cost $5001.,It cost $5001.,"A friend asked him, ",Was it expensive?,"Luke said, ", Please provide the probability that Luke thinks that the watch is expensive.,False,sharp,5000,5001,watch
Harry,Harry bought a new watch,5002,It cost $5002.,It cost $47.,"A friend asked him, ",Was it expensive?,"Harry said, ", Please provide the probability that Harry thinks that the watch is expensive.,False,sharp,5000,5001,watch
Albert,Albert bought a new watch,5002,It cost $5002.,It cost $48.,"A friend asked him, ",Was it expensive?,"Albert said, ", Please provide the probability that Albert thinks that the watch is expensive.,False,sharp,5000,5001,watch
Ethan,Ethan bought a new watch,5002,It cost $5002.,It cost $49.,"A friend asked him, ",Was it expensive?,"Ethan said, ", Please provide the probability that Ethan thinks that the watch is expensive.,False,sharp,5000,5001,watch
Patrick,Patrick bought a new watch,5002,It cost $5002.,It cost $50.,"A friend asked him, ",Was it expensive?,"Patrick said, ", Please provide the probability that Patrick thinks that the watch is expensive.,False,sharp,5000,5001,watch
Jake,Jake bought a new watch,5002,It cost $5002.,It cost $50.,"A friend asked him, ",Was it expensive?,"Jake said, ", Please provide the probability that Jake thinks that the watch is expensive.,False,sharp,5000,5001,watch
Tom,Tom bought a new watch,5002,It cost $5002.,It cost $51.,"A friend asked him, ",Was it expensive?,"Tom said, ", Please provide the probability that Tom thinks that the watch is expensive.,False,sharp,5000,5001,watch
Luke,Luke bought a new watch,5002,It cost $5002.,It cost $52.,"A friend asked him, ",Was it expensive?,"Luke said, ", Please provide the probability that Luke thinks that the watch is expensive.,False,sharp,5000,5001,watch
Ivan,Ivan bought a new watch,5002,It cost $5002.,It cost $53.,"A friend asked him, ",Was it expensive?,"Ivan said, ", Please provide the probability that Ivan thinks that the watch is expensive.,False,sharp,5000,5001,watch
Patrick,Patrick bought a new watch,5002,It cost $5002.,It cost $497.,"A friend asked him, ",Was it expensive?,"Patrick said, ", Please provide the probability that Patrick thinks that the watch is expensive.,False,sharp,5000,5001,watch
Winston,Winston bought a new watch,5002,It cost $5002.,It cost $498.,"A friend asked him, ",Was it expensive?,"Winston said, ", Please provide the probability that Winston thinks that the watch is expensive.,False,sharp,5000,5001,watch
Ethan,Ethan bought a new watch,5002,It cost $5002.,It cost $499.,"A friend asked him, ",Was it expensive?,"Ethan said, ", Please provide the probability that Ethan thinks that the watch is expensive.,False,sharp,5000,5001,watch
Tom,Tom bought a new watch,5002,It cost $5002.,It cost $500.,"A friend asked him, ",Was it expensive?,"Tom said, ", Please provide the probability that Tom thinks that the watch is expensive.,False,sharp,5000,5001,watch
Daniel,Daniel bought a new watch,5002,It cost $5002.,It cost $500.,"A friend asked him, ",Was it expensive?,"Daniel said, ", Please provide the probability that Daniel thinks that the watch is expensive.,False,sharp,5000,5001,watch
Daniel,Daniel bought a new watch,5002,It cost $5002.,It cost $501.,"A friend asked him, ",Was it expensive?,"Daniel said, ", Please provide the probability that Daniel thinks that the watch is expensive.,False,sharp,5000,5001,watch
Bob,Bob bought a new watch,5002,It cost $5002.,It cost $502.,"A friend asked him, ",Was it expensive?,"Bob said, ", Please provide the probability that Bob thinks that the watch is expensive.,False,sharp,5000,5001,watch
Jake,Jake bought a new watch,5002,It cost $5002.,It cost $503.,"A friend asked him, ",Was it expensive?,"Jake said, ", Please provide the probability that Jake thinks that the watch is expensive.,False,sharp,5000,5001,watch
Robert,Robert bought a new watch,5002,It cost $5002.,It cost $997.,"A friend asked him, ",Was it expensive?,"Robert said, ", Please provide the probability that Robert thinks that the watch is expensive.,False,sharp,5000,5001,watch
Owen,Owen bought a new watch,5002,It cost $5002.,It cost $998.,"A friend asked him, ",Was it expensive?,"Owen said, ", Please provide the probability that Owen thinks that the watch is expensive.,False,sharp,5000,5001,watch
David,David bought a new watch,5002,It cost $5002.,It cost $999.,"A friend asked him, ",Was it expensive?,"David said, ", Please provide the probability that David thinks that the watch is expensive.,False,sharp,5000,5001,watch
Harry,Harry bought a new watch,5002,It cost $5002.,It cost $1000.,"A friend asked him, ",Was it expensive?,"Harry said, ", Please provide the probability that Harry thinks that the watch is expensive.,False,sharp,5000,5001,watch
Matt,Matt bought a new watch,5002,It cost $5002.,It cost $1000.,"A friend asked him, ",Was it expensive?,"Matt said, ", Please provide the probability that Matt thinks that the watch is expensive.,False,sharp,5000,5001,watch
Victor,Victor bought a new watch,5002,It cost $5002.,It cost $1001.,"A friend asked him, ",Was it expensive?,"Victor said, ", Please provide the probability that Victor thinks that the watch is expensive.,False,sharp,5000,5001,watch
George,George bought a new watch,5002,It cost $5002.,It cost $1002.,"A friend asked him, ",Was it expensive?,"George said, ", Please provide the probability that George thinks that the watch is expensive.,False,sharp,5000,5001,watch
Albert,Albert bought a new watch,5002,It cost $5002.,It cost $1003.,"A friend asked him, ",Was it expensive?,"Albert said, ", Please provide the probability that Albert thinks that the watch is expensive.,False,sharp,5000,5001,watch
Zach,Zach bought a new watch,5002,It cost $5002.,It cost $4997.,"A friend asked him, ",Was it expensive?,"Zach said, ", Please provide the probability that Zach thinks that the watch is expensive.,False,sharp,5000,5001,watch
Robert,Robert bought a new watch,5002,It cost $5002.,It cost $4998.,"A friend asked him, ",Was it expensive?,"Robert said, ", Please provide the probability that Robert thinks that the watch is expensive.,False,sharp,5000,5001,watch
Ivan,Ivan bought a new watch,5002,It cost $5002.,It cost $4999.,"A friend asked him, ",Was it expensive?,"Ivan said, ", Please provide the probability that Ivan thinks that the watch is expensive.,False,sharp,5000,5001,watch
David,David bought a new watch,5002,It cost $5002.,It cost $5000.,"A friend asked him, ",Was it expensive?,"David said, ", Please provide the probability that David thinks that the watch is expensive.,False,sharp,5000,5001,watch
Fred,Fred bought a new watch,5002,It cost $5002.,It cost $5000.,"A friend asked him, ",Was it expensive?,"Fred said, ", Please provide the probability that Fred thinks that the watch is expensive.,False,sharp,5000,5001,watch
Quinn,Quinn bought a new watch,5002,It cost $5002.,It cost $5001.,"A friend asked him, ",Was it expensive?,"Quinn said, ", Please provide the probability that Quinn thinks that the watch is expensive.,False,sharp,5000,5001,watch
Harry,Harry bought a new watch,5002,It cost $5002.,It cost $5002.,"A friend asked him, ",Was it expensive?,"Harry said, ", Please provide the probability that Harry thinks that the watch is expensive.,False,sharp,5000,5001,watch
Albert,Albert bought a new watch,5003,It cost $5003.,It cost $47.,"A friend asked him, ",Was it expensive?,"Albert said, ", Please provide the probability that Albert thinks that the watch is expensive.,False,sharp,5000,5001,watch
Gary,Gary bought a new watch,5003,It cost $5003.,It cost $48.,"A friend asked him, ",Was it expensive?,"Gary said, ", Please provide the probability that Gary thinks that the watch is expensive.,False,sharp,5000,5001,watch
Charles,Charles bought a new watch,5003,It cost $5003.,It cost $49.,"A friend asked him, ",Was it expensive?,"Charles said, ", Please provide the probability that Charles thinks that the watch is expensive.,False,sharp,5000,5001,watch
Quinn,Quinn bought a new watch,5003,It cost $5003.,It cost $50.,"A friend asked him, ",Was it expensive?,"Quinn said, ", Please provide the probability that Quinn thinks that the watch is expensive.,False,sharp,5000,5001,watch
Robert,Robert bought a new watch,5003,It cost $5003.,It cost $50.,"A friend asked him, ",Was it expensive?,"Robert said, ", Please provide the probability that Robert thinks that the watch is expensive.,False,sharp,5000,5001,watch
Harry,Harry bought a new watch,5003,It cost $5003.,It cost $51.,"A friend asked him, ",Was it expensive?,"Harry said, ", Please provide the probability that Harry thinks that the watch is expensive.,False,sharp,5000,5001,watch
Bob,Bob bought a new watch,5003,It cost $5003.,It cost $52.,"A friend asked him, ",Was it expensive?,"Bob said, ", Please provide the probability that Bob thinks that the watch is expensive.,False,sharp,5000,5001,watch
Alex,Alex bought a new watch,5003,It cost $5003.,It cost $53.,"A friend asked him, ",Was it expensive?,"Alex said, ", Please provide the probability that Alex thinks that the watch is expensive.,False,sharp,5000,5001,watch
Ivan,Ivan bought a new watch,5003,It cost $5003.,It cost $497.,"A friend asked him, ",Was it expensive?,"Ivan said, ", Please provide the probability that Ivan thinks that the watch is expensive.,False,sharp,5000,5001,watch
Patrick,Patrick bought a new watch,5003,It cost $5003.,It cost $498.,"A friend asked him, ",Was it expensive?,"Patrick said, ", Please provide the probability that Patrick thinks that the watch is expensive.,False,sharp,5000,5001,watch
Barry,Barry bought a new watch,5003,It cost $5003.,It cost $499.,"A friend asked him, ",Was it expensive?,"Barry said, ", Please provide the probability that Barry thinks that the watch is expensive.,False,sharp,5000,5001,watch
Frank,Frank bought a new watch,5003,It cost $5003.,It cost $500.,"A friend asked him, ",Was it expensive?,"Frank said, ", Please provide the probability that Frank thinks that the watch is expensive.,False,sharp,5000,5001,watch
Calvin,Calvin bought a new watch,5003,It cost $5003.,It cost $500.,"A friend asked him, ",Was it expensive?,"Calvin said, ", Please provide the probability that Calvin thinks that the watch is expensive.,False,sharp,5000,5001,watch
Robert,Robert bought a new watch,5003,It cost $5003.,It cost $501.,"A friend asked him, ",Was it expensive?,"Robert said, ", Please provide the probability that Robert thinks that the watch is expensive.,False,sharp,5000,5001,watch
Frank,Frank bought a new watch,5003,It cost $5003.,It cost $502.,"A friend asked him, ",Was it expensive?,"Frank said, ", Please provide the probability that Frank thinks that the watch is expensive.,False,sharp,5000,5001,watch
David,David bought a new watch,5003,It cost $5003.,It cost $503.,"A friend asked him, ",Was it expensive?,"David said, ", Please provide the probability that David thinks that the watch is expensive.,False,sharp,5000,5001,watch
Bob,Bob bought a new watch,5003,It cost $5003.,It cost $997.,"A friend asked him, ",Was it expensive?,"Bob said, ", Please provide the probability that Bob thinks that the watch is expensive.,False,sharp,5000,5001,watch
Charles,Charles bought a new watch,5003,It cost $5003.,It cost $998.,"A friend asked him, ",Was it expensive?,"Charles said, ", Please provide the probability that Charles thinks that the watch is expensive.,False,sharp,5000,5001,watch
Zach,Zach bought a new watch,5003,It cost $5003.,It cost $999.,"A friend asked him, ",Was it expensive?,"Zach said, ", Please provide the probability that Zach thinks that the watch is expensive.,False,sharp,5000,5001,watch
Charles,Charles bought a new watch,5003,It cost $5003.,It cost $1000.,"A friend asked him, ",Was it expensive?,"Charles said, ", Please provide the probability that Charles thinks that the watch is expensive.,False,sharp,5000,5001,watch
Ivan,Ivan bought a new watch,5003,It cost $5003.,It cost $1000.,"A friend asked him, ",Was it expensive?,"Ivan said, ", Please provide the probability that Ivan thinks that the watch is expensive.,False,sharp,5000,5001,watch
Jake,Jake bought a new watch,5003,It cost $5003.,It cost $1001.,"A friend asked him, ",Was it expensive?,"Jake said, ", Please provide the probability that Jake thinks that the watch is expensive.,False,sharp,5000,5001,watch
Gary,Gary bought a new watch,5003,It cost $5003.,It cost $1002.,"A friend asked him, ",Was it expensive?,"Gary said, ", Please provide the probability that Gary thinks that the watch is expensive.,False,sharp,5000,5001,watch
David,David bought a new watch,5003,It cost $5003.,It cost $1003.,"A friend asked him, ",Was it expensive?,"David said, ", Please provide the probability that David thinks that the watch is expensive.,False,sharp,5000,5001,watch
Luke,Luke bought a new watch,5003,It cost $5003.,It cost $4997.,"A friend asked him, ",Was it expensive?,"Luke said, ", Please provide the probability that Luke thinks that the watch is expensive.,False,sharp,5000,5001,watch
Eric,Eric bought a new watch,5003,It cost $5003.,It cost $4998.,"A friend asked him, ",Was it expensive?,"Eric said, ", Please provide the probability that Eric thinks that the watch is expensive.,False,sharp,5000,5001,watch
Owen,Owen bought a new watch,5003,It cost $5003.,It cost $4999.,"A friend asked him, ",Was it expensive?,"Owen said, ", Please provide the probability that Owen thinks that the watch is expensive.,False,sharp,5000,5001,watch
Matt,Matt bought a new watch,5003,It cost $5003.,It cost $5000.,"A friend asked him, ",Was it expensive?,"Matt said, ", Please provide the probability that Matt thinks that the watch is expensive.,False,sharp,5000,5001,watch
Gary,Gary bought a new watch,5003,It cost $5003.,It cost $5000.,"A friend asked him, ",Was it expensive?,"Gary said, ", Please provide the probability that Gary thinks that the watch is expensive.,False,sharp,5000,5001,watch
Gary,Gary bought a new watch,5003,It cost $5003.,It cost $5001.,"A friend asked him, ",Was it expensive?,"Gary said, ", Please provide the probability that Gary thinks that the watch is expensive.,False,sharp,5000,5001,watch
Owen,Owen bought a new watch,5003,It cost $5003.,It cost $5002.,"A friend asked him, ",Was it expensive?,"Owen said, ", Please provide the probability that Owen thinks that the watch is expensive.,False,sharp,5000,5001,watch
Kenneth,Kenneth bought a new watch,5003,It cost $5003.,It cost $5003.,"A friend asked him, ",Was it expensive?,"Kenneth said, ", Please provide the probability that Kenneth thinks that the watch is expensive.,False,sharp,5000,5001,watch
Zach,Zach bought a new watch,9997,It cost $9997.,It cost $47.,"A friend asked him, ",Was it expensive?,"Zach said, ", Please provide the probability that Zach thinks that the watch is expensive.,False,sharp,10000,10001,watch
Ethan,Ethan bought a new watch,9997,It cost $9997.,It cost $48.,"A friend asked him, ",Was it expensive?,"Ethan said, ", Please provide the probability that Ethan thinks that the watch is expensive.,False,sharp,10000,10001,watch
Eric,Eric bought a new watch,9997,It cost $9997.,It cost $49.,"A friend asked him, ",Was it expensive?,"Eric said, ", Please provide the probability that Eric thinks that the watch is expensive.,False,sharp,10000,10001,watch
Gary,Gary bought a new watch,9997,It cost $9997.,It cost $50.,"A friend asked him, ",Was it expensive?,"Gary said, ", Please provide the probability that Gary thinks that the watch is expensive.,False,sharp,10000,10001,watch
Matt,Matt bought a new watch,9997,It cost $9997.,It cost $50.,"A friend asked him, ",Was it expensive?,"Matt said, ", Please provide the probability that Matt thinks that the watch is expensive.,False,sharp,10000,10001,watch
Bob,Bob bought a new watch,9997,It cost $9997.,It cost $51.,"A friend asked him, ",Was it expensive?,"Bob said, ", Please provide the probability that Bob thinks that the watch is expensive.,False,sharp,10000,10001,watch
Calvin,Calvin bought a new watch,9997,It cost $9997.,It cost $52.,"A friend asked him, ",Was it expensive?,"Calvin said, ", Please provide the probability that Calvin thinks that the watch is expensive.,False,sharp,10000,10001,watch
Patrick,Patrick bought a new watch,9997,It cost $9997.,It cost $53.,"A friend asked him, ",Was it expensive?,"Patrick said, ", Please provide the probability that Patrick thinks that the watch is expensive.,False,sharp,10000,10001,watch
Tom,Tom bought a new watch,9997,It cost $9997.,It cost $497.,"A friend asked him, ",Was it expensive?,"Tom said, ", Please provide the probability that Tom thinks that the watch is expensive.,False,sharp,10000,10001,watch
Owen,Owen bought a new watch,9997,It cost $9997.,It cost $498.,"A friend asked him, ",Was it expensive?,"Owen said, ", Please provide the probability that Owen thinks that the watch is expensive.,False,sharp,10000,10001,watch
Alex,Alex bought a new watch,9997,It cost $9997.,It cost $499.,"A friend asked him, ",Was it expensive?,"Alex said, ", Please provide the probability that Alex thinks that the watch is expensive.,False,sharp,10000,10001,watch
Owen,Owen bought a new watch,9997,It cost $9997.,It cost $500.,"A friend asked him, ",Was it expensive?,"Owen said, ", Please provide the probability that Owen thinks that the watch is expensive.,False,sharp,10000,10001,watch
Fred,Fred bought a new watch,9997,It cost $9997.,It cost $500.,"A friend asked him, ",Was it expensive?,"Fred said, ", Please provide the probability that Fred thinks that the watch is expensive.,False,sharp,10000,10001,watch
Matt,Matt bought a new watch,9997,It cost $9997.,It cost $501.,"A friend asked him, ",Was it expensive?,"Matt said, ", Please provide the probability that Matt thinks that the watch is expensive.,False,sharp,10000,10001,watch
Robert,Robert bought a new watch,9997,It cost $9997.,It cost $502.,"A friend asked him, ",Was it expensive?,"Robert said, ", Please provide the probability that Robert thinks that the watch is expensive.,False,sharp,10000,10001,watch
Owen,Owen bought a new watch,9997,It cost $9997.,It cost $503.,"A friend asked him, ",Was it expensive?,"Owen said, ", Please provide the probability that Owen thinks that the watch is expensive.,False,sharp,10000,10001,watch
Frank,Frank bought a new watch,9997,It cost $9997.,It cost $997.,"A friend asked him, ",Was it expensive?,"Frank said, ", Please provide the probability that Frank thinks that the watch is expensive.,False,sharp,10000,10001,watch
Albert,Albert bought a new watch,9997,It cost $9997.,It cost $998.,"A friend asked him, ",Was it expensive?,"Albert said, ", Please provide the probability that Albert thinks that the watch is expensive.,False,sharp,10000,10001,watch
Robert,Robert bought a new watch,9997,It cost $9997.,It cost $999.,"A friend asked him, ",Was it expensive?,"Robert said, ", Please provide the probability that Robert thinks that the watch is expensive.,False,sharp,10000,10001,watch
Jake,Jake bought a new watch,9997,It cost $9997.,It cost $1000.,"A friend asked him, ",Was it expensive?,"Jake said, ", Please provide the probability that Jake thinks that the watch is expensive.,False,sharp,10000,10001,watch
Zach,Zach bought a new watch,9997,It cost $9997.,It cost $1000.,"A friend asked him, ",Was it expensive?,"Zach said, ", Please provide the probability that Zach thinks that the watch is expensive.,False,sharp,10000,10001,watch
Bob,Bob bought a new watch,9997,It cost $9997.,It cost $1001.,"A friend asked him, ",Was it expensive?,"Bob said, ", Please provide the probability that Bob thinks that the watch is expensive.,False,sharp,10000,10001,watch
Calvin,Calvin bought a new watch,9997,It cost $9997.,It cost $1002.,"A friend asked him, ",Was it expensive?,"Calvin said, ", Please provide the probability that Calvin thinks that the watch is expensive.,False,sharp,10000,10001,watch
Ivan,Ivan bought a new watch,9997,It cost $9997.,It cost $1003.,"A friend asked him, ",Was it expensive?,"Ivan said, ", Please provide the probability that Ivan thinks that the watch is expensive.,False,sharp,10000,10001,watch
George,George bought a new watch,9997,It cost $9997.,It cost $4997.,"A friend asked him, ",Was it expensive?,"George said, ", Please provide the probability that George thinks that the watch is expensive.,False,sharp,10000,10001,watch
Luke,Luke bought a new watch,9997,It cost $9997.,It cost $4998.,"A friend asked him, ",Was it expensive?,"Luke said, ", Please provide the probability that Luke thinks that the watch is expensive.,False,sharp,10000,10001,watch
Eric,Eric bought a new watch,9997,It cost $9997.,It cost $4999.,"A friend asked him, ",Was it expensive?,"Eric said, ", Please provide the probability that Eric thinks that the watch is expensive.,False,sharp,10000,10001,watch
Fred,Fred bought a new watch,9997,It cost $9997.,It cost $5000.,"A friend asked him, ",Was it expensive?,"Fred said, ", Please provide the probability that Fred thinks that the watch is expensive.,False,sharp,10000,10001,watch
Tom,Tom bought a new watch,9997,It cost $9997.,It cost $5000.,"A friend asked him, ",Was it expensive?,"Tom said, ", Please provide the probability that Tom thinks that the watch is expensive.,False,sharp,10000,10001,watch
Albert,Albert bought a new watch,9997,It cost $9997.,It cost $5001.,"A friend asked him, ",Was it expensive?,"Albert said, ", Please provide the probability that Albert thinks that the watch is expensive.,False,sharp,10000,10001,watch
Matt,Matt bought a new watch,9997,It cost $9997.,It cost $5002.,"A friend asked him, ",Was it expensive?,"Matt said, ", Please provide the probability that Matt thinks that the watch is expensive.,False,sharp,10000,10001,watch
Owen,Owen bought a new watch,9997,It cost $9997.,It cost $5003.,"A friend asked him, ",Was it expensive?,"Owen said, ", Please provide the probability that Owen thinks that the watch is expensive.,False,sharp,10000,10001,watch
Charles,Charles bought a new watch,9997,It cost $9997.,It cost $9997.,"A friend asked him, ",Was it expensive?,"Charles said, ", Please provide the probability that Charles thinks that the watch is expensive.,False,sharp,10000,10001,watch
Matt,Matt bought a new watch,9998,It cost $9998.,It cost $47.,"A friend asked him, ",Was it expensive?,"Matt said, ", Please provide the probability that Matt thinks that the watch is expensive.,False,sharp,10000,10001,watch
Harry,Harry bought a new watch,9998,It cost $9998.,It cost $48.,"A friend asked him, ",Was it expensive?,"Harry said, ", Please provide the probability that Harry thinks that the watch is expensive.,False,sharp,10000,10001,watch
Daniel,Daniel bought a new watch,9998,It cost $9998.,It cost $49.,"A friend asked him, ",Was it expensive?,"Daniel said, ", Please provide the probability that Daniel thinks that the watch is expensive.,False,sharp,10000,10001,watch
Robert,Robert bought a new watch,9998,It cost $9998.,It cost $50.,"A friend asked him, ",Was it expensive?,"Robert said, ", Please provide the probability that Robert thinks that the watch is expensive.,False,sharp,10000,10001,watch
Eric,Eric bought a new watch,9998,It cost $9998.,It cost $50.,"A friend asked him, ",Was it expensive?,"Eric said, ", Please provide the probability that Eric thinks that the watch is expensive.,False,sharp,10000,10001,watch
Matt,Matt bought a new watch,9998,It cost $9998.,It cost $51.,"A friend asked him, ",Was it expensive?,"Matt said, ", Please provide the probability that Matt thinks that the watch is expensive.,False,sharp,10000,10001,watch
Barry,Barry bought a new watch,9998,It cost $9998.,It cost $52.,"A friend asked him, ",Was it expensive?,"Barry said, ", Please provide the probability that Barry thinks that the watch is expensive.,False,sharp,10000,10001,watch
Ethan,Ethan bought a new watch,9998,It cost $9998.,It cost $53.,"A friend asked him, ",Was it expensive?,"Ethan said, ", Please provide the probability that Ethan thinks that the watch is expensive.,False,sharp,10000,10001,watch
Zach,Zach bought a new watch,9998,It cost $9998.,It cost $497.,"A friend asked him, ",Was it expensive?,"Zach said, ", Please provide the probability that Zach thinks that the watch is expensive.,False,sharp,10000,10001,watch
Winston,Winston bought a new watch,9998,It cost $9998.,It cost $498.,"A friend asked him, ",Was it expensive?,"Winston said, ", Please provide the probability that Winston thinks that the watch is expensive.,False,sharp,10000,10001,watch
Ethan,Ethan bought a new watch,9998,It cost $9998.,It cost $499.,"A friend asked him, ",Was it expensive?,"Ethan said, ", Please provide the probability that Ethan thinks that the watch is expensive.,False,sharp,10000,10001,watch
George,George bought a new watch,9998,It cost $9998.,It cost $500.,"A friend asked him, ",Was it expensive?,"George said, ", Please provide the probability that George thinks that the watch is expensive.,False,sharp,10000,10001,watch
George,George bought a new watch,9998,It cost $9998.,It cost $500.,"A friend asked him, ",Was it expensive?,"George said, ", Please provide the probability that George thinks that the watch is expensive.,False,sharp,10000,10001,watch
Jake,Jake bought a new watch,9998,It cost $9998.,It cost $501.,"A friend asked him, ",Was it expensive?,"Jake said, ", Please provide the probability that Jake thinks that the watch is expensive.,False,sharp,10000,10001,watch
Charles,Charles bought a new watch,9998,It cost $9998.,It cost $502.,"A friend asked him, ",Was it expensive?,"Charles said, ", Please provide the probability that Charles thinks that the watch is expensive.,False,sharp,10000,10001,watch
Barry,Barry bought a new watch,9998,It cost $9998.,It cost $503.,"A friend asked him, ",Was it expensive?,"Barry said, ", Please provide the probability that Barry thinks that the watch is expensive.,False,sharp,10000,10001,watch
Alex,Alex bought a new watch,9998,It cost $9998.,It cost $997.,"A friend asked him, ",Was it expensive?,"Alex said, ", Please provide the probability that Alex thinks that the watch is expensive.,False,sharp,10000,10001,watch
Ethan,Ethan bought a new watch,9998,It cost $9998.,It cost $998.,"A friend asked him, ",Was it expensive?,"Ethan said, ", Please provide the probability that Ethan thinks that the watch is expensive.,False,sharp,10000,10001,watch
Robert,Robert bought a new watch,9998,It cost $9998.,It cost $999.,"A friend asked him, ",Was it expensive?,"Robert said, ", Please provide the probability that Robert thinks that the watch is expensive.,False,sharp,10000,10001,watch
David,David bought a new watch,9998,It cost $9998.,It cost $1000.,"A friend asked him, ",Was it expensive?,"David said, ", Please provide the probability that David thinks that the watch is expensive.,False,sharp,10000,10001,watch
Barry,Barry bought a new watch,9998,It cost $9998.,It cost $1000.,"A friend asked him, ",Was it expensive?,"Barry said, ", Please provide the probability that Barry thinks that the watch is expensive.,False,sharp,10000,10001,watch
Frank,Frank bought a new watch,9998,It cost $9998.,It cost $1001.,"A friend asked him, ",Was it expensive?,"Frank said, ", Please provide the probability that Frank thinks that the watch is expensive.,False,sharp,10000,10001,watch
Matt,Matt bought a new watch,9998,It cost $9998.,It cost $1002.,"A friend asked him, ",Was it expensive?,"Matt said, ", Please provide the probability that Matt thinks that the watch is expensive.,False,sharp,10000,10001,watch
Ethan,Ethan bought a new watch,9998,It cost $9998.,It cost $1003.,"A friend asked him, ",Was it expensive?,"Ethan said, ", Please provide the probability that Ethan thinks that the watch is expensive.,False,sharp,10000,10001,watch
Winston,Winston bought a new watch,9998,It cost $9998.,It cost $4997.,"A friend asked him, ",Was it expensive?,"Winston said, ", Please provide the probability that Winston thinks that the watch is expensive.,False,sharp,10000,10001,watch
David,David bought a new watch,9998,It cost $9998.,It cost $4998.,"A friend asked him, ",Was it expensive?,"David said, ", Please provide the probability that David thinks that the watch is expensive.,False,sharp,10000,10001,watch
George,George bought a new watch,9998,It cost $9998.,It cost $4999.,"A friend asked him, ",Was it expensive?,"George said, ", Please provide the probability that George thinks that the watch is expensive.,False,sharp,10000,10001,watch
Jake,Jake bought a new watch,9998,It cost $9998.,It cost $5000.,"A friend asked him, ",Was it expensive?,"Jake said, ", Please provide the probability that Jake thinks that the watch is expensive.,False,sharp,10000,10001,watch
Albert,Albert bought a new watch,9998,It cost $9998.,It cost $5000.,"A friend asked him, ",Was it expensive?,"Albert said, ", Please provide the probability that Albert thinks that the watch is expensive.,False,sharp,10000,10001,watch
Nathan,Nathan bought a new watch,9998,It cost $9998.,It cost $5001.,"A friend asked him, ",Was it expensive?,"Nathan said, ", Please provide the probability that Nathan thinks that the watch is expensive.,False,sharp,10000,10001,watch
Nathan,Nathan bought a new watch,9998,It cost $9998.,It cost $5002.,"A friend asked him, ",Was it expensive?,"Nathan said, ", Please provide the probability that Nathan thinks that the watch is expensive.,False,sharp,10000,10001,watch
Daniel,Daniel bought a new watch,9998,It cost $9998.,It cost $5003.,"A friend asked him, ",Was it expensive?,"Daniel said, ", Please provide the probability that Daniel thinks that the watch is expensive.,False,sharp,10000,10001,watch
Daniel,Daniel bought a new watch,9998,It cost $9998.,It cost $9997.,"A friend asked him, ",Was it expensive?,"Daniel said, ", Please provide the probability that Daniel thinks that the watch is expensive.,False,sharp,10000,10001,watch
Alex,Alex bought a new watch,9998,It cost $9998.,It cost $9998.,"A friend asked him, ",Was it expensive?,"Alex said, ", Please provide the probability that Alex thinks that the watch is expensive.,False,sharp,10000,10001,watch
Frank,Frank bought a new watch,9999,It cost $9999.,It cost $47.,"A friend asked him, ",Was it expensive?,"Frank said, ", Please provide the probability that Frank thinks that the watch is expensive.,True,sharp,10000,10001,watch
Zach,Zach bought a new watch,9999,It cost $9999.,It cost $48.,"A friend asked him, ",Was it expensive?,"Zach said, ", Please provide the probability that Zach thinks that the watch is expensive.,True,sharp,10000,10001,watch
Gary,Gary bought a new watch,9999,It cost $9999.,It cost $49.,"A friend asked him, ",Was it expensive?,"Gary said, ", Please provide the probability that Gary thinks that the watch is expensive.,True,sharp,10000,10001,watch
Gary,Gary bought a new watch,9999,It cost $9999.,It cost $50.,"A friend asked him, ",Was it expensive?,"Gary said, ", Please provide the probability that Gary thinks that the watch is expensive.,True,sharp,10000,10001,watch
Victor,Victor bought a new watch,9999,It cost $9999.,It cost $50.,"A friend asked him, ",Was it expensive?,"Victor said, ", Please provide the probability that Victor thinks that the watch is expensive.,True,sharp,10000,10001,watch
Steve,Steve bought a new watch,9999,It cost $9999.,It cost $51.,"A friend asked him, ",Was it expensive?,"Steve said, ", Please provide the probability that Steve thinks that the watch is expensive.,True,sharp,10000,10001,watch
Calvin,Calvin bought a new watch,9999,It cost $9999.,It cost $52.,"A friend asked him, ",Was it expensive?,"Calvin said, ", Please provide the probability that Calvin thinks that the watch is expensive.,True,sharp,10000,10001,watch
Nathan,Nathan bought a new watch,9999,It cost $9999.,It cost $53.,"A friend asked him, ",Was it expensive?,"Nathan said, ", Please provide the probability that Nathan thinks that the watch is expensive.,True,sharp,10000,10001,watch
Zach,Zach bought a new watch,9999,It cost $9999.,It cost $497.,"A friend asked him, ",Was it expensive?,"Zach said, ", Please provide the probability that Zach thinks that the watch is expensive.,True,sharp,10000,10001,watch
Zach,Zach bought a new watch,9999,It cost $9999.,It cost $498.,"A friend asked him, ",Was it expensive?,"Zach said, ", Please provide the probability that Zach thinks that the watch is expensive.,True,sharp,10000,10001,watch
Tom,Tom bought a new watch,9999,It cost $9999.,It cost $499.,"A friend asked him, ",Was it expensive?,"Tom said, ", Please provide the probability that Tom thinks that the watch is expensive.,True,sharp,10000,10001,watch
Ivan,Ivan bought a new watch,9999,It cost $9999.,It cost $500.,"A friend asked him, ",Was it expensive?,"Ivan said, ", Please provide the probability that Ivan thinks that the watch is expensive.,True,sharp,10000,10001,watch
Winston,Winston bought a new watch,9999,It cost $9999.,It cost $500.,"A friend asked him, ",Was it expensive?,"Winston said, ", Please provide the probability that Winston thinks that the watch is expensive.,True,sharp,10000,10001,watch
George,George bought a new watch,9999,It cost $9999.,It cost $501.,"A friend asked him, ",Was it expensive?,"George said, ", Please provide the probability that George thinks that the watch is expensive.,True,sharp,10000,10001,watch
Charles,Charles bought a new watch,9999,It cost $9999.,It cost $502.,"A friend asked him, ",Was it expensive?,"Charles said, ", Please provide the probability that Charles thinks that the watch is expensive.,True,sharp,10000,10001,watch
Patrick,Patrick bought a new watch,9999,It cost $9999.,It cost $503.,"A friend asked him, ",Was it expensive?,"Patrick said, ", Please provide the probability that Patrick thinks that the watch is expensive.,True,sharp,10000,10001,watch
Albert,Albert bought a new watch,9999,It cost $9999.,It cost $997.,"A friend asked him, ",Was it expensive?,"Albert said, ", Please provide the probability that Albert thinks that the watch is expensive.,True,sharp,10000,10001,watch
Charles,Charles bought a new watch,9999,It cost $9999.,It cost $998.,"A friend asked him, ",Was it expensive?,"Charles said, ", Please provide the probability that Charles thinks that the watch is expensive.,True,sharp,10000,10001,watch
Barry,Barry bought a new watch,9999,It cost $9999.,It cost $999.,"A friend asked him, ",Was it expensive?,"Barry said, ", Please provide the probability that Barry thinks that the watch is expensive.,True,sharp,10000,10001,watch
Alex,Alex bought a new watch,9999,It cost $9999.,It cost $1000.,"A friend asked him, ",Was it expensive?,"Alex said, ", Please provide the probability that Alex thinks that the watch is expensive.,True,sharp,10000,10001,watch
Kenneth,Kenneth bought a new watch,9999,It cost $9999.,It cost $1000.,"A friend asked him, ",Was it expensive?,"Kenneth said, ", Please provide the probability that Kenneth thinks that the watch is expensive.,True,sharp,10000,10001,watch
Bob,Bob bought a new watch,9999,It cost $9999.,It cost $1001.,"A friend asked him, ",Was it expensive?,"Bob said, ", Please provide the probability that Bob thinks that the watch is expensive.,True,sharp,10000,10001,watch
Jake,Jake bought a new watch,9999,It cost $9999.,It cost $1002.,"A friend asked him, ",Was it expensive?,"Jake said, ", Please provide the probability that Jake thinks that the watch is expensive.,True,sharp,10000,10001,watch
Kenneth,Kenneth bought a new watch,9999,It cost $9999.,It cost $1003.,"A friend asked him, ",Was it expensive?,"Kenneth said, ", Please provide the probability that Kenneth thinks that the watch is expensive.,True,sharp,10000,10001,watch
Kenneth,Kenneth bought a new watch,9999,It cost $9999.,It cost $4997.,"A friend asked him, ",Was it expensive?,"Kenneth said, ", Please provide the probability that Kenneth thinks that the watch is expensive.,True,sharp,10000,10001,watch
Ivan,Ivan bought a new watch,9999,It cost $9999.,It cost $4998.,"A friend asked him, ",Was it expensive?,"Ivan said, ", Please provide the probability that Ivan thinks that the watch is expensive.,True,sharp,10000,10001,watch
Charles,Charles bought a new watch,9999,It cost $9999.,It cost $4999.,"A friend asked him, ",Was it expensive?,"Charles said, ", Please provide the probability that Charles thinks that the watch is expensive.,True,sharp,10000,10001,watch
Eric,Eric bought a new watch,9999,It cost $9999.,It cost $5000.,"A friend asked him, ",Was it expensive?,"Eric said, ", Please provide the probability that Eric thinks that the watch is expensive.,True,sharp,10000,10001,watch
Alex,Alex bought a new watch,9999,It cost $9999.,It cost $5000.,"A friend asked him, ",Was it expensive?,"Alex said, ", Please provide the probability that Alex thinks that the watch is expensive.,True,sharp,10000,10001,watch
Harry,Harry bought a new watch,9999,It cost $9999.,It cost $5001.,"A friend asked him, ",Was it expensive?,"Harry said, ", Please provide the probability that Harry thinks that the watch is expensive.,True,sharp,10000,10001,watch
David,David bought a new watch,9999,It cost $9999.,It cost $5002.,"A friend asked him, ",Was it expensive?,"David said, ", Please provide the probability that David thinks that the watch is expensive.,True,sharp,10000,10001,watch
Fred,Fred bought a new watch,9999,It cost $9999.,It cost $5003.,"A friend asked him, ",Was it expensive?,"Fred said, ", Please provide the probability that Fred thinks that the watch is expensive.,True,sharp,10000,10001,watch
Charles,Charles bought a new watch,9999,It cost $9999.,It cost $9997.,"A friend asked him, ",Was it expensive?,"Charles said, ", Please provide the probability that Charles thinks that the watch is expensive.,True,sharp,10000,10001,watch
Gary,Gary bought a new watch,9999,It cost $9999.,It cost $9998.,"A friend asked him, ",Was it expensive?,"Gary said, ", Please provide the probability that Gary thinks that the watch is expensive.,True,sharp,10000,10001,watch
Bob,Bob bought a new watch,9999,It cost $9999.,It cost $9999.,"A friend asked him, ",Was it expensive?,"Bob said, ", Please provide the probability that Bob thinks that the watch is expensive.,True,sharp,10000,10001,watch
Quinn,Quinn bought a new watch,10000,It cost $10000.,It cost $47.,"A friend asked him, ",Was it expensive?,"Quinn said, ", Please provide the probability that Quinn thinks that the watch is expensive.,True,round,10000,10000,watch
Ethan,Ethan bought a new watch,10000,It cost $10000.,It cost $48.,"A friend asked him, ",Was it expensive?,"Ethan said, ", Please provide the probability that Ethan thinks that the watch is expensive.,True,round,10000,10000,watch
Kenneth,Kenneth bought a new watch,10000,It cost $10000.,It cost $49.,"A friend asked him, ",Was it expensive?,"Kenneth said, ", Please provide the probability that Kenneth thinks that the watch is expensive.,True,round,10000,10000,watch
Patrick,Patrick bought a new watch,10000,It cost $10000.,It cost $50.,"A friend asked him, ",Was it expensive?,"Patrick said, ", Please provide the probability that Patrick thinks that the watch is expensive.,True,round,10000,10000,watch
Zach,Zach bought a new watch,10000,It cost $10000.,It cost $50.,"A friend asked him, ",Was it expensive?,"Zach said, ", Please provide the probability that Zach thinks that the watch is expensive.,True,round,10000,10000,watch
Ivan,Ivan bought a new watch,10000,It cost $10000.,It cost $51.,"A friend asked him, ",Was it expensive?,"Ivan said, ", Please provide the probability that Ivan thinks that the watch is expensive.,True,round,10000,10000,watch
Jake,Jake bought a new watch,10000,It cost $10000.,It cost $52.,"A friend asked him, ",Was it expensive?,"Jake said, ", Please provide the probability that Jake thinks that the watch is expensive.,True,round,10000,10000,watch
Zach,Zach bought a new watch,10000,It cost $10000.,It cost $53.,"A friend asked him, ",Was it expensive?,"Zach said, ", Please provide the probability that Zach thinks that the watch is expensive.,True,round,10000,10000,watch
Matt,Matt bought a new watch,10000,It cost $10000.,It cost $497.,"A friend asked him, ",Was it expensive?,"Matt said, ", Please provide the probability that Matt thinks that the watch is expensive.,True,round,10000,10000,watch
George,George bought a new watch,10000,It cost $10000.,It cost $498.,"A friend asked him, ",Was it expensive?,"George said, ", Please provide the probability that George thinks that the watch is expensive.,True,round,10000,10000,watch
Albert,Albert bought a new watch,10000,It cost $10000.,It cost $499.,"A friend asked him, ",Was it expensive?,"Albert said, ", Please provide the probability that Albert thinks that the watch is expensive.,True,round,10000,10000,watch
Charles,Charles bought a new watch,10000,It cost $10000.,It cost $500.,"A friend asked him, ",Was it expensive?,"Charles said, ", Please provide the probability that Charles thinks that the watch is expensive.,True,round,10000,10000,watch
Quinn,Quinn bought a new watch,10000,It cost $10000.,It cost $500.,"A friend asked him, ",Was it expensive?,"Quinn said, ", Please provide the probability that Quinn thinks that the watch is expensive.,True,round,10000,10000,watch
Ethan,Ethan bought a new watch,10000,It cost $10000.,It cost $501.,"A friend asked him, ",Was it expensive?,"Ethan said, ", Please provide the probability that Ethan thinks that the watch is expensive.,True,round,10000,10000,watch
Alex,Alex bought a new watch,10000,It cost $10000.,It cost $502.,"A friend asked him, ",Was it expensive?,"Alex said, ", Please provide the probability that Alex thinks that the watch is expensive.,True,round,10000,10000,watch
Barry,Barry bought a new watch,10000,It cost $10000.,It cost $503.,"A friend asked him, ",Was it expensive?,"Barry said, ", Please provide the probability that Barry thinks that the watch is expensive.,True,round,10000,10000,watch
Tom,Tom bought a new watch,10000,It cost $10000.,It cost $997.,"A friend asked him, ",Was it expensive?,"Tom said, ", Please provide the probability that Tom thinks that the watch is expensive.,True,round,10000,10000,watch
Victor,Victor bought a new watch,10000,It cost $10000.,It cost $998.,"A friend asked him, ",Was it expensive?,"Victor said, ", Please provide the probability that Victor thinks that the watch is expensive.,True,round,10000,10000,watch
Gary,Gary bought a new watch,10000,It cost $10000.,It cost $999.,"A friend asked him, ",Was it expensive?,"Gary said, ", Please provide the probability that Gary thinks that the watch is expensive.,True,round,10000,10000,watch
Barry,Barry bought a new watch,10000,It cost $10000.,It cost $1000.,"A friend asked him, ",Was it expensive?,"Barry said, ", Please provide the probability that Barry thinks that the watch is expensive.,True,round,10000,10000,watch
Gary,Gary bought a new watch,10000,It cost $10000.,It cost $1000.,"A friend asked him, ",Was it expensive?,"Gary said, ", Please provide the probability that Gary thinks that the watch is expensive.,True,round,10000,10000,watch
Victor,Victor bought a new watch,10000,It cost $10000.,It cost $1001.,"A friend asked him, ",Was it expensive?,"Victor said, ", Please provide the probability that Victor thinks that the watch is expensive.,True,round,10000,10000,watch
Calvin,Calvin bought a new watch,10000,It cost $10000.,It cost $1002.,"A friend asked him, ",Was it expensive?,"Calvin said, ", Please provide the probability that Calvin thinks that the watch is expensive.,True,round,10000,10000,watch
Ethan,Ethan bought a new watch,10000,It cost $10000.,It cost $1003.,"A friend asked him, ",Was it expensive?,"Ethan said, ", Please provide the probability that Ethan thinks that the watch is expensive.,True,round,10000,10000,watch
Steve,Steve bought a new watch,10000,It cost $10000.,It cost $4997.,"A friend asked him, ",Was it expensive?,"Steve said, ", Please provide the probability that Steve thinks that the watch is expensive.,True,round,10000,10000,watch
Owen,Owen bought a new watch,10000,It cost $10000.,It cost $4998.,"A friend asked him, ",Was it expensive?,"Owen said, ", Please provide the probability that Owen thinks that the watch is expensive.,True,round,10000,10000,watch
Winston,Winston bought a new watch,10000,It cost $10000.,It cost $4999.,"A friend asked him, ",Was it expensive?,"Winston said, ", Please provide the probability that Winston thinks that the watch is expensive.,True,round,10000,10000,watch
Luke,Luke bought a new watch,10000,It cost $10000.,It cost $5000.,"A friend asked him, ",Was it expensive?,"Luke said, ", Please provide the probability that Luke thinks that the watch is expensive.,True,round,10000,10000,watch
Calvin,Calvin bought a new watch,10000,It cost $10000.,It cost $5000.,"A friend asked him, ",Was it expensive?,"Calvin said, ", Please provide the probability that Calvin thinks that the watch is expensive.,True,round,10000,10000,watch
Eric,Eric bought a new watch,10000,It cost $10000.,It cost $5001.,"A friend asked him, ",Was it expensive?,"Eric said, ", Please provide the probability that Eric thinks that the watch is expensive.,True,round,10000,10000,watch
Patrick,Patrick bought a new watch,10000,It cost $10000.,It cost $5002.,"A friend asked him, ",Was it expensive?,"Patrick said, ", Please provide the probability that Patrick thinks that the watch is expensive.,True,round,10000,10000,watch
Fred,Fred bought a new watch,10000,It cost $10000.,It cost $5003.,"A friend asked him, ",Was it expensive?,"Fred said, ", Please provide the probability that Fred thinks that the watch is expensive.,True,round,10000,10000,watch
Quinn,Quinn bought a new watch,10000,It cost $10000.,It cost $9997.,"A friend asked him, ",Was it expensive?,"Quinn said, ", Please provide the probability that Quinn thinks that the watch is expensive.,True,round,10000,10000,watch
Albert,Albert bought a new watch,10000,It cost $10000.,It cost $9998.,"A friend asked him, ",Was it expensive?,"Albert said, ", Please provide the probability that Albert thinks that the watch is expensive.,True,round,10000,10000,watch
Zach,Zach bought a new watch,10000,It cost $10000.,It cost $9999.,"A friend asked him, ",Was it expensive?,"Zach said, ", Please provide the probability that Zach thinks that the watch is expensive.,True,round,10000,10000,watch
Ivan,Ivan bought a new watch,10000,It cost $10000.,It cost $10000.,"A friend asked him, ",Was it expensive?,"Ivan said, ", Please provide the probability that Ivan thinks that the watch is expensive.,True,round,10000,10000,watch
Harry,Harry bought a new watch,10000,It cost $10000.,It cost $10000.,"A friend asked him, ",Was it expensive?,"Harry said, ", Please provide the probability that Harry thinks that the watch is expensive.,True,round,10000,10000,watch
Owen,Owen bought a new watch,10000,It cost $10000.,It cost $47.,"A friend asked him, ",Was it expensive?,"Owen said, ", Please provide the probability that Owen thinks that the watch is expensive.,True,round,10000,10000,watch
Luke,Luke bought a new watch,10000,It cost $10000.,It cost $48.,"A friend asked him, ",Was it expensive?,"Luke said, ", Please provide the probability that Luke thinks that the watch is expensive.,True,round,10000,10000,watch
Frank,Frank bought a new watch,10000,It cost $10000.,It cost $49.,"A friend asked him, ",Was it expensive?,"Frank said, ", Please provide the probability that Frank thinks that the watch is expensive.,True,round,10000,10000,watch
Eric,Eric bought a new watch,10000,It cost $10000.,It cost $50.,"A friend asked him, ",Was it expensive?,"Eric said, ", Please provide the probability that Eric thinks that the watch is expensive.,True,round,10000,10000,watch
Charles,Charles bought a new watch,10000,It cost $10000.,It cost $50.,"A friend asked him, ",Was it expensive?,"Charles said, ", Please provide the probability that Charles thinks that the watch is expensive.,True,round,10000,10000,watch
Bob,Bob bought a new watch,10000,It cost $10000.,It cost $51.,"A friend asked him, ",Was it expensive?,"Bob said, ", Please provide the probability that Bob thinks that the watch is expensive.,True,round,10000,10000,watch
Fred,Fred bought a new watch,10000,It cost $10000.,It cost $52.,"A friend asked him, ",Was it expensive?,"Fred said, ", Please provide the probability that Fred thinks that the watch is expensive.,True,round,10000,10000,watch
Patrick,Patrick bought a new watch,10000,It cost $10000.,It cost $53.,"A friend asked him, ",Was it expensive?,"Patrick said, ", Please provide the probability that Patrick thinks that the watch is expensive.,True,round,10000,10000,watch
George,George bought a new watch,10000,It cost $10000.,It cost $497.,"A friend asked him, ",Was it expensive?,"George said, ", Please provide the probability that George thinks that the watch is expensive.,True,round,10000,10000,watch
Patrick,Patrick bought a new watch,10000,It cost $10000.,It cost $498.,"A friend asked him, ",Was it expensive?,"Patrick said, ", Please provide the probability that Patrick thinks that the watch is expensive.,True,round,10000,10000,watch
Harry,Harry bought a new watch,10000,It cost $10000.,It cost $499.,"A friend asked him, ",Was it expensive?,"Harry said, ", Please provide the probability that Harry thinks that the watch is expensive.,True,round,10000,10000,watch
Barry,Barry bought a new watch,10000,It cost $10000.,It cost $500.,"A friend asked him, ",Was it expensive?,"Barry said, ", Please provide the probability that Barry thinks that the watch is expensive.,True,round,10000,10000,watch
Jake,Jake bought a new watch,10000,It cost $10000.,It cost $500.,"A friend asked him, ",Was it expensive?,"Jake said, ", Please provide the probability that Jake thinks that the watch is expensive.,True,round,10000,10000,watch
Daniel,Daniel bought a new watch,10000,It cost $10000.,It cost $501.,"A friend asked him, ",Was it expensive?,"Daniel said, ", Please provide the probability that Daniel thinks that the watch is expensive.,True,round,10000,10000,watch
George,George bought a new watch,10000,It cost $10000.,It cost $502.,"A friend asked him, ",Was it expensive?,"George said, ", Please provide the probability that George thinks that the watch is expensive.,True,round,10000,10000,watch
David,David bought a new watch,10000,It cost $10000.,It cost $503.,"A friend asked him, ",Was it expensive?,"David said, ", Please provide the probability that David thinks that the watch is expensive.,True,round,10000,10000,watch
Eric,Eric bought a new watch,10000,It cost $10000.,It cost $997.,"A friend asked him, ",Was it expensive?,"Eric said, ", Please provide the probability that Eric thinks that the watch is expensive.,True,round,10000,10000,watch
Eric,Eric bought a new watch,10000,It cost $10000.,It cost $998.,"A friend asked him, ",Was it expensive?,"Eric said, ", Please provide the probability that Eric thinks that the watch is expensive.,True,round,10000,10000,watch
Charles,Charles bought a new watch,10000,It cost $10000.,It cost $999.,"A friend asked him, ",Was it expensive?,"Charles said, ", Please provide the probability that Charles thinks that the watch is expensive.,True,round,10000,10000,watch
Jake,Jake bought a new watch,10000,It cost $10000.,It cost $1000.,"A friend asked him, ",Was it expensive?,"Jake said, ", Please provide the probability that Jake thinks that the watch is expensive.,True,round,10000,10000,watch
Winston,Winston bought a new watch,10000,It cost $10000.,It cost $1000.,"A friend asked him, ",Was it expensive?,"Winston said, ", Please provide the probability that Winston thinks that the watch is expensive.,True,round,10000,10000,watch
George,George bought a new watch,10000,It cost $10000.,It cost $1001.,"A friend asked him, ",Was it expensive?,"George said, ", Please provide the probability that George thinks that the watch is expensive.,True,round,10000,10000,watch
Albert,Albert bought a new watch,10000,It cost $10000.,It cost $1002.,"A friend asked him, ",Was it expensive?,"Albert said, ", Please provide the probability that Albert thinks that the watch is expensive.,True,round,10000,10000,watch
Winston,Winston bought a new watch,10000,It cost $10000.,It cost $1003.,"A friend asked him, ",Was it expensive?,"Winston said, ", Please provide the probability that Winston thinks that the watch is expensive.,True,round,10000,10000,watch
Matt,Matt bought a new watch,10000,It cost $10000.,It cost $4997.,"A friend asked him, ",Was it expensive?,"Matt said, ", Please provide the probability that Matt thinks that the watch is expensive.,True,round,10000,10000,watch
Luke,Luke bought a new watch,10000,It cost $10000.,It cost $4998.,"A friend asked him, ",Was it expensive?,"Luke said, ", Please provide the probability that Luke thinks that the watch is expensive.,True,round,10000,10000,watch
Daniel,Daniel bought a new watch,10000,It cost $10000.,It cost $4999.,"A friend asked him, ",Was it expensive?,"Daniel said, ", Please provide the probability that Daniel thinks that the watch is expensive.,True,round,10000,10000,watch
Bob,Bob bought a new watch,10000,It cost $10000.,It cost $5000.,"A friend asked him, ",Was it expensive?,"Bob said, ", Please provide the probability that Bob thinks that the watch is expensive.,True,round,10000,10000,watch
Quinn,Quinn bought a new watch,10000,It cost $10000.,It cost $5000.,"A friend asked him, ",Was it expensive?,"Quinn said, ", Please provide the probability that Quinn thinks that the watch is expensive.,True,round,10000,10000,watch
Victor,Victor bought a new watch,10000,It cost $10000.,It cost $5001.,"A friend asked him, ",Was it expensive?,"Victor said, ", Please provide the probability that Victor thinks that the watch is expensive.,True,round,10000,10000,watch
Luke,Luke bought a new watch,10000,It cost $10000.,It cost $5002.,"A friend asked him, ",Was it expensive?,"Luke said, ", Please provide the probability that Luke thinks that the watch is expensive.,True,round,10000,10000,watch
Patrick,Patrick bought a new watch,10000,It cost $10000.,It cost $5003.,"A friend asked him, ",Was it expensive?,"Patrick said, ", Please provide the probability that Patrick thinks that the watch is expensive.,True,round,10000,10000,watch
Victor,Victor bought a new watch,10000,It cost $10000.,It cost $9997.,"A friend asked him, ",Was it expensive?,"Victor said, ", Please provide the probability that Victor thinks that the watch is expensive.,True,round,10000,10000,watch
Daniel,Daniel bought a new watch,10000,It cost $10000.,It cost $9998.,"A friend asked him, ",Was it expensive?,"Daniel said, ", Please provide the probability that Daniel thinks that the watch is expensive.,True,round,10000,10000,watch
Gary,Gary bought a new watch,10000,It cost $10000.,It cost $9999.,"A friend asked him, ",Was it expensive?,"Gary said, ", Please provide the probability that Gary thinks that the watch is expensive.,True,round,10000,10000,watch
George,George bought a new watch,10000,It cost $10000.,It cost $10000.,"A friend asked him, ",Was it expensive?,"George said, ", Please provide the probability that George thinks that the watch is expensive.,True,round,10000,10000,watch
George,George bought a new watch,10000,It cost $10000.,It cost $10000.,"A friend asked him, ",Was it expensive?,"George said, ", Please provide the probability that George thinks that the watch is expensive.,True,round,10000,10000,watch
Steve,Steve bought a new watch,10001,It cost $10001.,It cost $47.,"A friend asked him, ",Was it expensive?,"Steve said, ", Please provide the probability that Steve thinks that the watch is expensive.,False,sharp,10000,10001,watch
Kenneth,Kenneth bought a new watch,10001,It cost $10001.,It cost $48.,"A friend asked him, ",Was it expensive?,"Kenneth said, ", Please provide the probability that Kenneth thinks that the watch is expensive.,False,sharp,10000,10001,watch
Winston,Winston bought a new watch,10001,It cost $10001.,It cost $49.,"A friend asked him, ",Was it expensive?,"Winston said, ", Please provide the probability that Winston thinks that the watch is expensive.,False,sharp,10000,10001,watch
Kenneth,Kenneth bought a new watch,10001,It cost $10001.,It cost $50.,"A friend asked him, ",Was it expensive?,"Kenneth said, ", Please provide the probability that Kenneth thinks that the watch is expensive.,False,sharp,10000,10001,watch
Barry,Barry bought a new watch,10001,It cost $10001.,It cost $50.,"A friend asked him, ",Was it expensive?,"Barry said, ", Please provide the probability that Barry thinks that the watch is expensive.,False,sharp,10000,10001,watch
Matt,Matt bought a new watch,10001,It cost $10001.,It cost $51.,"A friend asked him, ",Was it expensive?,"Matt said, ", Please provide the probability that Matt thinks that the watch is expensive.,False,sharp,10000,10001,watch
Daniel,Daniel bought a new watch,10001,It cost $10001.,It cost $52.,"A friend asked him, ",Was it expensive?,"Daniel said, ", Please provide the probability that Daniel thinks that the watch is expensive.,False,sharp,10000,10001,watch
Owen,Owen bought a new watch,10001,It cost $10001.,It cost $53.,"A friend asked him, ",Was it expensive?,"Owen said, ", Please provide the probability that Owen thinks that the watch is expensive.,False,sharp,10000,10001,watch
Patrick,Patrick bought a new watch,10001,It cost $10001.,It cost $497.,"A friend asked him, ",Was it expensive?,"Patrick said, ", Please provide the probability that Patrick thinks that the watch is expensive.,False,sharp,10000,10001,watch
Ethan,Ethan bought a new watch,10001,It cost $10001.,It cost $498.,"A friend asked him, ",Was it expensive?,"Ethan said, ", Please provide the probability that Ethan thinks that the watch is expensive.,False,sharp,10000,10001,watch
Barry,Barry bought a new watch,10001,It cost $10001.,It cost $499.,"A friend asked him, ",Was it expensive?,"Barry said, ", Please provide the probability that Barry thinks that the watch is expensive.,False,sharp,10000,10001,watch
George,George bought a new watch,10001,It cost $10001.,It cost $500.,"A friend asked him, ",Was it expensive?,"George said, ", Please provide the probability that George thinks that the watch is expensive.,False,sharp,10000,10001,watch
Albert,Albert bought a new watch,10001,It cost $10001.,It cost $500.,"A friend asked him, ",Was it expensive?,"Albert said, ", Please provide the probability that Albert thinks that the watch is expensive.,False,sharp,10000,10001,watch
Jake,Jake bought a new watch,10001,It cost $10001.,It cost $501.,"A friend asked him, ",Was it expensive?,"Jake said, ", Please provide the probability that Jake thinks that the watch is expensive.,False,sharp,10000,10001,watch
David,David bought a new watch,10001,It cost $10001.,It cost $502.,"A friend asked him, ",Was it expensive?,"David said, ", Please provide the probability that David thinks that the watch is expensive.,False,sharp,10000,10001,watch
Calvin,Calvin bought a new watch,10001,It cost $10001.,It cost $503.,"A friend asked him, ",Was it expensive?,"Calvin said, ", Please provide the probability that Calvin thinks that the watch is expensive.,False,sharp,10000,10001,watch
Harry,Harry bought a new watch,10001,It cost $10001.,It cost $997.,"A friend asked him, ",Was it expensive?,"Harry said, ", Please provide the probability that Harry thinks that the watch is expensive.,False,sharp,10000,10001,watch
George,George bought a new watch,10001,It cost $10001.,It cost $998.,"A friend asked him, ",Was it expensive?,"George said, ", Please provide the probability that George thinks that the watch is expensive.,False,sharp,10000,10001,watch
Eric,Eric bought a new watch,10001,It cost $10001.,It cost $999.,"A friend asked him, ",Was it expensive?,"Eric said, ", Please provide the probability that Eric thinks that the watch is expensive.,False,sharp,10000,10001,watch
Patrick,Patrick bought a new watch,10001,It cost $10001.,It cost $1000.,"A friend asked him, ",Was it expensive?,"Patrick said, ", Please provide the probability that Patrick thinks that the watch is expensive.,False,sharp,10000,10001,watch
Alex,Alex bought a new watch,10001,It cost $10001.,It cost $1000.,"A friend asked him, ",Was it expensive?,"Alex said, ", Please provide the probability that Alex thinks that the watch is expensive.,False,sharp,10000,10001,watch
George,George bought a new watch,10001,It cost $10001.,It cost $1001.,"A friend asked him, ",Was it expensive?,"George said, ", Please provide the probability that George thinks that the watch is expensive.,False,sharp,10000,10001,watch
Bob,Bob bought a new watch,10001,It cost $10001.,It cost $1002.,"A friend asked him, ",Was it expensive?,"Bob said, ", Please provide the probability that Bob thinks that the watch is expensive.,False,sharp,10000,10001,watch
Gary,Gary bought a new watch,10001,It cost $10001.,It cost $1003.,"A friend asked him, ",Was it expensive?,"Gary said, ", Please provide the probability that Gary thinks that the watch is expensive.,False,sharp,10000,10001,watch
Eric,Eric bought a new watch,10001,It cost $10001.,It cost $4997.,"A friend asked him, ",Was it expensive?,"Eric said, ", Please provide the probability that Eric thinks that the watch is expensive.,False,sharp,10000,10001,watch
Kenneth,Kenneth bought a new watch,10001,It cost $10001.,It cost $4998.,"A friend asked him, ",Was it expensive?,"Kenneth said, ", Please provide the probability that Kenneth thinks that the watch is expensive.,False,sharp,10000,10001,watch
Owen,Owen bought a new watch,10001,It cost $10001.,It cost $4999.,"A friend asked him, ",Was it expensive?,"Owen said, ", Please provide the probability that Owen thinks that the watch is expensive.,False,sharp,10000,10001,watch
Victor,Victor bought a new watch,10001,It cost $10001.,It cost $5000.,"A friend asked him, ",Was it expensive?,"Victor said, ", Please provide the probability that Victor thinks that the watch is expensive.,False,sharp,10000,10001,watch
Gary,Gary bought a new watch,10001,It cost $10001.,It cost $5000.,"A friend asked him, ",Was it expensive?,"Gary said, ", Please provide the probability that Gary thinks that the watch is expensive.,False,sharp,10000,10001,watch
David,David bought a new watch,10001,It cost $10001.,It cost $5001.,"A friend asked him, ",Was it expensive?,"David said, ", Please provide the probability that David thinks that the watch is expensive.,False,sharp,10000,10001,watch
Ivan,Ivan bought a new watch,10001,It cost $10001.,It cost $5002.,"A friend asked him, ",Was it expensive?,"Ivan said, ", Please provide the probability that Ivan thinks that the watch is expensive.,False,sharp,10000,10001,watch
Calvin,Calvin bought a new watch,10001,It cost $10001.,It cost $5003.,"A friend asked him, ",Was it expensive?,"Calvin said, ", Please provide the probability that Calvin thinks that the watch is expensive.,False,sharp,10000,10001,watch
David,David bought a new watch,10001,It cost $10001.,It cost $9997.,"A friend asked him, ",Was it expensive?,"David said, ", Please provide the probability that David thinks that the watch is expensive.,False,sharp,10000,10001,watch
Fred,Fred bought a new watch,10001,It cost $10001.,It cost $9998.,"A friend asked him, ",Was it expensive?,"Fred said, ", Please provide the probability that Fred thinks that the watch is expensive.,False,sharp,10000,10001,watch
Charles,Charles bought a new watch,10001,It cost $10001.,It cost $9999.,"A friend asked him, ",Was it expensive?,"Charles said, ", Please provide the probability that Charles thinks that the watch is expensive.,False,sharp,10000,10001,watch
Bob,Bob bought a new watch,10001,It cost $10001.,It cost $10000.,"A friend asked him, ",Was it expensive?,"Bob said, ", Please provide the probability that Bob thinks that the watch is expensive.,False,sharp,10000,10001,watch
Fred,Fred bought a new watch,10001,It cost $10001.,It cost $10000.,"A friend asked him, ",Was it expensive?,"Fred said, ", Please provide the probability that Fred thinks that the watch is expensive.,False,sharp,10000,10001,watch
Patrick,Patrick bought a new watch,10001,It cost $10001.,It cost $10001.,"A friend asked him, ",Was it expensive?,"Patrick said, ", Please provide the probability that Patrick thinks that the watch is expensive.,False,sharp,10000,10001,watch
Jake,Jake bought a new watch,10002,It cost $10002.,It cost $47.,"A friend asked him, ",Was it expensive?,"Jake said, ", Please provide the probability that Jake thinks that the watch is expensive.,False,sharp,10000,10001,watch
Albert,Albert bought a new watch,10002,It cost $10002.,It cost $48.,"A friend asked him, ",Was it expensive?,"Albert said, ", Please provide the probability that Albert thinks that the watch is expensive.,False,sharp,10000,10001,watch
Frank,Frank bought a new watch,10002,It cost $10002.,It cost $49.,"A friend asked him, ",Was it expensive?,"Frank said, ", Please provide the probability that Frank thinks that the watch is expensive.,False,sharp,10000,10001,watch
Robert,Robert bought a new watch,10002,It cost $10002.,It cost $50.,"A friend asked him, ",Was it expensive?,"Robert said, ", Please provide the probability that Robert thinks that the watch is expensive.,False,sharp,10000,10001,watch
Steve,Steve bought a new watch,10002,It cost $10002.,It cost $50.,"A friend asked him, ",Was it expensive?,"Steve said, ", Please provide the probability that Steve thinks that the watch is expensive.,False,sharp,10000,10001,watch
Owen,Owen bought a new watch,10002,It cost $10002.,It cost $51.,"A friend asked him, ",Was it expensive?,"Owen said, ", Please provide the probability that Owen thinks that the watch is expensive.,False,sharp,10000,10001,watch
Ivan,Ivan bought a new watch,10002,It cost $10002.,It cost $52.,"A friend asked him, ",Was it expensive?,"Ivan said, ", Please provide the probability that Ivan thinks that the watch is expensive.,False,sharp,10000,10001,watch
Ivan,Ivan bought a new watch,10002,It cost $10002.,It cost $53.,"A friend asked him, ",Was it expensive?,"Ivan said, ", Please provide the probability that Ivan thinks that the watch is expensive.,False,sharp,10000,10001,watch
Fred,Fred bought a new watch,10002,It cost $10002.,It cost $497.,"A friend asked him, ",Was it expensive?,"Fred said, ", Please provide the probability that Fred thinks that the watch is expensive.,False,sharp,10000,10001,watch
Fred,Fred bought a new watch,10002,It cost $10002.,It cost $498.,"A friend asked him, ",Was it expensive?,"Fred said, ", Please provide the probability that Fred thinks that the watch is expensive.,False,sharp,10000,10001,watch
Calvin,Calvin bought a new watch,10002,It cost $10002.,It cost $499.,"A friend asked him, ",Was it expensive?,"Calvin said, ", Please provide the probability that Calvin thinks that the watch is expensive.,False,sharp,10000,10001,watch
Bob,Bob bought a new watch,10002,It cost $10002.,It cost $500.,"A friend asked him, ",Was it expensive?,"Bob said, ", Please provide the probability that Bob thinks that the watch is expensive.,False,sharp,10000,10001,watch
Tom,Tom bought a new watch,10002,It cost $10002.,It cost $500.,"A friend asked him, ",Was it expensive?,"Tom said, ", Please provide the probability that Tom thinks that the watch is expensive.,False,sharp,10000,10001,watch
Ivan,Ivan bought a new watch,10002,It cost $10002.,It cost $501.,"A friend asked him, ",Was it expensive?,"Ivan said, ", Please provide the probability that Ivan thinks that the watch is expensive.,False,sharp,10000,10001,watch
Daniel,Daniel bought a new watch,10002,It cost $10002.,It cost $502.,"A friend asked him, ",Was it expensive?,"Daniel said, ", Please provide the probability that Daniel thinks that the watch is expensive.,False,sharp,10000,10001,watch
Ethan,Ethan bought a new watch,10002,It cost $10002.,It cost $503.,"A friend asked him, ",Was it expensive?,"Ethan said, ", Please provide the probability that Ethan thinks that the watch is expensive.,False,sharp,10000,10001,watch
Kenneth,Kenneth bought a new watch,10002,It cost $10002.,It cost $997.,"A friend asked him, ",Was it expensive?,"Kenneth said, ", Please provide the probability that Kenneth thinks that the watch is expensive.,False,sharp,10000,10001,watch
Winston,Winston bought a new watch,10002,It cost $10002.,It cost $998.,"A friend asked him, ",Was it expensive?,"Winston said, ", Please provide the probability that Winston thinks that the watch is expensive.,False,sharp,10000,10001,watch
Winston,Winston bought a new watch,10002,It cost $10002.,It cost $999.,"A friend asked him, ",Was it expensive?,"Winston said, ", Please provide the probability that Winston thinks that the watch is expensive.,False,sharp,10000,10001,watch
Winston,Winston bought a new watch,10002,It cost $10002.,It cost $1000.,"A friend asked him, ",Was it expensive?,"Winston said, ", Please provide the probability that Winston thinks that the watch is expensive.,False,sharp,10000,10001,watch
Ivan,Ivan bought a new watch,10002,It cost $10002.,It cost $1000.,"A friend asked him, ",Was it expensive?,"Ivan said, ", Please provide the probability that Ivan thinks that the watch is expensive.,False,sharp,10000,10001,watch
George,George bought a new watch,10002,It cost $10002.,It cost $1001.,"A friend asked him, ",Was it expensive?,"George said, ", Please provide the probability that George thinks that the watch is expensive.,False,sharp,10000,10001,watch
Ivan,Ivan bought a new watch,10002,It cost $10002.,It cost $1002.,"A friend asked him, ",Was it expensive?,"Ivan said, ", Please provide the probability that Ivan thinks that the watch is expensive.,False,sharp,10000,10001,watch
Robert,Robert bought a new watch,10002,It cost $10002.,It cost $1003.,"A friend asked him, ",Was it expensive?,"Robert said, ", Please provide the probability that Robert thinks that the watch is expensive.,False,sharp,10000,10001,watch
Tom,Tom bought a new watch,10002,It cost $10002.,It cost $4997.,"A friend asked him, ",Was it expensive?,"Tom said, ", Please provide the probability that Tom thinks that the watch is expensive.,False,sharp,10000,10001,watch
Kenneth,Kenneth bought a new watch,10002,It cost $10002.,It cost $4998.,"A friend asked him, ",Was it expensive?,"Kenneth said, ", Please provide the probability that Kenneth thinks that the watch is expensive.,False,sharp,10000,10001,watch
Tom,Tom bought a new watch,10002,It cost $10002.,It cost $4999.,"A friend asked him, ",Was it expensive?,"Tom said, ", Please provide the probability that Tom thinks that the watch is expensive.,False,sharp,10000,10001,watch
Zach,Zach bought a new watch,10002,It cost $10002.,It cost $5000.,"A friend asked him, ",Was it expensive?,"Zach said, ", Please provide the probability that Zach thinks that the watch is expensive.,False,sharp,10000,10001,watch
Steve,Steve bought a new watch,10002,It cost $10002.,It cost $5000.,"A friend asked him, ",Was it expensive?,"Steve said, ", Please provide the probability that Steve thinks that the watch is expensive.,False,sharp,10000,10001,watch
Nathan,Nathan bought a new watch,10002,It cost $10002.,It cost $5001.,"A friend asked him, ",Was it expensive?,"Nathan said, ", Please provide the probability that Nathan thinks that the watch is expensive.,False,sharp,10000,10001,watch
David,David bought a new watch,10002,It cost $10002.,It cost $5002.,"A friend asked him, ",Was it expensive?,"David said, ", Please provide the probability that David thinks that the watch is expensive.,False,sharp,10000,10001,watch
Albert,Albert bought a new watch,10002,It cost $10002.,It cost $5003.,"A friend asked him, ",Was it expensive?,"Albert said, ", Please provide the probability that Albert thinks that the watch is expensive.,False,sharp,10000,10001,watch
Barry,Barry bought a new watch,10002,It cost $10002.,It cost $9997.,"A friend asked him, ",Was it expensive?,"Barry said, ", Please provide the probability that Barry thinks that the watch is expensive.,False,sharp,10000,10001,watch
Eric,Eric bought a new watch,10002,It cost $10002.,It cost $9998.,"A friend asked him, ",Was it expensive?,"Eric said, ", Please provide the probability that Eric thinks that the watch is expensive.,False,sharp,10000,10001,watch
Daniel,Daniel bought a new watch,10002,It cost $10002.,It cost $9999.,"A friend asked him, ",Was it expensive?,"Daniel said, ", Please provide the probability that Daniel thinks that the watch is expensive.,False,sharp,10000,10001,watch
Matt,Matt bought a new watch,10002,It cost $10002.,It cost $10000.,"A friend asked him, ",Was it expensive?,"Matt said, ", Please provide the probability that Matt thinks that the watch is expensive.,False,sharp,10000,10001,watch
George,George bought a new watch,10002,It cost $10002.,It cost $10000.,"A friend asked him, ",Was it expensive?,"George said, ", Please provide the probability that George thinks that the watch is expensive.,False,sharp,10000,10001,watch
Calvin,Calvin bought a new watch,10002,It cost $10002.,It cost $10001.,"A friend asked him, ",Was it expensive?,"Calvin said, ", Please provide the probability that Calvin thinks that the watch is expensive.,False,sharp,10000,10001,watch
Charles,Charles bought a new watch,10002,It cost $10002.,It cost $10002.,"A friend asked him, ",Was it expensive?,"Charles said, ", Please provide the probability that Charles thinks that the watch is expensive.,False,sharp,10000,10001,watch
Fred,Fred bought a new watch,10003,It cost $10003.,It cost $47.,"A friend asked him, ",Was it expensive?,"Fred said, ", Please provide the probability that Fred thinks that the watch is expensive.,False,sharp,10000,10001,watch
Tom,Tom bought a new watch,10003,It cost $10003.,It cost $48.,"A friend asked him, ",Was it expensive?,"Tom said, ", Please provide the probability that Tom thinks that the watch is expensive.,False,sharp,10000,10001,watch
David,David bought a new watch,10003,It cost $10003.,It cost $49.,"A friend asked him, ",Was it expensive?,"David said, ", Please provide the probability that David thinks that the watch is expensive.,False,sharp,10000,10001,watch
Barry,Barry bought a new watch,10003,It cost $10003.,It cost $50.,"A friend asked him, ",Was it expensive?,"Barry said, ", Please provide the probability that Barry thinks that the watch is expensive.,False,sharp,10000,10001,watch
Frank,Frank bought a new watch,10003,It cost $10003.,It cost $50.,"A friend asked him, ",Was it expensive?,"Frank said, ", Please provide the probability that Frank thinks that the watch is expensive.,False,sharp,10000,10001,watch
Fred,Fred bought a new watch,10003,It cost $10003.,It cost $51.,"A friend asked him, ",Was it expensive?,"Fred said, ", Please provide the probability that Fred thinks that the watch is expensive.,False,sharp,10000,10001,watch
Luke,Luke bought a new watch,10003,It cost $10003.,It cost $52.,"A friend asked him, ",Was it expensive?,"Luke said, ", Please provide the probability that Luke thinks that the watch is expensive.,False,sharp,10000,10001,watch
Winston,Winston bought a new watch,10003,It cost $10003.,It cost $53.,"A friend asked him, ",Was it expensive?,"Winston said, ", Please provide the probability that Winston thinks that the watch is expensive.,False,sharp,10000,10001,watch
Frank,Frank bought a new watch,10003,It cost $10003.,It cost $497.,"A friend asked him, ",Was it expensive?,"Frank said, ", Please provide the probability that Frank thinks that the watch is expensive.,False,sharp,10000,10001,watch
Winston,Winston bought a new watch,10003,It cost $10003.,It cost $498.,"A friend asked him, ",Was it expensive?,"Winston said, ", Please provide the probability that Winston thinks that the watch is expensive.,False,sharp,10000,10001,watch
Daniel,Daniel bought a new watch,10003,It cost $10003.,It cost $499.,"A friend asked him, ",Was it expensive?,"Daniel said, ", Please provide the probability that Daniel thinks that the watch is expensive.,False,sharp,10000,10001,watch
Luke,Luke bought a new watch,10003,It cost $10003.,It cost $500.,"A friend asked him, ",Was it expensive?,"Luke said, ", Please provide the probability that Luke thinks that the watch is expensive.,False,sharp,10000,10001,watch
Barry,Barry bought a new watch,10003,It cost $10003.,It cost $500.,"A friend asked him, ",Was it expensive?,"Barry said, ", Please provide the probability that Barry thinks that the watch is expensive.,False,sharp,10000,10001,watch
Ethan,Ethan bought a new watch,10003,It cost $10003.,It cost $501.,"A friend asked him, ",Was it expensive?,"Ethan said, ", Please provide the probability that Ethan thinks that the watch is expensive.,False,sharp,10000,10001,watch
Robert,Robert bought a new watch,10003,It cost $10003.,It cost $502.,"A friend asked him, ",Was it expensive?,"Robert said, ", Please provide the probability that Robert thinks that the watch is expensive.,False,sharp,10000,10001,watch
Victor,Victor bought a new watch,10003,It cost $10003.,It cost $503.,"A friend asked him, ",Was it expensive?,"Victor said, ", Please provide the probability that Victor thinks that the watch is expensive.,False,sharp,10000,10001,watch
Albert,Albert bought a new watch,10003,It cost $10003.,It cost $997.,"A friend asked him, ",Was it expensive?,"Albert said, ", Please provide the probability that Albert thinks that the watch is expensive.,False,sharp,10000,10001,watch
Frank,Frank bought a new watch,10003,It cost $10003.,It cost $998.,"A friend asked him, ",Was it expensive?,"Frank said, ", Please provide the probability that Frank thinks that the watch is expensive.,False,sharp,10000,10001,watch
Albert,Albert bought a new watch,10003,It cost $10003.,It cost $999.,"A friend asked him, ",Was it expensive?,"Albert said, ", Please provide the probability that Albert thinks that the watch is expensive.,False,sharp,10000,10001,watch
Kenneth,Kenneth bought a new watch,10003,It cost $10003.,It cost $1000.,"A friend asked him, ",Was it expensive?,"Kenneth said, ", Please provide the probability that Kenneth thinks that the watch is expensive.,False,sharp,10000,10001,watch
Charles,Charles bought a new watch,10003,It cost $10003.,It cost $1000.,"A friend asked him, ",Was it expensive?,"Charles said, ", Please provide the probability that Charles thinks that the watch is expensive.,False,sharp,10000,10001,watch
Patrick,Patrick bought a new watch,10003,It cost $10003.,It cost $1001.,"A friend asked him, ",Was it expensive?,"Patrick said, ", Please provide the probability that Patrick thinks that the watch is expensive.,False,sharp,10000,10001,watch
Alex,Alex bought a new watch,10003,It cost $10003.,It cost $1002.,"A friend asked him, ",Was it expensive?,"Alex said, ", Please provide the probability that Alex thinks that the watch is expensive.,False,sharp,10000,10001,watch
Ethan,Ethan bought a new watch,10003,It cost $10003.,It cost $1003.,"A friend asked him, ",Was it expensive?,"Ethan said, ", Please provide the probability that Ethan thinks that the watch is expensive.,False,sharp,10000,10001,watch
Calvin,Calvin bought a new watch,10003,It cost $10003.,It cost $4997.,"A friend asked him, ",Was it expensive?,"Calvin said, ", Please provide the probability that Calvin thinks that the watch is expensive.,False,sharp,10000,10001,watch
Barry,Barry bought a new watch,10003,It cost $10003.,It cost $4998.,"A friend asked him, ",Was it expensive?,"Barry said, ", Please provide the probability that Barry thinks that the watch is expensive.,False,sharp,10000,10001,watch
Victor,Victor bought a new watch,10003,It cost $10003.,It cost $4999.,"A friend asked him, ",Was it expensive?,"Victor said, ", Please provide the probability that Victor thinks that the watch is expensive.,False,sharp,10000,10001,watch
Jake,Jake bought a new watch,10003,It cost $10003.,It cost $5000.,"A friend asked him, ",Was it expensive?,"Jake said, ", Please provide the probability that Jake thinks that the watch is expensive.,False,sharp,10000,10001,watch
Steve,Steve bought a new watch,10003,It cost $10003.,It cost $5000.,"A friend asked him, ",Was it expensive?,"Steve said, ", Please provide the probability that Steve thinks that the watch is expensive.,False,sharp,10000,10001,watch
David,David bought a new watch,10003,It cost $10003.,It cost $5001.,"A friend asked him, ",Was it expensive?,"David said, ", Please provide the probability that David thinks that the watch is expensive.,False,sharp,10000,10001,watch
Robert,Robert bought a new watch,10003,It cost $10003.,It cost $5002.,"A friend asked him, ",Was it expensive?,"Robert said, ", Please provide the probability that Robert thinks that the watch is expensive.,False,sharp,10000,10001,watch
Nathan,Nathan bought a new watch,10003,It cost $10003.,It cost $5003.,"A friend asked him, ",Was it expensive?,"Nathan said, ", Please provide the probability that Nathan thinks that the watch is expensive.,False,sharp,10000,10001,watch
Calvin,Calvin bought a new watch,10003,It cost $10003.,It cost $9997.,"A friend asked him, ",Was it expensive?,"Calvin said, ", Please provide the probability that Calvin thinks that the watch is expensive.,False,sharp,10000,10001,watch
Daniel,Daniel bought a new watch,10003,It cost $10003.,It cost $9998.,"A friend asked him, ",Was it expensive?,"Daniel said, ", Please provide the probability that Daniel thinks that the watch is expensive.,False,sharp,10000,10001,watch
Zach,Zach bought a new watch,10003,It cost $10003.,It cost $9999.,"A friend asked him, ",Was it expensive?,"Zach said, ", Please provide the probability that Zach thinks that the watch is expensive.,False,sharp,10000,10001,watch
Eric,Eric bought a new watch,10003,It cost $10003.,It cost $10000.,"A friend asked him, ",Was it expensive?,"Eric said, ", Please provide the probability that Eric thinks that the watch is expensive.,False,sharp,10000,10001,watch
Barry,Barry bought a new watch,10003,It cost $10003.,It cost $10000.,"A friend asked him, ",Was it expensive?,"Barry said, ", Please provide the probability that Barry thinks that the watch is expensive.,False,sharp,10000,10001,watch
Alex,Alex bought a new watch,10003,It cost $10003.,It cost $10001.,"A friend asked him, ",Was it expensive?,"Alex said, ", Please provide the probability that Alex thinks that the watch is expensive.,False,sharp,10000,10001,watch
Winston,Winston bought a new watch,10003,It cost $10003.,It cost $10002.,"A friend asked him, ",Was it expensive?,"Winston said, ", Please provide the probability that Winston thinks that the watch is expensive.,False,sharp,10000,10001,watch
Matt,Matt bought a new watch,10003,It cost $10003.,It cost $10003.,"A friend asked him, ",Was it expensive?,"Matt said, ", Please provide the probability that Matt thinks that the watch is expensive.,False,sharp,10000,10001,watch
Harry,Harry bought a new laptop,47,It cost $47.,It cost $47.,"A friend asked him, ",Was it expensive?,"Harry said, ", Please provide the probability that Harry thinks that the laptop is expensive.,False,sharp,50,51,laptop
Ethan,Ethan bought a new laptop,48,It cost $48.,It cost $47.,"A friend asked him, ",Was it expensive?,"Ethan said, ", Please provide the probability that Ethan thinks that the laptop is expensive.,False,sharp,50,51,laptop
Charles,Charles bought a new laptop,48,It cost $48.,It cost $48.,"A friend asked him, ",Was it expensive?,"Charles said, ", Please provide the probability that Charles thinks that the laptop is expensive.,False,sharp,50,51,laptop
Gary,Gary bought a new laptop,49,It cost $49.,It cost $47.,"A friend asked him, ",Was it expensive?,"Gary said, ", Please provide the probability that Gary thinks that the laptop is expensive.,True,sharp,50,51,laptop
Patrick,Patrick bought a new laptop,49,It cost $49.,It cost $48.,"A friend asked him, ",Was it expensive?,"Patrick said, ", Please provide the probability that Patrick thinks that the laptop is expensive.,True,sharp,50,51,laptop
Bob,Bob bought a new laptop,49,It cost $49.,It cost $49.,"A friend asked him, ",Was it expensive?,"Bob said, ", Please provide the probability that Bob thinks that the laptop is expensive.,True,sharp,50,51,laptop
Charles,Charles bought a new laptop,50,It cost $50.,It cost $47.,"A friend asked him, ",Was it expensive?,"Charles said, ", Please provide the probability that Charles thinks that the laptop is expensive.,True,round,50,50,laptop
Quinn,Quinn bought a new laptop,50,It cost $50.,It cost $48.,"A friend asked him, ",Was it expensive?,"Quinn said, ", Please provide the probability that Quinn thinks that the laptop is expensive.,True,round,50,50,laptop
Tom,Tom bought a new laptop,50,It cost $50.,It cost $49.,"A friend asked him, ",Was it expensive?,"Tom said, ", Please provide the probability that Tom thinks that the laptop is expensive.,True,round,50,50,laptop
Gary,Gary bought a new laptop,50,It cost $50.,It cost $50.,"A friend asked him, ",Was it expensive?,"Gary said, ", Please provide the probability that Gary thinks that the laptop is expensive.,True,round,50,50,laptop
Victor,Victor bought a new laptop,50,It cost $50.,It cost $50.,"A friend asked him, ",Was it expensive?,"Victor said, ", Please provide the probability that Victor thinks that the laptop is expensive.,True,round,50,50,laptop
Calvin,Calvin bought a new laptop,50,It cost $50.,It cost $47.,"A friend asked him, ",Was it expensive?,"Calvin said, ", Please provide the probability that Calvin thinks that the laptop is expensive.,True,round,50,50,laptop
Robert,Robert bought a new laptop,50,It cost $50.,It cost $48.,"A friend asked him, ",Was it expensive?,"Robert said, ", Please provide the probability that Robert thinks that the laptop is expensive.,True,round,50,50,laptop
Bob,Bob bought a new laptop,50,It cost $50.,It cost $49.,"A friend asked him, ",Was it expensive?,"Bob said, ", Please provide the probability that Bob thinks that the laptop is expensive.,True,round,50,50,laptop
Owen,Owen bought a new laptop,50,It cost $50.,It cost $50.,"A friend asked him, ",Was it expensive?,"Owen said, ", Please provide the probability that Owen thinks that the laptop is expensive.,True,round,50,50,laptop
Gary,Gary bought a new laptop,50,It cost $50.,It cost $50.,"A friend asked him, ",Was it expensive?,"Gary said, ", Please provide the probability that Gary thinks that the laptop is expensive.,True,round,50,50,laptop
Steve,Steve bought a new laptop,51,It cost $51.,It cost $47.,"A friend asked him, ",Was it expensive?,"Steve said, ", Please provide the probability that Steve thinks that the laptop is expensive.,False,sharp,50,51,laptop
Alex,Alex bought a new laptop,51,It cost $51.,It cost $48.,"A friend asked him, ",Was it expensive?,"Alex said, ", Please provide the probability that Alex thinks that the laptop is expensive.,False,sharp,50,51,laptop
Steve,Steve bought a new laptop,51,It cost $51.,It cost $49.,"A friend asked him, ",Was it expensive?,"Steve said, ", Please provide the probability that Steve thinks that the laptop is expensive.,False,sharp,50,51,laptop
Zach,Zach bought a new laptop,51,It cost $51.,It cost $50.,"A friend asked him, ",Was it expensive?,"Zach said, ", Please provide the probability that Zach thinks that the laptop is expensive.,False,sharp,50,51,laptop
Steve,Steve bought a new laptop,51,It cost $51.,It cost $50.,"A friend asked him, ",Was it expensive?,"Steve said, ", Please provide the probability that Steve thinks that the laptop is expensive.,False,sharp,50,51,laptop
Alex,Alex bought a new laptop,51,It cost $51.,It cost $51.,"A friend asked him, ",Was it expensive?,"Alex said, ", Please provide the probability that Alex thinks that the laptop is expensive.,False,sharp,50,51,laptop
Nathan,Nathan bought a new laptop,52,It cost $52.,It cost $47.,"A friend asked him, ",Was it expensive?,"Nathan said, ", Please provide the probability that Nathan thinks that the laptop is expensive.,False,sharp,50,51,laptop
Barry,Barry bought a new laptop,52,It cost $52.,It cost $48.,"A friend asked him, ",Was it expensive?,"Barry said, ", Please provide the probability that Barry thinks that the laptop is expensive.,False,sharp,50,51,laptop
Nathan,Nathan bought a new laptop,52,It cost $52.,It cost $49.,"A friend asked him, ",Was it expensive?,"Nathan said, ", Please provide the probability that Nathan thinks that the laptop is expensive.,False,sharp,50,51,laptop
Quinn,Quinn bought a new laptop,52,It cost $52.,It cost $50.,"A friend asked him, ",Was it expensive?,"Quinn said, ", Please provide the probability that Quinn thinks that the laptop is expensive.,False,sharp,50,51,laptop
Victor,Victor bought a new laptop,52,It cost $52.,It cost $50.,"A friend asked him, ",Was it expensive?,"Victor said, ", Please provide the probability that Victor thinks that the laptop is expensive.,False,sharp,50,51,laptop
Quinn,Quinn bought a new laptop,52,It cost $52.,It cost $51.,"A friend asked him, ",Was it expensive?,"Quinn said, ", Please provide the probability that Quinn thinks that the laptop is expensive.,False,sharp,50,51,laptop
Ethan,Ethan bought a new laptop,52,It cost $52.,It cost $52.,"A friend asked him, ",Was it expensive?,"Ethan said, ", Please provide the probability that Ethan thinks that the laptop is expensive.,False,sharp,50,51,laptop
Robert,Robert bought a new laptop,53,It cost $53.,It cost $47.,"A friend asked him, ",Was it expensive?,"Robert said, ", Please provide the probability that Robert thinks that the laptop is expensive.,False,sharp,50,51,laptop
Gary,Gary bought a new laptop,53,It cost $53.,It cost $48.,"A friend asked him, ",Was it expensive?,"Gary said, ", Please provide the probability that Gary thinks that the laptop is expensive.,False,sharp,50,51,laptop
Albert,Albert bought a new laptop,53,It cost $53.,It cost $49.,"A friend asked him, ",Was it expensive?,"Albert said, ", Please provide the probability that Albert thinks that the laptop is expensive.,False,sharp,50,51,laptop
Zach,Zach bought a new laptop,53,It cost $53.,It cost $50.,"A friend asked him, ",Was it expensive?,"Zach said, ", Please provide the probability that Zach thinks that the laptop is expensive.,False,sharp,50,51,laptop
Eric,Eric bought a new laptop,53,It cost $53.,It cost $50.,"A friend asked him, ",Was it expensive?,"Eric said, ", Please provide the probability that Eric thinks that the laptop is expensive.,False,sharp,50,51,laptop
Owen,Owen bought a new laptop,53,It cost $53.,It cost $51.,"A friend asked him, ",Was it expensive?,"Owen said, ", Please provide the probability that Owen thinks that the laptop is expensive.,False,sharp,50,51,laptop
Frank,Frank bought a new laptop,53,It cost $53.,It cost $52.,"A friend asked him, ",Was it expensive?,"Frank said, ", Please provide the probability that Frank thinks that the laptop is expensive.,False,sharp,50,51,laptop
Nathan,Nathan bought a new laptop,53,It cost $53.,It cost $53.,"A friend asked him, ",Was it expensive?,"Nathan said, ", Please provide the probability that Nathan thinks that the laptop is expensive.,False,sharp,50,51,laptop
Luke,Luke bought a new laptop,497,It cost $497.,It cost $47.,"A friend asked him, ",Was it expensive?,"Luke said, ", Please provide the probability that Luke thinks that the laptop is expensive.,False,sharp,500,501,laptop
Quinn,Quinn bought a new laptop,497,It cost $497.,It cost $48.,"A friend asked him, ",Was it expensive?,"Quinn said, ", Please provide the probability that Quinn thinks that the laptop is expensive.,False,sharp,500,501,laptop
Gary,Gary bought a new laptop,497,It cost $497.,It cost $49.,"A friend asked him, ",Was it expensive?,"Gary said, ", Please provide the probability that Gary thinks that the laptop is expensive.,False,sharp,500,501,laptop
Jake,Jake bought a new laptop,497,It cost $497.,It cost $50.,"A friend asked him, ",Was it expensive?,"Jake said, ", Please provide the probability that Jake thinks that the laptop is expensive.,False,sharp,500,501,laptop
David,David bought a new laptop,497,It cost $497.,It cost $50.,"A friend asked him, ",Was it expensive?,"David said, ", Please provide the probability that David thinks that the laptop is expensive.,False,sharp,500,501,laptop
Ivan,Ivan bought a new laptop,497,It cost $497.,It cost $51.,"A friend asked him, ",Was it expensive?,"Ivan said, ", Please provide the probability that Ivan thinks that the laptop is expensive.,False,sharp,500,501,laptop
Winston,Winston bought a new laptop,497,It cost $497.,It cost $52.,"A friend asked him, ",Was it expensive?,"Winston said, ", Please provide the probability that Winston thinks that the laptop is expensive.,False,sharp,500,501,laptop
Tom,Tom bought a new laptop,497,It cost $497.,It cost $53.,"A friend asked him, ",Was it expensive?,"Tom said, ", Please provide the probability that Tom thinks that the laptop is expensive.,False,sharp,500,501,laptop
Eric,Eric bought a new laptop,497,It cost $497.,It cost $497.,"A friend asked him, ",Was it expensive?,"Eric said, ", Please provide the probability that Eric thinks that the laptop is expensive.,False,sharp,500,501,laptop
Eric,Eric bought a new laptop,498,It cost $498.,It cost $47.,"A friend asked him, ",Was it expensive?,"Eric said, ", Please provide the probability that Eric thinks that the laptop is expensive.,False,sharp,500,501,laptop
Matt,Matt bought a new laptop,498,It cost $498.,It cost $48.,"A friend asked him, ",Was it expensive?,"Matt said, ", Please provide the probability that Matt thinks that the laptop is expensive.,False,sharp,500,501,laptop
Ivan,Ivan bought a new laptop,498,It cost $498.,It cost $49.,"A friend asked him, ",Was it expensive?,"Ivan said, ", Please provide the probability that Ivan thinks that the laptop is expensive.,False,sharp,500,501,laptop
Victor,Victor bought a new laptop,498,It cost $498.,It cost $50.,"A friend asked him, ",Was it expensive?,"Victor said, ", Please provide the probability that Victor thinks that the laptop is expensive.,False,sharp,500,501,laptop
Alex,Alex bought a new laptop,498,It cost $498.,It cost $50.,"A friend asked him, ",Was it expensive?,"Alex said, ", Please provide the probability that Alex thinks that the laptop is expensive.,False,sharp,500,501,laptop
Owen,Owen bought a new laptop,498,It cost $498.,It cost $51.,"A friend asked him, ",Was it expensive?,"Owen said, ", Please provide the probability that Owen thinks that the laptop is expensive.,False,sharp,500,501,laptop
Barry,Barry bought a new laptop,498,It cost $498.,It cost $52.,"A friend asked him, ",Was it expensive?,"Barry said, ", Please provide the probability that Barry thinks that the laptop is expensive.,False,sharp,500,501,laptop
Albert,Albert bought a new laptop,498,It cost $498.,It cost $53.,"A friend asked him, ",Was it expensive?,"Albert said, ", Please provide the probability that Albert thinks that the laptop is expensive.,False,sharp,500,501,laptop
Winston,Winston bought a new laptop,498,It cost $498.,It cost $497.,"A friend asked him, ",Was it expensive?,"Winston said, ", Please provide the probability that Winston thinks that the laptop is expensive.,False,sharp,500,501,laptop
Robert,Robert bought a new laptop,498,It cost $498.,It cost $498.,"A friend asked him, ",Was it expensive?,"Robert said, ", Please provide the probability that Robert thinks that the laptop is expensive.,False,sharp,500,501,laptop
Nathan,Nathan bought a new laptop,499,It cost $499.,It cost $47.,"A friend asked him, ",Was it expensive?,"Nathan said, ", Please provide the probability that Nathan thinks that the laptop is expensive.,True,sharp,500,501,laptop
Tom,Tom bought a new laptop,499,It cost $499.,It cost $48.,"A friend asked him, ",Was it expensive?,"Tom said, ", Please provide the probability that Tom thinks that the laptop is expensive.,True,sharp,500,501,laptop
Luke,Luke bought a new laptop,499,It cost $499.,It cost $49.,"A friend asked him, ",Was it expensive?,"Luke said, ", Please provide the probability that Luke thinks that the laptop is expensive.,True,sharp,500,501,laptop
Bob,Bob bought a new laptop,499,It cost $499.,It cost $50.,"A friend asked him, ",Was it expensive?,"Bob said, ", Please provide the probability that Bob thinks that the laptop is expensive.,True,sharp,500,501,laptop
Zach,Zach bought a new laptop,499,It cost $499.,It cost $50.,"A friend asked him, ",Was it expensive?,"Zach said, ", Please provide the probability that Zach thinks that the laptop is expensive.,True,sharp,500,501,laptop
Daniel,Daniel bought a new laptop,499,It cost $499.,It cost $51.,"A friend asked him, ",Was it expensive?,"Daniel said, ", Please provide the probability that Daniel thinks that the laptop is expensive.,True,sharp,500,501,laptop
Luke,Luke bought a new laptop,499,It cost $499.,It cost $52.,"A friend asked him, ",Was it expensive?,"Luke said, ", Please provide the probability that Luke thinks that the laptop is expensive.,True,sharp,500,501,laptop
Robert,Robert bought a new laptop,499,It cost $499.,It cost $53.,"A friend asked him, ",Was it expensive?,"Robert said, ", Please provide the probability that Robert thinks that the laptop is expensive.,True,sharp,500,501,laptop
Matt,Matt bought a new laptop,499,It cost $499.,It cost $497.,"A friend asked him, ",Was it expensive?,"Matt said, ", Please provide the probability that Matt thinks that the laptop is expensive.,True,sharp,500,501,laptop
Frank,Frank bought a new laptop,499,It cost $499.,It cost $498.,"A friend asked him, ",Was it expensive?,"Frank said, ", Please provide the probability that Frank thinks that the laptop is expensive.,True,sharp,500,501,laptop
Robert,Robert bought a new laptop,499,It cost $499.,It cost $499.,"A friend asked him, ",Was it expensive?,"Robert said, ", Please provide the probability that Robert thinks that the laptop is expensive.,True,sharp,500,501,laptop
Winston,Winston bought a new laptop,500,It cost $500.,It cost $47.,"A friend asked him, ",Was it expensive?,"Winston said, ", Please provide the probability that Winston thinks that the laptop is expensive.,True,round,500,500,laptop
Albert,Albert bought a new laptop,500,It cost $500.,It cost $48.,"A friend asked him, ",Was it expensive?,"Albert said, ", Please provide the probability that Albert thinks that the laptop is expensive.,True,round,500,500,laptop
Tom,Tom bought a new laptop,500,It cost $500.,It cost $49.,"A friend asked him, ",Was it expensive?,"Tom said, ", Please provide the probability that Tom thinks that the laptop is expensive.,True,round,500,500,laptop
Albert,Albert bought a new laptop,500,It cost $500.,It cost $50.,"A friend asked him, ",Was it expensive?,"Albert said, ", Please provide the probability that Albert thinks that the laptop is expensive.,True,round,500,500,laptop
Steve,Steve bought a new laptop,500,It cost $500.,It cost $50.,"A friend asked him, ",Was it expensive?,"Steve said, ", Please provide the probability that Steve thinks that the laptop is expensive.,True,round,500,500,laptop
Kenneth,Kenneth bought a new laptop,500,It cost $500.,It cost $51.,"A friend asked him, ",Was it expensive?,"Kenneth said, ", Please provide the probability that Kenneth thinks that the laptop is expensive.,True,round,500,500,laptop
Zach,Zach bought a new laptop,500,It cost $500.,It cost $52.,"A friend asked him, ",Was it expensive?,"Zach said, ", Please provide the probability that Zach thinks that the laptop is expensive.,True,round,500,500,laptop
Owen,Owen bought a new laptop,500,It cost $500.,It cost $53.,"A friend asked him, ",Was it expensive?,"Owen said, ", Please provide the probability that Owen thinks that the laptop is expensive.,True,round,500,500,laptop
Luke,Luke bought a new laptop,500,It cost $500.,It cost $497.,"A friend asked him, ",Was it expensive?,"Luke said, ", Please provide the probability that Luke thinks that the laptop is expensive.,True,round,500,500,laptop
Kenneth,Kenneth bought a new laptop,500,It cost $500.,It cost $498.,"A friend asked him, ",Was it expensive?,"Kenneth said, ", Please provide the probability that Kenneth thinks that the laptop is expensive.,True,round,500,500,laptop
Nathan,Nathan bought a new laptop,500,It cost $500.,It cost $499.,"A friend asked him, ",Was it expensive?,"Nathan said, ", Please provide the probability that Nathan thinks that the laptop is expensive.,True,round,500,500,laptop
Robert,Robert bought a new laptop,500,It cost $500.,It cost $500.,"A friend asked him, ",Was it expensive?,"Robert said, ", Please provide the probability that Robert thinks that the laptop is expensive.,True,round,500,500,laptop
Ethan,Ethan bought a new laptop,500,It cost $500.,It cost $500.,"A friend asked him, ",Was it expensive?,"Ethan said, ", Please provide the probability that Ethan thinks that the laptop is expensive.,True,round,500,500,laptop
Daniel,Daniel bought a new laptop,500,It cost $500.,It cost $47.,"A friend asked him, ",Was it expensive?,"Daniel said, ", Please provide the probability that Daniel thinks that the laptop is expensive.,True,round,500,500,laptop
Zach,Zach bought a new laptop,500,It cost $500.,It cost $48.,"A friend asked him, ",Was it expensive?,"Zach said, ", Please provide the probability that Zach thinks that the laptop is expensive.,True,round,500,500,laptop
Fred,Fred bought a new laptop,500,It cost $500.,It cost $49.,"A friend asked him, ",Was it expensive?,"Fred said, ", Please provide the probability that Fred thinks that the laptop is expensive.,True,round,500,500,laptop
Gary,Gary bought a new laptop,500,It cost $500.,It cost $50.,"A friend asked him, ",Was it expensive?,"Gary said, ", Please provide the probability that Gary thinks that the laptop is expensive.,True,round,500,500,laptop
Matt,Matt bought a new laptop,500,It cost $500.,It cost $50.,"A friend asked him, ",Was it expensive?,"Matt said, ", Please provide the probability that Matt thinks that the laptop is expensive.,True,round,500,500,laptop
Nathan,Nathan bought a new laptop,500,It cost $500.,It cost $51.,"A friend asked him, ",Was it expensive?,"Nathan said, ", Please provide the probability that Nathan thinks that the laptop is expensive.,True,round,500,500,laptop
Ethan,Ethan bought a new laptop,500,It cost $500.,It cost $52.,"A friend asked him, ",Was it expensive?,"Ethan said, ", Please provide the probability that Ethan thinks that the laptop is expensive.,True,round,500,500,laptop
Harry,Harry bought a new laptop,500,It cost $500.,It cost $53.,"A friend asked him, ",Was it expensive?,"Harry said, ", Please provide the probability that Harry thinks that the laptop is expensive.,True,round,500,500,laptop
Tom,Tom bought a new laptop,500,It cost $500.,It cost $497.,"A friend asked him, ",Was it expensive?,"Tom said, ", Please provide the probability that Tom thinks that the laptop is expensive.,True,round,500,500,laptop
Albert,Albert bought a new laptop,500,It cost $500.,It cost $498.,"A friend asked him, ",Was it expensive?,"Albert said, ", Please provide the probability that Albert thinks that the laptop is expensive.,True,round,500,500,laptop
David,David bought a new laptop,500,It cost $500.,It cost $499.,"A friend asked him, ",Was it expensive?,"David said, ", Please provide the probability that David thinks that the laptop is expensive.,True,round,500,500,laptop
Ivan,Ivan bought a new laptop,500,It cost $500.,It cost $500.,"A friend asked him, ",Was it expensive?,"Ivan said, ", Please provide the probability that Ivan thinks that the laptop is expensive.,True,round,500,500,laptop
Daniel,Daniel bought a new laptop,500,It cost $500.,It cost $500.,"A friend asked him, ",Was it expensive?,"Daniel said, ", Please provide the probability that Daniel thinks that the laptop is expensive.,True,round,500,500,laptop
Patrick,Patrick bought a new laptop,501,It cost $501.,It cost $47.,"A friend asked him, ",Was it expensive?,"Patrick said, ", Please provide the probability that Patrick thinks that the laptop is expensive.,False,sharp,500,501,laptop
Tom,Tom bought a new laptop,501,It cost $501.,It cost $48.,"A friend asked him, ",Was it expensive?,"Tom said, ", Please provide the probability that Tom thinks that the laptop is expensive.,False,sharp,500,501,laptop
Victor,Victor bought a new laptop,501,It cost $501.,It cost $49.,"A friend asked him, ",Was it expensive?,"Victor said, ", Please provide the probability that Victor thinks that the laptop is expensive.,False,sharp,500,501,laptop
Gary,Gary bought a new laptop,501,It cost $501.,It cost $50.,"A friend asked him, ",Was it expensive?,"Gary said, ", Please provide the probability that Gary thinks that the laptop is expensive.,False,sharp,500,501,laptop
Robert,Robert bought a new laptop,501,It cost $501.,It cost $50.,"A friend asked him, ",Was it expensive?,"Robert said, ", Please provide the probability that Robert thinks that the laptop is expensive.,False,sharp,500,501,laptop
Owen,Owen bought a new laptop,501,It cost $501.,It cost $51.,"A friend asked him, ",Was it expensive?,"Owen said, ", Please provide the probability that Owen thinks that the laptop is expensive.,False,sharp,500,501,laptop
Winston,Winston bought a new laptop,501,It cost $501.,It cost $52.,"A friend asked him, ",Was it expensive?,"Winston said, ", Please provide the probability that Winston thinks that the laptop is expensive.,False,sharp,500,501,laptop
Tom,Tom bought a new laptop,501,It cost $501.,It cost $53.,"A friend asked him, ",Was it expensive?,"Tom said, ", Please provide the probability that Tom thinks that the laptop is expensive.,False,sharp,500,501,laptop
Winston,Winston bought a new laptop,501,It cost $501.,It cost $497.,"A friend asked him, ",Was it expensive?,"Winston said, ", Please provide the probability that Winston thinks that the laptop is expensive.,False,sharp,500,501,laptop
Nathan,Nathan bought a new laptop,501,It cost $501.,It cost $498.,"A friend asked him, ",Was it expensive?,"Nathan said, ", Please provide the probability that Nathan thinks that the laptop is expensive.,False,sharp,500,501,laptop
Victor,Victor bought a new laptop,501,It cost $501.,It cost $499.,"A friend asked him, ",Was it expensive?,"Victor said, ", Please provide the probability that Victor thinks that the laptop is expensive.,False,sharp,500,501,laptop
Gary,Gary bought a new laptop,501,It cost $501.,It cost $500.,"A friend asked him, ",Was it expensive?,"Gary said, ", Please provide the probability that Gary thinks that the laptop is expensive.,False,sharp,500,501,laptop
Owen,Owen bought a new laptop,501,It cost $501.,It cost $500.,"A friend asked him, ",Was it expensive?,"Owen said, ", Please provide the probability that Owen thinks that the laptop is expensive.,False,sharp,500,501,laptop
Barry,Barry bought a new laptop,501,It cost $501.,It cost $501.,"A friend asked him, ",Was it expensive?,"Barry said, ", Please provide the probability that Barry thinks that the laptop is expensive.,False,sharp,500,501,laptop
Kenneth,Kenneth bought a new laptop,502,It cost $502.,It cost $47.,"A friend asked him, ",Was it expensive?,"Kenneth said, ", Please provide the probability that Kenneth thinks that the laptop is expensive.,False,sharp,500,501,laptop
Charles,Charles bought a new laptop,502,It cost $502.,It cost $48.,"A friend asked him, ",Was it expensive?,"Charles said, ", Please provide the probability that Charles thinks that the laptop is expensive.,False,sharp,500,501,laptop
Fred,Fred bought a new laptop,502,It cost $502.,It cost $49.,"A friend asked him, ",Was it expensive?,"Fred said, ", Please provide the probability that Fred thinks that the laptop is expensive.,False,sharp,500,501,laptop
Bob,Bob bought a new laptop,502,It cost $502.,It cost $50.,"A friend asked him, ",Was it expensive?,"Bob said, ", Please provide the probability that Bob thinks that the laptop is expensive.,False,sharp,500,501,laptop
Gary,Gary bought a new laptop,502,It cost $502.,It cost $50.,"A friend asked him, ",Was it expensive?,"Gary said, ", Please provide the probability that Gary thinks that the laptop is expensive.,False,sharp,500,501,laptop
Steve,Steve bought a new laptop,502,It cost $502.,It cost $51.,"A friend asked him, ",Was it expensive?,"Steve said, ", Please provide the probability that Steve thinks that the laptop is expensive.,False,sharp,500,501,laptop
Gary,Gary bought a new laptop,502,It cost $502.,It cost $52.,"A friend asked him, ",Was it expensive?,"Gary said, ", Please provide the probability that Gary thinks that the laptop is expensive.,False,sharp,500,501,laptop
Ivan,Ivan bought a new laptop,502,It cost $502.,It cost $53.,"A friend asked him, ",Was it expensive?,"Ivan said, ", Please provide the probability that Ivan thinks that the laptop is expensive.,False,sharp,500,501,laptop
Alex,Alex bought a new laptop,502,It cost $502.,It cost $497.,"A friend asked him, ",Was it expensive?,"Alex said, ", Please provide the probability that Alex thinks that the laptop is expensive.,False,sharp,500,501,laptop
Daniel,Daniel bought a new laptop,502,It cost $502.,It cost $498.,"A friend asked him, ",Was it expensive?,"Daniel said, ", Please provide the probability that Daniel thinks that the laptop is expensive.,False,sharp,500,501,laptop
Charles,Charles bought a new laptop,502,It cost $502.,It cost $499.,"A friend asked him, ",Was it expensive?,"Charles said, ", Please provide the probability that Charles thinks that the laptop is expensive.,False,sharp,500,501,laptop
Kenneth,Kenneth bought a new laptop,502,It cost $502.,It cost $500.,"A friend asked him, ",Was it expensive?,"Kenneth said, ", Please provide the probability that Kenneth thinks that the laptop is expensive.,False,sharp,500,501,laptop
Winston,Winston bought a new laptop,502,It cost $502.,It cost $500.,"A friend asked him, ",Was it expensive?,"Winston said, ", Please provide the probability that Winston thinks that the laptop is expensive.,False,sharp,500,501,laptop
Albert,Albert bought a new laptop,502,It cost $502.,It cost $501.,"A friend asked him, ",Was it expensive?,"Albert said, ", Please provide the probability that Albert thinks that the laptop is expensive.,False,sharp,500,501,laptop
Ivan,Ivan bought a new laptop,502,It cost $502.,It cost $502.,"A friend asked him, ",Was it expensive?,"Ivan said, ", Please provide the probability that Ivan thinks that the laptop is expensive.,False,sharp,500,501,laptop
Harry,Harry bought a new laptop,503,It cost $503.,It cost $47.,"A friend asked him, ",Was it expensive?,"Harry said, ", Please provide the probability that Harry thinks that the laptop is expensive.,False,sharp,500,501,laptop
Robert,Robert bought a new laptop,503,It cost $503.,It cost $48.,"A friend asked him, ",Was it expensive?,"Robert said, ", Please provide the probability that Robert thinks that the laptop is expensive.,False,sharp,500,501,laptop
Robert,Robert bought a new laptop,503,It cost $503.,It cost $49.,"A friend asked him, ",Was it expensive?,"Robert said, ", Please provide the probability that Robert thinks that the laptop is expensive.,False,sharp,500,501,laptop
Bob,Bob bought a new laptop,503,It cost $503.,It cost $50.,"A friend asked him, ",Was it expensive?,"Bob said, ", Please provide the probability that Bob thinks that the laptop is expensive.,False,sharp,500,501,laptop
Daniel,Daniel bought a new laptop,503,It cost $503.,It cost $50.,"A friend asked him, ",Was it expensive?,"Daniel said, ", Please provide the probability that Daniel thinks that the laptop is expensive.,False,sharp,500,501,laptop
Charles,Charles bought a new laptop,503,It cost $503.,It cost $51.,"A friend asked him, ",Was it expensive?,"Charles said, ", Please provide the probability that Charles thinks that the laptop is expensive.,False,sharp,500,501,laptop
Barry,Barry bought a new laptop,503,It cost $503.,It cost $52.,"A friend asked him, ",Was it expensive?,"Barry said, ", Please provide the probability that Barry thinks that the laptop is expensive.,False,sharp,500,501,laptop
Tom,Tom bought a new laptop,503,It cost $503.,It cost $53.,"A friend asked him, ",Was it expensive?,"Tom said, ", Please provide the probability that Tom thinks that the laptop is expensive.,False,sharp,500,501,laptop
Gary,Gary bought a new laptop,503,It cost $503.,It cost $497.,"A friend asked him, ",Was it expensive?,"Gary said, ", Please provide the probability that Gary thinks that the laptop is expensive.,False,sharp,500,501,laptop
Eric,Eric bought a new laptop,503,It cost $503.,It cost $498.,"A friend asked him, ",Was it expensive?,"Eric said, ", Please provide the probability that Eric thinks that the laptop is expensive.,False,sharp,500,501,laptop
Gary,Gary bought a new laptop,503,It cost $503.,It cost $499.,"A friend asked him, ",Was it expensive?,"Gary said, ", Please provide the probability that Gary thinks that the laptop is expensive.,False,sharp,500,501,laptop
Ivan,Ivan bought a new laptop,503,It cost $503.,It cost $500.,"A friend asked him, ",Was it expensive?,"Ivan said, ", Please provide the probability that Ivan thinks that the laptop is expensive.,False,sharp,500,501,laptop
Fred,Fred bought a new laptop,503,It cost $503.,It cost $500.,"A friend asked him, ",Was it expensive?,"Fred said, ", Please provide the probability that Fred thinks that the laptop is expensive.,False,sharp,500,501,laptop
Ethan,Ethan bought a new laptop,503,It cost $503.,It cost $501.,"A friend asked him, ",Was it expensive?,"Ethan said, ", Please provide the probability that Ethan thinks that the laptop is expensive.,False,sharp,500,501,laptop
Owen,Owen bought a new laptop,503,It cost $503.,It cost $502.,"A friend asked him, ",Was it expensive?,"Owen said, ", Please provide the probability that Owen thinks that the laptop is expensive.,False,sharp,500,501,laptop
Alex,Alex bought a new laptop,503,It cost $503.,It cost $503.,"A friend asked him, ",Was it expensive?,"Alex said, ", Please provide the probability that Alex thinks that the laptop is expensive.,False,sharp,500,501,laptop
Frank,Frank bought a new laptop,997,It cost $997.,It cost $47.,"A friend asked him, ",Was it expensive?,"Frank said, ", Please provide the probability that Frank thinks that the laptop is expensive.,False,sharp,1000,1001,laptop
Harry,Harry bought a new laptop,997,It cost $997.,It cost $48.,"A friend asked him, ",Was it expensive?,"Harry said, ", Please provide the probability that Harry thinks that the laptop is expensive.,False,sharp,1000,1001,laptop
Owen,Owen bought a new laptop,997,It cost $997.,It cost $49.,"A friend asked him, ",Was it expensive?,"Owen said, ", Please provide the probability that Owen thinks that the laptop is expensive.,False,sharp,1000,1001,laptop
George,George bought a new laptop,997,It cost $997.,It cost $50.,"A friend asked him, ",Was it expensive?,"George said, ", Please provide the probability that George thinks that the laptop is expensive.,False,sharp,1000,1001,laptop
Tom,Tom bought a new laptop,997,It cost $997.,It cost $50.,"A friend asked him, ",Was it expensive?,"Tom said, ", Please provide the probability that Tom thinks that the laptop is expensive.,False,sharp,1000,1001,laptop
Alex,Alex bought a new laptop,997,It cost $997.,It cost $51.,"A friend asked him, ",Was it expensive?,"Alex said, ", Please provide the probability that Alex thinks that the laptop is expensive.,False,sharp,1000,1001,laptop
Gary,Gary bought a new laptop,997,It cost $997.,It cost $52.,"A friend asked him, ",Was it expensive?,"Gary said, ", Please provide the probability that Gary thinks that the laptop is expensive.,False,sharp,1000,1001,laptop
Frank,Frank bought a new laptop,997,It cost $997.,It cost $53.,"A friend asked him, ",Was it expensive?,"Frank said, ", Please provide the probability that Frank thinks that the laptop is expensive.,False,sharp,1000,1001,laptop
Ivan,Ivan bought a new laptop,997,It cost $997.,It cost $497.,"A friend asked him, ",Was it expensive?,"Ivan said, ", Please provide the probability that Ivan thinks that the laptop is expensive.,False,sharp,1000,1001,laptop
Albert,Albert bought a new laptop,997,It cost $997.,It cost $498.,"A friend asked him, ",Was it expensive?,"Albert said, ", Please provide the probability that Albert thinks that the laptop is expensive.,False,sharp,1000,1001,laptop
Ivan,Ivan bought a new laptop,997,It cost $997.,It cost $499.,"A friend asked him, ",Was it expensive?,"Ivan said, ", Please provide the probability that Ivan thinks that the laptop is expensive.,False,sharp,1000,1001,laptop
George,George bought a new laptop,997,It cost $997.,It cost $500.,"A friend asked him, ",Was it expensive?,"George said, ", Please provide the probability that George thinks that the laptop is expensive.,False,sharp,1000,1001,laptop
Harry,Harry bought a new laptop,997,It cost $997.,It cost $500.,"A friend asked him, ",Was it expensive?,"Harry said, ", Please provide the probability that Harry thinks that the laptop is expensive.,False,sharp,1000,1001,laptop
Quinn,Quinn bought a new laptop,997,It cost $997.,It cost $501.,"A friend asked him, ",Was it expensive?,"Quinn said, ", Please provide the probability that Quinn thinks that the laptop is expensive.,False,sharp,1000,1001,laptop
Charles,Charles bought a new laptop,997,It cost $997.,It cost $502.,"A friend asked him, ",Was it expensive?,"Charles said, ", Please provide the probability that Charles thinks that the laptop is expensive.,False,sharp,1000,1001,laptop
Fred,Fred bought a new laptop,997,It cost $997.,It cost $503.,"A friend asked him, ",Was it expensive?,"Fred said, ", Please provide the probability that Fred thinks that the laptop is expensive.,False,sharp,1000,1001,laptop
Daniel,Daniel bought a new laptop,997,It cost $997.,It cost $997.,"A friend asked him, ",Was it expensive?,"Daniel said, ", Please provide the probability that Daniel thinks that the laptop is expensive.,False,sharp,1000,1001,laptop
Ivan,Ivan bought a new laptop,998,It cost $998.,It cost $47.,"A friend asked him, ",Was it expensive?,"Ivan said, ", Please provide the probability that Ivan thinks that the laptop is expensive.,False,sharp,1000,1001,laptop
Jake,Jake bought a new laptop,998,It cost $998.,It cost $48.,"A friend asked him, ",Was it expensive?,"Jake said, ", Please provide the probability that Jake thinks that the laptop is expensive.,False,sharp,1000,1001,laptop
Matt,Matt bought a new laptop,998,It cost $998.,It cost $49.,"A friend asked him, ",Was it expensive?,"Matt said, ", Please provide the probability that Matt thinks that the laptop is expensive.,False,sharp,1000,1001,laptop
Ivan,Ivan bought a new laptop,998,It cost $998.,It cost $50.,"A friend asked him, ",Was it expensive?,"Ivan said, ", Please provide the probability that Ivan thinks that the laptop is expensive.,False,sharp,1000,1001,laptop
Barry,Barry bought a new laptop,998,It cost $998.,It cost $50.,"A friend asked him, ",Was it expensive?,"Barry said, ", Please provide the probability that Barry thinks that the laptop is expensive.,False,sharp,1000,1001,laptop
Steve,Steve bought a new laptop,998,It cost $998.,It cost $51.,"A friend asked him, ",Was it expensive?,"Steve said, ", Please provide the probability that Steve thinks that the laptop is expensive.,False,sharp,1000,1001,laptop
Ivan,Ivan bought a new laptop,998,It cost $998.,It cost $52.,"A friend asked him, ",Was it expensive?,"Ivan said, ", Please provide the probability that Ivan thinks that the laptop is expensive.,False,sharp,1000,1001,laptop
Owen,Owen bought a new laptop,998,It cost $998.,It cost $53.,"A friend asked him, ",Was it expensive?,"Owen said, ", Please provide the probability that Owen thinks that the laptop is expensive.,False,sharp,1000,1001,laptop
Steve,Steve bought a new laptop,998,It cost $998.,It cost $497.,"A friend asked him, ",Was it expensive?,"Steve said, ", Please provide the probability that Steve thinks that the laptop is expensive.,False,sharp,1000,1001,laptop
Gary,Gary bought a new laptop,998,It cost $998.,It cost $498.,"A friend asked him, ",Was it expensive?,"Gary said, ", Please provide the probability that Gary thinks that the laptop is expensive.,False,sharp,1000,1001,laptop
Ivan,Ivan bought a new laptop,998,It cost $998.,It cost $499.,"A friend asked him, ",Was it expensive?,"Ivan said, ", Please provide the probability that Ivan thinks that the laptop is expensive.,False,sharp,1000,1001,laptop
Fred,Fred bought a new laptop,998,It cost $998.,It cost $500.,"A friend asked him, ",Was it expensive?,"Fred said, ", Please provide the probability that Fred thinks that the laptop is expensive.,False,sharp,1000,1001,laptop
Luke,Luke bought a new laptop,998,It cost $998.,It cost $500.,"A friend asked him, ",Was it expensive?,"Luke said, ", Please provide the probability that Luke thinks that the laptop is expensive.,False,sharp,1000,1001,laptop
Gary,Gary bought a new laptop,998,It cost $998.,It cost $501.,"A friend asked him, ",Was it expensive?,"Gary said, ", Please provide the probability that Gary thinks that the laptop is expensive.,False,sharp,1000,1001,laptop
Patrick,Patrick bought a new laptop,998,It cost $998.,It cost $502.,"A friend asked him, ",Was it expensive?,"Patrick said, ", Please provide the probability that Patrick thinks that the laptop is expensive.,False,sharp,1000,1001,laptop
Ivan,Ivan bought a new laptop,998,It cost $998.,It cost $503.,"A friend asked him, ",Was it expensive?,"Ivan said, ", Please provide the probability that Ivan thinks that the laptop is expensive.,False,sharp,1000,1001,laptop
Calvin,Calvin bought a new laptop,998,It cost $998.,It cost $997.,"A friend asked him, ",Was it expensive?,"Calvin said, ", Please provide the probability that Calvin thinks that the laptop is expensive.,False,sharp,1000,1001,laptop
Luke,Luke bought a new laptop,998,It cost $998.,It cost $998.,"A friend asked him, ",Was it expensive?,"Luke said, ", Please provide the probability that Luke thinks that the laptop is expensive.,False,sharp,1000,1001,laptop
Kenneth,Kenneth bought a new laptop,999,It cost $999.,It cost $47.,"A friend asked him, ",Was it expensive?,"Kenneth said, ", Please provide the probability that Kenneth thinks that the laptop is expensive.,True,sharp,1000,1001,laptop
Ethan,Ethan bought a new laptop,999,It cost $999.,It cost $48.,"A friend asked him, ",Was it expensive?,"Ethan said, ", Please provide the probability that Ethan thinks that the laptop is expensive.,True,sharp,1000,1001,laptop
Matt,Matt bought a new laptop,999,It cost $999.,It cost $49.,"A friend asked him, ",Was it expensive?,"Matt said, ", Please provide the probability that Matt thinks that the laptop is expensive.,True,sharp,1000,1001,laptop
Albert,Albert bought a new laptop,999,It cost $999.,It cost $50.,"A friend asked him, ",Was it expensive?,"Albert said, ", Please provide the probability that Albert thinks that the laptop is expensive.,True,sharp,1000,1001,laptop
Jake,Jake bought a new laptop,999,It cost $999.,It cost $50.,"A friend asked him, ",Was it expensive?,"Jake said, ", Please provide the probability that Jake thinks that the laptop is expensive.,True,sharp,1000,1001,laptop
Winston,Winston bought a new laptop,999,It cost $999.,It cost $51.,"A friend asked him, ",Was it expensive?,"Winston said, ", Please provide the probability that Winston thinks that the laptop is expensive.,True,sharp,1000,1001,laptop
Nathan,Nathan bought a new laptop,999,It cost $999.,It cost $52.,"A friend asked him, ",Was it expensive?,"Nathan said, ", Please provide the probability that Nathan thinks that the laptop is expensive.,True,sharp,1000,1001,laptop
Albert,Albert bought a new laptop,999,It cost $999.,It cost $53.,"A friend asked him, ",Was it expensive?,"Albert said, ", Please provide the probability that Albert thinks that the laptop is expensive.,True,sharp,1000,1001,laptop
Albert,Albert bought a new laptop,999,It cost $999.,It cost $497.,"A friend asked him, ",Was it expensive?,"Albert said, ", Please provide the probability that Albert thinks that the laptop is expensive.,True,sharp,1000,1001,laptop
Jake,Jake bought a new laptop,999,It cost $999.,It cost $498.,"A friend asked him, ",Was it expensive?,"Jake said, ", Please provide the probability that Jake thinks that the laptop is expensive.,True,sharp,1000,1001,laptop
Robert,Robert bought a new laptop,999,It cost $999.,It cost $499.,"A friend asked him, ",Was it expensive?,"Robert said, ", Please provide the probability that Robert thinks that the laptop is expensive.,True,sharp,1000,1001,laptop
Jake,Jake bought a new laptop,999,It cost $999.,It cost $500.,"A friend asked him, ",Was it expensive?,"Jake said, ", Please provide the probability that Jake thinks that the laptop is expensive.,True,sharp,1000,1001,laptop
Owen,Owen bought a new laptop,999,It cost $999.,It cost $500.,"A friend asked him, ",Was it expensive?,"Owen said, ", Please provide the probability that Owen thinks that the laptop is expensive.,True,sharp,1000,1001,laptop
Alex,Alex bought a new laptop,999,It cost $999.,It cost $501.,"A friend asked him, ",Was it expensive?,"Alex said, ", Please provide the probability that Alex thinks that the laptop is expensive.,True,sharp,1000,1001,laptop
Steve,Steve bought a new laptop,999,It cost $999.,It cost $502.,"A friend asked him, ",Was it expensive?,"Steve said, ", Please provide the probability that Steve thinks that the laptop is expensive.,True,sharp,1000,1001,laptop
Gary,Gary bought a new laptop,999,It cost $999.,It cost $503.,"A friend asked him, ",Was it expensive?,"Gary said, ", Please provide the probability that Gary thinks that the laptop is expensive.,True,sharp,1000,1001,laptop
Barry,Barry bought a new laptop,999,It cost $999.,It cost $997.,"A friend asked him, ",Was it expensive?,"Barry said, ", Please provide the probability that Barry thinks that the laptop is expensive.,True,sharp,1000,1001,laptop
Robert,Robert bought a new laptop,999,It cost $999.,It cost $998.,"A friend asked him, ",Was it expensive?,"Robert said, ", Please provide the probability that Robert thinks that the laptop is expensive.,True,sharp,1000,1001,laptop
Quinn,Quinn bought a new laptop,999,It cost $999.,It cost $999.,"A friend asked him, ",Was it expensive?,"Quinn said, ", Please provide the probability that Quinn thinks that the laptop is expensive.,True,sharp,1000,1001,laptop
George,George bought a new laptop,1000,It cost $1000.,It cost $47.,"A friend asked him, ",Was it expensive?,"George said, ", Please provide the probability that George thinks that the laptop is expensive.,True,round,1000,1000,laptop
Tom,Tom bought a new laptop,1000,It cost $1000.,It cost $48.,"A friend asked him, ",Was it expensive?,"Tom said, ", Please provide the probability that Tom thinks that the laptop is expensive.,True,round,1000,1000,laptop
Steve,Steve bought a new laptop,1000,It cost $1000.,It cost $49.,"A friend asked him, ",Was it expensive?,"Steve said, ", Please provide the probability that Steve thinks that the laptop is expensive.,True,round,1000,1000,laptop
Bob,Bob bought a new laptop,1000,It cost $1000.,It cost $50.,"A friend asked him, ",Was it expensive?,"Bob said, ", Please provide the probability that Bob thinks that the laptop is expensive.,True,round,1000,1000,laptop
Winston,Winston bought a new laptop,1000,It cost $1000.,It cost $50.,"A friend asked him, ",Was it expensive?,"Winston said, ", Please provide the probability that Winston thinks that the laptop is expensive.,True,round,1000,1000,laptop
Eric,Eric bought a new laptop,1000,It cost $1000.,It cost $51.,"A friend asked him, ",Was it expensive?,"Eric said, ", Please provide the probability that Eric thinks that the laptop is expensive.,True,round,1000,1000,laptop
Gary,Gary bought a new laptop,1000,It cost $1000.,It cost $52.,"A friend asked him, ",Was it expensive?,"Gary said, ", Please provide the probability that Gary thinks that the laptop is expensive.,True,round,1000,1000,laptop
Robert,Robert bought a new laptop,1000,It cost $1000.,It cost $53.,"A friend asked him, ",Was it expensive?,"Robert said, ", Please provide the probability that Robert thinks that the laptop is expensive.,True,round,1000,1000,laptop
Patrick,Patrick bought a new laptop,1000,It cost $1000.,It cost $497.,"A friend asked him, ",Was it expensive?,"Patrick said, ", Please provide the probability that Patrick thinks that the laptop is expensive.,True,round,1000,1000,laptop
Winston,Winston bought a new laptop,1000,It cost $1000.,It cost $498.,"A friend asked him, ",Was it expensive?,"Winston said, ", Please provide the probability that Winston thinks that the laptop is expensive.,True,round,1000,1000,laptop
Alex,Alex bought a new laptop,1000,It cost $1000.,It cost $499.,"A friend asked him, ",Was it expensive?,"Alex said, ", Please provide the probability that Alex thinks that the laptop is expensive.,True,round,1000,1000,laptop
David,David bought a new laptop,1000,It cost $1000.,It cost $500.,"A friend asked him, ",Was it expensive?,"David said, ", Please provide the probability that David thinks that the laptop is expensive.,True,round,1000,1000,laptop
Patrick,Patrick bought a new laptop,1000,It cost $1000.,It cost $500.,"A friend asked him, ",Was it expensive?,"Patrick said, ", Please provide the probability that Patrick thinks that the laptop is expensive.,True,round,1000,1000,laptop
Fred,Fred bought a new laptop,1000,It cost $1000.,It cost $501.,"A friend asked him, ",Was it expensive?,"Fred said, ", Please provide the probability that Fred thinks that the laptop is expensive.,True,round,1000,1000,laptop
George,George bought a new laptop,1000,It cost $1000.,It cost $502.,"A friend asked him, ",Was it expensive?,"George said, ", Please provide the probability that George thinks that the laptop is expensive.,True,round,1000,1000,laptop
Jake,Jake bought a new laptop,1000,It cost $1000.,It cost $503.,"A friend asked him, ",Was it expensive?,"Jake said, ", Please provide the probability that Jake thinks that the laptop is expensive.,True,round,1000,1000,laptop
Kenneth,Kenneth bought a new laptop,1000,It cost $1000.,It cost $997.,"A friend asked him, ",Was it expensive?,"Kenneth said, ", Please provide the probability that Kenneth thinks that the laptop is expensive.,True,round,1000,1000,laptop
Ivan,Ivan bought a new laptop,1000,It cost $1000.,It cost $998.,"A friend asked him, ",Was it expensive?,"Ivan said, ", Please provide the probability that Ivan thinks that the laptop is expensive.,True,round,1000,1000,laptop
Patrick,Patrick bought a new laptop,1000,It cost $1000.,It cost $999.,"A friend asked him, ",Was it expensive?,"Patrick said, ", Please provide the probability that Patrick thinks that the laptop is expensive.,True,round,1000,1000,laptop
George,George bought a new laptop,1000,It cost $1000.,It cost $1000.,"A friend asked him, ",Was it expensive?,"George said, ", Please provide the probability that George thinks that the laptop is expensive.,True,round,1000,1000,laptop
Nathan,Nathan bought a new laptop,1000,It cost $1000.,It cost $1000.,"A friend asked him, ",Was it expensive?,"Nathan said, ", Please provide the probability that Nathan thinks that the laptop is expensive.,True,round,1000,1000,laptop
Victor,Victor bought a new laptop,1000,It cost $1000.,It cost $47.,"A friend asked him, ",Was it expensive?,"Victor said, ", Please provide the probability that Victor thinks that the laptop is expensive.,True,round,1000,1000,laptop
George,George bought a new laptop,1000,It cost $1000.,It cost $48.,"A friend asked him, ",Was it expensive?,"George said, ", Please provide the probability that George thinks that the laptop is expensive.,True,round,1000,1000,laptop
Gary,Gary bought a new laptop,1000,It cost $1000.,It cost $49.,"A friend asked him, ",Was it expensive?,"Gary said, ", Please provide the probability that Gary thinks that the laptop is expensive.,True,round,1000,1000,laptop
Quinn,Quinn bought a new laptop,1000,It cost $1000.,It cost $50.,"A friend asked him, ",Was it expensive?,"Quinn said, ", Please provide the probability that Quinn thinks that the laptop is expensive.,True,round,1000,1000,laptop
Luke,Luke bought a new laptop,1000,It cost $1000.,It cost $50.,"A friend asked him, ",Was it expensive?,"Luke said, ", Please provide the probability that Luke thinks that the laptop is expensive.,True,round,1000,1000,laptop
Jake,Jake bought a new laptop,1000,It cost $1000.,It cost $51.,"A friend asked him, ",Was it expensive?,"Jake said, ", Please provide the probability that Jake thinks that the laptop is expensive.,True,round,1000,1000,laptop
Victor,Victor bought a new laptop,1000,It cost $1000.,It cost $52.,"A friend asked him, ",Was it expensive?,"Victor said, ", Please provide the probability that Victor thinks that the laptop is expensive.,True,round,1000,1000,laptop
David,David bought a new laptop,1000,It cost $1000.,It cost $53.,"A friend asked him, ",Was it expensive?,"David said, ", Please provide the probability that David thinks that the laptop is expensive.,True,round,1000,1000,laptop
David,David bought a new laptop,1000,It cost $1000.,It cost $497.,"A friend asked him, ",Was it expensive?,"David said, ", Please provide the probability that David thinks that the laptop is expensive.,True,round,1000,1000,laptop
Fred,Fred bought a new laptop,1000,It cost $1000.,It cost $498.,"A friend asked him, ",Was it expensive?,"Fred said, ", Please provide the probability that Fred thinks that the laptop is expensive.,True,round,1000,1000,laptop
Zach,Zach bought a new laptop,1000,It cost $1000.,It cost $499.,"A friend asked him, ",Was it expensive?,"Zach said, ", Please provide the probability that Zach thinks that the laptop is expensive.,True,round,1000,1000,laptop
David,David bought a new laptop,1000,It cost $1000.,It cost $500.,"A friend asked him, ",Was it expensive?,"David said, ", Please provide the probability that David thinks that the laptop is expensive.,True,round,1000,1000,laptop
Luke,Luke bought a new laptop,1000,It cost $1000.,It cost $500.,"A friend asked him, ",Was it expensive?,"Luke said, ", Please provide the probability that Luke thinks that the laptop is expensive.,True,round,1000,1000,laptop
Gary,Gary bought a new laptop,1000,It cost $1000.,It cost $501.,"A friend asked him, ",Was it expensive?,"Gary said, ", Please provide the probability that Gary thinks that the laptop is expensive.,True,round,1000,1000,laptop
Daniel,Daniel bought a new laptop,1000,It cost $1000.,It cost $502.,"A friend asked him, ",Was it expensive?,"Daniel said, ", Please provide the probability that Daniel thinks that the laptop is expensive.,True,round,1000,1000,laptop
Owen,Owen bought a new laptop,1000,It cost $1000.,It cost $503.,"A friend asked him, ",Was it expensive?,"Owen said, ", Please provide the probability that Owen thinks that the laptop is expensive.,True,round,1000,1000,laptop
Quinn,Quinn bought a new laptop,1000,It cost $1000.,It cost $997.,"A friend asked him, ",Was it expensive?,"Quinn said, ", Please provide the probability that Quinn thinks that the laptop is expensive.,True,round,1000,1000,laptop
Ethan,Ethan bought a new laptop,1000,It cost $1000.,It cost $998.,"A friend asked him, ",Was it expensive?,"Ethan said, ", Please provide the probability that Ethan thinks that the laptop is expensive.,True,round,1000,1000,laptop
Nathan,Nathan bought a new laptop,1000,It cost $1000.,It cost $999.,"A friend asked him, ",Was it expensive?,"Nathan said, ", Please provide the probability that Nathan thinks that the laptop is expensive.,True,round,1000,1000,laptop
Harry,Harry bought a new laptop,1000,It cost $1000.,It cost $1000.,"A friend asked him, ",Was it expensive?,"Harry said, ", Please provide the probability that Harry thinks that the laptop is expensive.,True,round,1000,1000,laptop
Fred,Fred bought a new laptop,1000,It cost $1000.,It cost $1000.,"A friend asked him, ",Was it expensive?,"Fred said, ", Please provide the probability that Fred thinks that the laptop is expensive.,True,round,1000,1000,laptop
Calvin,Calvin bought a new laptop,1001,It cost $1001.,It cost $47.,"A friend asked him, ",Was it expensive?,"Calvin said, ", Please provide the probability that Calvin thinks that the laptop is expensive.,False,sharp,1000,1001,laptop
Frank,Frank bought a new laptop,1001,It cost $1001.,It cost $48.,"A friend asked him, ",Was it expensive?,"Frank said, ", Please provide the probability that Frank thinks that the laptop is expensive.,False,sharp,1000,1001,laptop
Bob,Bob bought a new laptop,1001,It cost $1001.,It cost $49.,"A friend asked him, ",Was it expensive?,"Bob said, ", Please provide the probability that Bob thinks that the laptop is expensive.,False,sharp,1000,1001,laptop
George,George bought a new laptop,1001,It cost $1001.,It cost $50.,"A friend asked him, ",Was it expensive?,"George said, ", Please provide the probability that George thinks that the laptop is expensive.,False,sharp,1000,1001,laptop
Frank,Frank bought a new laptop,1001,It cost $1001.,It cost $50.,"A friend asked him, ",Was it expensive?,"Frank said, ", Please provide the probability that Frank thinks that the laptop is expensive.,False,sharp,1000,1001,laptop
Tom,Tom bought a new laptop,1001,It cost $1001.,It cost $51.,"A friend asked him, ",Was it expensive?,"Tom said, ", Please provide the probability that Tom thinks that the laptop is expensive.,False,sharp,1000,1001,laptop
Owen,Owen bought a new laptop,1001,It cost $1001.,It cost $52.,"A friend asked him, ",Was it expensive?,"Owen said, ", Please provide the probability that Owen thinks that the laptop is expensive.,False,sharp,1000,1001,laptop
Zach,Zach bought a new laptop,1001,It cost $1001.,It cost $53.,"A friend asked him, ",Was it expensive?,"Zach said, ", Please provide the probability that Zach thinks that the laptop is expensive.,False,sharp,1000,1001,laptop
Bob,Bob bought a new laptop,1001,It cost $1001.,It cost $497.,"A friend asked him, ",Was it expensive?,"Bob said, ", Please provide the probability that Bob thinks that the laptop is expensive.,False,sharp,1000,1001,laptop
Tom,Tom bought a new laptop,1001,It cost $1001.,It cost $498.,"A friend asked him, ",Was it expensive?,"Tom said, ", Please provide the probability that Tom thinks that the laptop is expensive.,False,sharp,1000,1001,laptop
Daniel,Daniel bought a new laptop,1001,It cost $1001.,It cost $499.,"A friend asked him, ",Was it expensive?,"Daniel said, ", Please provide the probability that Daniel thinks that the laptop is expensive.,False,sharp,1000,1001,laptop
Eric,Eric bought a new laptop,1001,It cost $1001.,It cost $500.,"A friend asked him, ",Was it expensive?,"Eric said, ", Please provide the probability that Eric thinks that the laptop is expensive.,False,sharp,1000,1001,laptop
George,George bought a new laptop,1001,It cost $1001.,It cost $500.,"A friend asked him, ",Was it expensive?,"George said, ", Please provide the probability that George thinks that the laptop is expensive.,False,sharp,1000,1001,laptop
Patrick,Patrick bought a new laptop,1001,It cost $1001.,It cost $501.,"A friend asked him, ",Was it expensive?,"Patrick said, ", Please provide the probability that Patrick thinks that the laptop is expensive.,False,sharp,1000,1001,laptop
Gary,Gary bought a new laptop,1001,It cost $1001.,It cost $502.,"A friend asked him, ",Was it expensive?,"Gary said, ", Please provide the probability that Gary thinks that the laptop is expensive.,False,sharp,1000,1001,laptop
Albert,Albert bought a new laptop,1001,It cost $1001.,It cost $503.,"A friend asked him, ",Was it expensive?,"Albert said, ", Please provide the probability that Albert thinks that the laptop is expensive.,False,sharp,1000,1001,laptop
Victor,Victor bought a new laptop,1001,It cost $1001.,It cost $997.,"A friend asked him, ",Was it expensive?,"Victor said, ", Please provide the probability that Victor thinks that the laptop is expensive.,False,sharp,1000,1001,laptop
Calvin,Calvin bought a new laptop,1001,It cost $1001.,It cost $998.,"A friend asked him, ",Was it expensive?,"Calvin said, ", Please provide the probability that Calvin thinks that the laptop is expensive.,False,sharp,1000,1001,laptop
Calvin,Calvin bought a new laptop,1001,It cost $1001.,It cost $999.,"A friend asked him, ",Was it expensive?,"Calvin said, ", Please provide the probability that Calvin thinks that the laptop is expensive.,False,sharp,1000,1001,laptop
Daniel,Daniel bought a new laptop,1001,It cost $1001.,It cost $1000.,"A friend asked him, ",Was it expensive?,"Daniel said, ", Please provide the probability that Daniel thinks that the laptop is expensive.,False,sharp,1000,1001,laptop
Robert,Robert bought a new laptop,1001,It cost $1001.,It cost $1000.,"A friend asked him, ",Was it expensive?,"Robert said, ", Please provide the probability that Robert thinks that the laptop is expensive.,False,sharp,1000,1001,laptop
Daniel,Daniel bought a new laptop,1001,It cost $1001.,It cost $1001.,"A friend asked him, ",Was it expensive?,"Daniel said, ", Please provide the probability that Daniel thinks that the laptop is expensive.,False,sharp,1000,1001,laptop
George,George bought a new laptop,1002,It cost $1002.,It cost $47.,"A friend asked him, ",Was it expensive?,"George said, ", Please provide the probability that George thinks that the laptop is expensive.,False,sharp,1000,1001,laptop
Albert,Albert bought a new laptop,1002,It cost $1002.,It cost $48.,"A friend asked him, ",Was it expensive?,"Albert said, ", Please provide the probability that Albert thinks that the laptop is expensive.,False,sharp,1000,1001,laptop
Kenneth,Kenneth bought a new laptop,1002,It cost $1002.,It cost $49.,"A friend asked him, ",Was it expensive?,"Kenneth said, ", Please provide the probability that Kenneth thinks that the laptop is expensive.,False,sharp,1000,1001,laptop
David,David bought a new laptop,1002,It cost $1002.,It cost $50.,"A friend asked him, ",Was it expensive?,"David said, ", Please provide the probability that David thinks that the laptop is expensive.,False,sharp,1000,1001,laptop
Eric,Eric bought a new laptop,1002,It cost $1002.,It cost $50.,"A friend asked him, ",Was it expensive?,"Eric said, ", Please provide the probability that Eric thinks that the laptop is expensive.,False,sharp,1000,1001,laptop
Tom,Tom bought a new laptop,1002,It cost $1002.,It cost $51.,"A friend asked him, ",Was it expensive?,"Tom said, ", Please provide the probability that Tom thinks that the laptop is expensive.,False,sharp,1000,1001,laptop
Barry,Barry bought a new laptop,1002,It cost $1002.,It cost $52.,"A friend asked him, ",Was it expensive?,"Barry said, ", Please provide the probability that Barry thinks that the laptop is expensive.,False,sharp,1000,1001,laptop
Zach,Zach bought a new laptop,1002,It cost $1002.,It cost $53.,"A friend asked him, ",Was it expensive?,"Zach said, ", Please provide the probability that Zach thinks that the laptop is expensive.,False,sharp,1000,1001,laptop
Steve,Steve bought a new laptop,1002,It cost $1002.,It cost $497.,"A friend asked him, ",Was it expensive?,"Steve said, ", Please provide the probability that Steve thinks that the laptop is expensive.,False,sharp,1000,1001,laptop
Victor,Victor bought a new laptop,1002,It cost $1002.,It cost $498.,"A friend asked him, ",Was it expensive?,"Victor said, ", Please provide the probability that Victor thinks that the laptop is expensive.,False,sharp,1000,1001,laptop
Kenneth,Kenneth bought a new laptop,1002,It cost $1002.,It cost $499.,"A friend asked him, ",Was it expensive?,"Kenneth said, ", Please provide the probability that Kenneth thinks that the laptop is expensive.,False,sharp,1000,1001,laptop
Gary,Gary bought a new laptop,1002,It cost $1002.,It cost $500.,"A friend asked him, ",Was it expensive?,"Gary said, ", Please provide the probability that Gary thinks that the laptop is expensive.,False,sharp,1000,1001,laptop
Quinn,Quinn bought a new laptop,1002,It cost $1002.,It cost $500.,"A friend asked him, ",Was it expensive?,"Quinn said, ", Please provide the probability that Quinn thinks that the laptop is expensive.,False,sharp,1000,1001,laptop
Bob,Bob bought a new laptop,1002,It cost $1002.,It cost $501.,"A friend asked him, ",Was it expensive?,"Bob said, ", Please provide the probability that Bob thinks that the laptop is expensive.,False,sharp,1000,1001,laptop
Eric,Eric bought a new laptop,1002,It cost $1002.,It cost $502.,"A friend asked him, ",Was it expensive?,"Eric said, ", Please provide the probability that Eric thinks that the laptop is expensive.,False,sharp,1000,1001,laptop
Harry,Harry bought a new laptop,1002,It cost $1002.,It cost $503.,"A friend asked him, ",Was it expensive?,"Harry said, ", Please provide the probability that Harry thinks that the laptop is expensive.,False,sharp,1000,1001,laptop
Ethan,Ethan bought a new laptop,1002,It cost $1002.,It cost $997.,"A friend asked him, ",Was it expensive?,"Ethan said, ", Please provide the probability that Ethan thinks that the laptop is expensive.,False,sharp,1000,1001,laptop
Matt,Matt bought a new laptop,1002,It cost $1002.,It cost $998.,"A friend asked him, ",Was it expensive?,"Matt said, ", Please provide the probability that Matt thinks that the laptop is expensive.,False,sharp,1000,1001,laptop
Nathan,Nathan bought a new laptop,1002,It cost $1002.,It cost $999.,"A friend asked him, ",Was it expensive?,"Nathan said, ", Please provide the probability that Nathan thinks that the laptop is expensive.,False,sharp,1000,1001,laptop
Charles,Charles bought a new laptop,1002,It cost $1002.,It cost $1000.,"A friend asked him, ",Was it expensive?,"Charles said, ", Please provide the probability that Charles thinks that the laptop is expensive.,False,sharp,1000,1001,laptop
Robert,Robert bought a new laptop,1002,It cost $1002.,It cost $1000.,"A friend asked him, ",Was it expensive?,"Robert said, ", Please provide the probability that Robert thinks that the laptop is expensive.,False,sharp,1000,1001,laptop
Nathan,Nathan bought a new laptop,1002,It cost $1002.,It cost $1001.,"A friend asked him, ",Was it expensive?,"Nathan said, ", Please provide the probability that Nathan thinks that the laptop is expensive.,False,sharp,1000,1001,laptop
Albert,Albert bought a new laptop,1002,It cost $1002.,It cost $1002.,"A friend asked him, ",Was it expensive?,"Albert said, ", Please provide the probability that Albert thinks that the laptop is expensive.,False,sharp,1000,1001,laptop
David,David bought a new laptop,1003,It cost $1003.,It cost $47.,"A friend asked him, ",Was it expensive?,"David said, ", Please provide the probability that David thinks that the laptop is expensive.,False,sharp,1000,1001,laptop
Bob,Bob bought a new laptop,1003,It cost $1003.,It cost $48.,"A friend asked him, ",Was it expensive?,"Bob said, ", Please provide the probability that Bob thinks that the laptop is expensive.,False,sharp,1000,1001,laptop
Daniel,Daniel bought a new laptop,1003,It cost $1003.,It cost $49.,"A friend asked him, ",Was it expensive?,"Daniel said, ", Please provide the probability that Daniel thinks that the laptop is expensive.,False,sharp,1000,1001,laptop
Gary,Gary bought a new laptop,1003,It cost $1003.,It cost $50.,"A friend asked him, ",Was it expensive?,"Gary said, ", Please provide the probability that Gary thinks that the laptop is expensive.,False,sharp,1000,1001,laptop
Robert,Robert bought a new laptop,1003,It cost $1003.,It cost $50.,"A friend asked him, ",Was it expensive?,"Robert said, ", Please provide the probability that Robert thinks that the laptop is expensive.,False,sharp,1000,1001,laptop
Tom,Tom bought a new laptop,1003,It cost $1003.,It cost $51.,"A friend asked him, ",Was it expensive?,"Tom said, ", Please provide the probability that Tom thinks that the laptop is expensive.,False,sharp,1000,1001,laptop
Steve,Steve bought a new laptop,1003,It cost $1003.,It cost $52.,"A friend asked him, ",Was it expensive?,"Steve said, ", Please provide the probability that Steve thinks that the laptop is expensive.,False,sharp,1000,1001,laptop
George,George bought a new laptop,1003,It cost $1003.,It cost $53.,"A friend asked him, ",Was it expensive?,"George said, ", Please provide the probability that George thinks that the laptop is expensive.,False,sharp,1000,1001,laptop
Matt,Matt bought a new laptop,1003,It cost $1003.,It cost $497.,"A friend asked him, ",Was it expensive?,"Matt said, ", Please provide the probability that Matt thinks that the laptop is expensive.,False,sharp,1000,1001,laptop
Eric,Eric bought a new laptop,1003,It cost $1003.,It cost $498.,"A friend asked him, ",Was it expensive?,"Eric said, ", Please provide the probability that Eric thinks that the laptop is expensive.,False,sharp,1000,1001,laptop
Ethan,Ethan bought a new laptop,1003,It cost $1003.,It cost $499.,"A friend asked him, ",Was it expensive?,"Ethan said, ", Please provide the probability that Ethan thinks that the laptop is expensive.,False,sharp,1000,1001,laptop
Nathan,Nathan bought a new laptop,1003,It cost $1003.,It cost $500.,"A friend asked him, ",Was it expensive?,"Nathan said, ", Please provide the probability that Nathan thinks that the laptop is expensive.,False,sharp,1000,1001,laptop
Gary,Gary bought a new laptop,1003,It cost $1003.,It cost $500.,"A friend asked him, ",Was it expensive?,"Gary said, ", Please provide the probability that Gary thinks that the laptop is expensive.,False,sharp,1000,1001,laptop
Ivan,Ivan bought a new laptop,1003,It cost $1003.,It cost $501.,"A friend asked him, ",Was it expensive?,"Ivan said, ", Please provide the probability that Ivan thinks that the laptop is expensive.,False,sharp,1000,1001,laptop
Winston,Winston bought a new laptop,1003,It cost $1003.,It cost $502.,"A friend asked him, ",Was it expensive?,"Winston said, ", Please provide the probability that Winston thinks that the laptop is expensive.,False,sharp,1000,1001,laptop
Harry,Harry bought a new laptop,1003,It cost $1003.,It cost $503.,"A friend asked him, ",Was it expensive?,"Harry said, ", Please provide the probability that Harry thinks that the laptop is expensive.,False,sharp,1000,1001,laptop
Albert,Albert bought a new laptop,1003,It cost $1003.,It cost $997.,"A friend asked him, ",Was it expensive?,"Albert said, ", Please provide the probability that Albert thinks that the laptop is expensive.,False,sharp,1000,1001,laptop
David,David bought a new laptop,1003,It cost $1003.,It cost $998.,"A friend asked him, ",Was it expensive?,"David said, ", Please provide the probability that David thinks that the laptop is expensive.,False,sharp,1000,1001,laptop
Ivan,Ivan bought a new laptop,1003,It cost $1003.,It cost $999.,"A friend asked him, ",Was it expensive?,"Ivan said, ", Please provide the probability that Ivan thinks that the laptop is expensive.,False,sharp,1000,1001,laptop
Nathan,Nathan bought a new laptop,1003,It cost $1003.,It cost $1000.,"A friend asked him, ",Was it expensive?,"Nathan said, ", Please provide the probability that Nathan thinks that the laptop is expensive.,False,sharp,1000,1001,laptop
Luke,Luke bought a new laptop,1003,It cost $1003.,It cost $1000.,"A friend asked him, ",Was it expensive?,"Luke said, ", Please provide the probability that Luke thinks that the laptop is expensive.,False,sharp,1000,1001,laptop
Steve,Steve bought a new laptop,1003,It cost $1003.,It cost $1001.,"A friend asked him, ",Was it expensive?,"Steve said, ", Please provide the probability that Steve thinks that the laptop is expensive.,False,sharp,1000,1001,laptop
Jake,Jake bought a new laptop,1003,It cost $1003.,It cost $1002.,"A friend asked him, ",Was it expensive?,"Jake said, ", Please provide the probability that Jake thinks that the laptop is expensive.,False,sharp,1000,1001,laptop
Owen,Owen bought a new laptop,1003,It cost $1003.,It cost $1003.,"A friend asked him, ",Was it expensive?,"Owen said, ", Please provide the probability that Owen thinks that the laptop is expensive.,False,sharp,1000,1001,laptop
Kenneth,Kenneth bought a new laptop,4997,It cost $4997.,It cost $47.,"A friend asked him, ",Was it expensive?,"Kenneth said, ", Please provide the probability that Kenneth thinks that the laptop is expensive.,False,sharp,5000,5001,laptop
Daniel,Daniel bought a new laptop,4997,It cost $4997.,It cost $48.,"A friend asked him, ",Was it expensive?,"Daniel said, ", Please provide the probability that Daniel thinks that the laptop is expensive.,False,sharp,5000,5001,laptop
Robert,Robert bought a new laptop,4997,It cost $4997.,It cost $49.,"A friend asked him, ",Was it expensive?,"Robert said, ", Please provide the probability that Robert thinks that the laptop is expensive.,False,sharp,5000,5001,laptop
Zach,Zach bought a new laptop,4997,It cost $4997.,It cost $50.,"A friend asked him, ",Was it expensive?,"Zach said, ", Please provide the probability that Zach thinks that the laptop is expensive.,False,sharp,5000,5001,laptop
Calvin,Calvin bought a new laptop,4997,It cost $4997.,It cost $50.,"A friend asked him, ",Was it expensive?,"Calvin said, ", Please provide the probability that Calvin thinks that the laptop is expensive.,False,sharp,5000,5001,laptop
Luke,Luke bought a new laptop,4997,It cost $4997.,It cost $51.,"A friend asked him, ",Was it expensive?,"Luke said, ", Please provide the probability that Luke thinks that the laptop is expensive.,False,sharp,5000,5001,laptop
Jake,Jake bought a new laptop,4997,It cost $4997.,It cost $52.,"A friend asked him, ",Was it expensive?,"Jake said, ", Please provide the probability that Jake thinks that the laptop is expensive.,False,sharp,5000,5001,laptop
Harry,Harry bought a new laptop,4997,It cost $4997.,It cost $53.,"A friend asked him, ",Was it expensive?,"Harry said, ", Please provide the probability that Harry thinks that the laptop is expensive.,False,sharp,5000,5001,laptop
Steve,Steve bought a new laptop,4997,It cost $4997.,It cost $497.,"A friend asked him, ",Was it expensive?,"Steve said, ", Please provide the probability that Steve thinks that the laptop is expensive.,False,sharp,5000,5001,laptop
Gary,Gary bought a new laptop,4997,It cost $4997.,It cost $498.,"A friend asked him, ",Was it expensive?,"Gary said, ", Please provide the probability that Gary thinks that the laptop is expensive.,False,sharp,5000,5001,laptop
George,George bought a new laptop,4997,It cost $4997.,It cost $499.,"A friend asked him, ",Was it expensive?,"George said, ", Please provide the probability that George thinks that the laptop is expensive.,False,sharp,5000,5001,laptop
Jake,Jake bought a new laptop,4997,It cost $4997.,It cost $500.,"A friend asked him, ",Was it expensive?,"Jake said, ", Please provide the probability that Jake thinks that the laptop is expensive.,False,sharp,5000,5001,laptop
Kenneth,Kenneth bought a new laptop,4997,It cost $4997.,It cost $500.,"A friend asked him, ",Was it expensive?,"Kenneth said, ", Please provide the probability that Kenneth thinks that the laptop is expensive.,False,sharp,5000,5001,laptop
Ethan,Ethan bought a new laptop,4997,It cost $4997.,It cost $501.,"A friend asked him, ",Was it expensive?,"Ethan said, ", Please provide the probability that Ethan thinks that the laptop is expensive.,False,sharp,5000,5001,laptop
Patrick,Patrick bought a new laptop,4997,It cost $4997.,It cost $502.,"A friend asked him, ",Was it expensive?,"Patrick said, ", Please provide the probability that Patrick thinks that the laptop is expensive.,False,sharp,5000,5001,laptop
Robert,Robert bought a new laptop,4997,It cost $4997.,It cost $503.,"A friend asked him, ",Was it expensive?,"Robert said, ", Please provide the probability that Robert thinks that the laptop is expensive.,False,sharp,5000,5001,laptop
Zach,Zach bought a new laptop,4997,It cost $4997.,It cost $997.,"A friend asked him, ",Was it expensive?,"Zach said, ", Please provide the probability that Zach thinks that the laptop is expensive.,False,sharp,5000,5001,laptop
Gary,Gary bought a new laptop,4997,It cost $4997.,It cost $998.,"A friend asked him, ",Was it expensive?,"Gary said, ", Please provide the probability that Gary thinks that the laptop is expensive.,False,sharp,5000,5001,laptop
Victor,Victor bought a new laptop,4997,It cost $4997.,It cost $999.,"A friend asked him, ",Was it expensive?,"Victor said, ", Please provide the probability that Victor thinks that the laptop is expensive.,False,sharp,5000,5001,laptop
Kenneth,Kenneth bought a new laptop,4997,It cost $4997.,It cost $1000.,"A friend asked him, ",Was it expensive?,"Kenneth said, ", Please provide the probability that Kenneth thinks that the laptop is expensive.,False,sharp,5000,5001,laptop
Kenneth,Kenneth bought a new laptop,4997,It cost $4997.,It cost $1000.,"A friend asked him, ",Was it expensive?,"Kenneth said, ", Please provide the probability that Kenneth thinks that the laptop is expensive.,False,sharp,5000,5001,laptop
Calvin,Calvin bought a new laptop,4997,It cost $4997.,It cost $1001.,"A friend asked him, ",Was it expensive?,"Calvin said, ", Please provide the probability that Calvin thinks that the laptop is expensive.,False,sharp,5000,5001,laptop
Barry,Barry bought a new laptop,4997,It cost $4997.,It cost $1002.,"A friend asked him, ",Was it expensive?,"Barry said, ", Please provide the probability that Barry thinks that the laptop is expensive.,False,sharp,5000,5001,laptop
Luke,Luke bought a new laptop,4997,It cost $4997.,It cost $1003.,"A friend asked him, ",Was it expensive?,"Luke said, ", Please provide the probability that Luke thinks that the laptop is expensive.,False,sharp,5000,5001,laptop
Alex,Alex bought a new laptop,4997,It cost $4997.,It cost $4997.,"A friend asked him, ",Was it expensive?,"Alex said, ", Please provide the probability that Alex thinks that the laptop is expensive.,False,sharp,5000,5001,laptop
Ethan,Ethan bought a new laptop,4998,It cost $4998.,It cost $47.,"A friend asked him, ",Was it expensive?,"Ethan said, ", Please provide the probability that Ethan thinks that the laptop is expensive.,False,sharp,5000,5001,laptop
Owen,Owen bought a new laptop,4998,It cost $4998.,It cost $48.,"A friend asked him, ",Was it expensive?,"Owen said, ", Please provide the probability that Owen thinks that the laptop is expensive.,False,sharp,5000,5001,laptop
Luke,Luke bought a new laptop,4998,It cost $4998.,It cost $49.,"A friend asked him, ",Was it expensive?,"Luke said, ", Please provide the probability that Luke thinks that the laptop is expensive.,False,sharp,5000,5001,laptop
Calvin,Calvin bought a new laptop,4998,It cost $4998.,It cost $50.,"A friend asked him, ",Was it expensive?,"Calvin said, ", Please provide the probability that Calvin thinks that the laptop is expensive.,False,sharp,5000,5001,laptop
David,David bought a new laptop,4998,It cost $4998.,It cost $50.,"A friend asked him, ",Was it expensive?,"David said, ", Please provide the probability that David thinks that the laptop is expensive.,False,sharp,5000,5001,laptop
Zach,Zach bought a new laptop,4998,It cost $4998.,It cost $51.,"A friend asked him, ",Was it expensive?,"Zach said, ", Please provide the probability that Zach thinks that the laptop is expensive.,False,sharp,5000,5001,laptop
Daniel,Daniel bought a new laptop,4998,It cost $4998.,It cost $52.,"A friend asked him, ",Was it expensive?,"Daniel said, ", Please provide the probability that Daniel thinks that the laptop is expensive.,False,sharp,5000,5001,laptop
Nathan,Nathan bought a new laptop,4998,It cost $4998.,It cost $53.,"A friend asked him, ",Was it expensive?,"Nathan said, ", Please provide the probability that Nathan thinks that the laptop is expensive.,False,sharp,5000,5001,laptop
Robert,Robert bought a new laptop,4998,It cost $4998.,It cost $497.,"A friend asked him, ",Was it expensive?,"Robert said, ", Please provide the probability that Robert thinks that the laptop is expensive.,False,sharp,5000,5001,laptop
Kenneth,Kenneth bought a new laptop,4998,It cost $4998.,It cost $498.,"A friend asked him, ",Was it expensive?,"Kenneth said, ", Please provide the probability that Kenneth thinks that the laptop is expensive.,False,sharp,5000,5001,laptop
Eric,Eric bought a new laptop,4998,It cost $4998.,It cost $499.,"A friend asked him, ",Was it expensive?,"Eric said, ", Please provide the probability that Eric thinks that the laptop is expensive.,False,sharp,5000,5001,laptop
Tom,Tom bought a new laptop,4998,It cost $4998.,It cost $500.,"A friend asked him, ",Was it expensive?,"Tom said, ", Please provide the probability that Tom thinks that the laptop is expensive.,False,sharp,5000,5001,laptop
Harry,Harry bought a new laptop,4998,It cost $4998.,It cost $500.,"A friend asked him, ",Was it expensive?,"Harry said, ", Please provide the probability that Harry thinks that the laptop is expensive.,False,sharp,5000,5001,laptop
George,George bought a new laptop,4998,It cost $4998.,It cost $501.,"A friend asked him, ",Was it expensive?,"George said, ", Please provide the probability that George thinks that the laptop is expensive.,False,sharp,5000,5001,laptop
Zach,Zach bought a new laptop,4998,It cost $4998.,It cost $502.,"A friend asked him, ",Was it expensive?,"Zach said, ", Please provide the probability that Zach thinks that the laptop is expensive.,False,sharp,5000,5001,laptop
Barry,Barry bought a new laptop,4998,It cost $4998.,It cost $503.,"A friend asked him, ",Was it expensive?,"Barry said, ", Please provide the probability that Barry thinks that the laptop is expensive.,False,sharp,5000,5001,laptop
Zach,Zach bought a new laptop,4998,It cost $4998.,It cost $997.,"A friend asked him, ",Was it expensive?,"Zach said, ", Please provide the probability that Zach thinks that the laptop is expensive.,False,sharp,5000,5001,laptop
David,David bought a new laptop,4998,It cost $4998.,It cost $998.,"A friend asked him, ",Was it expensive?,"David said, ", Please provide the probability that David thinks that the laptop is expensive.,False,sharp,5000,5001,laptop
Victor,Victor bought a new laptop,4998,It cost $4998.,It cost $999.,"A friend asked him, ",Was it expensive?,"Victor said, ", Please provide the probability that Victor thinks that the laptop is expensive.,False,sharp,5000,5001,laptop
Patrick,Patrick bought a new laptop,4998,It cost $4998.,It cost $1000.,"A friend asked him, ",Was it expensive?,"Patrick said, ", Please provide the probability that Patrick thinks that the laptop is expensive.,False,sharp,5000,5001,laptop
Eric,Eric bought a new laptop,4998,It cost $4998.,It cost $1000.,"A friend asked him, ",Was it expensive?,"Eric said, ", Please provide the probability that Eric thinks that the laptop is expensive.,False,sharp,5000,5001,laptop
Albert,Albert bought a new laptop,4998,It cost $4998.,It cost $1001.,"A friend asked him, ",Was it expensive?,"Albert said, ", Please provide the probability that Albert thinks that the laptop is expensive.,False,sharp,5000,5001,laptop
Patrick,Patrick bought a new laptop,4998,It cost $4998.,It cost $1002.,"A friend asked him, ",Was it expensive?,"Patrick said, ", Please provide the probability that Patrick thinks that the laptop is expensive.,False,sharp,5000,5001,laptop
Quinn,Quinn bought a new laptop,4998,It cost $4998.,It cost $1003.,"A friend asked him, ",Was it expensive?,"Quinn said, ", Please provide the probability that Quinn thinks that the laptop is expensive.,False,sharp,5000,5001,laptop
Owen,Owen bought a new laptop,4998,It cost $4998.,It cost $4997.,"A friend asked him, ",Was it expensive?,"Owen said, ", Please provide the probability that Owen thinks that the laptop is expensive.,False,sharp,5000,5001,laptop
Harry,Harry bought a new laptop,4998,It cost $4998.,It cost $4998.,"A friend asked him, ",Was it expensive?,"Harry said, ", Please provide the probability that Harry thinks that the laptop is expensive.,False,sharp,5000,5001,laptop
Patrick,Patrick bought a new laptop,4999,It cost $4999.,It cost $47.,"A friend asked him, ",Was it expensive?,"Patrick said, ", Please provide the probability that Patrick thinks that the laptop is expensive.,True,sharp,5000,5001,laptop
Ethan,Ethan bought a new laptop,4999,It cost $4999.,It cost $48.,"A friend asked him, ",Was it expensive?,"Ethan said, ", Please provide the probability that Ethan thinks that the laptop is expensive.,True,sharp,5000,5001,laptop
Bob,Bob bought a new laptop,4999,It cost $4999.,It cost $49.,"A friend asked him, ",Was it expensive?,"Bob said, ", Please provide the probability that Bob thinks that the laptop is expensive.,True,sharp,5000,5001,laptop
Fred,Fred bought a new laptop,4999,It cost $4999.,It cost $50.,"A friend asked him, ",Was it expensive?,"Fred said, ", Please provide the probability that Fred thinks that the laptop is expensive.,True,sharp,5000,5001,laptop
Luke,Luke bought a new laptop,4999,It cost $4999.,It cost $50.,"A friend asked him, ",Was it expensive?,"Luke said, ", Please provide the probability that Luke thinks that the laptop is expensive.,True,sharp,5000,5001,laptop
Steve,Steve bought a new laptop,4999,It cost $4999.,It cost $51.,"A friend asked him, ",Was it expensive?,"Steve said, ", Please provide the probability that Steve thinks that the laptop is expensive.,True,sharp,5000,5001,laptop
Tom,Tom bought a new laptop,4999,It cost $4999.,It cost $52.,"A friend asked him, ",Was it expensive?,"Tom said, ", Please provide the probability that Tom thinks that the laptop is expensive.,True,sharp,5000,5001,laptop
Victor,Victor bought a new laptop,4999,It cost $4999.,It cost $53.,"A friend asked him, ",Was it expensive?,"Victor said, ", Please provide the probability that Victor thinks that the laptop is expensive.,True,sharp,5000,5001,laptop
Albert,Albert bought a new laptop,4999,It cost $4999.,It cost $497.,"A friend asked him, ",Was it expensive?,"Albert said, ", Please provide the probability that Albert thinks that the laptop is expensive.,True,sharp,5000,5001,laptop
Kenneth,Kenneth bought a new laptop,4999,It cost $4999.,It cost $498.,"A friend asked him, ",Was it expensive?,"Kenneth said, ", Please provide the probability that Kenneth thinks that the laptop is expensive.,True,sharp,5000,5001,laptop
Nathan,Nathan bought a new laptop,4999,It cost $4999.,It cost $499.,"A friend asked him, ",Was it expensive?,"Nathan said, ", Please provide the probability that Nathan thinks that the laptop is expensive.,True,sharp,5000,5001,laptop
Alex,Alex bought a new laptop,4999,It cost $4999.,It cost $500.,"A friend asked him, ",Was it expensive?,"Alex said, ", Please provide the probability that Alex thinks that the laptop is expensive.,True,sharp,5000,5001,laptop
Alex,Alex bought a new laptop,4999,It cost $4999.,It cost $500.,"A friend asked him, ",Was it expensive?,"Alex said, ", Please provide the probability that Alex thinks that the laptop is expensive.,True,sharp,5000,5001,laptop
Kenneth,Kenneth bought a new laptop,4999,It cost $4999.,It cost $501.,"A friend asked him, ",Was it expensive?,"Kenneth said, ", Please provide the probability that Kenneth thinks that the laptop is expensive.,True,sharp,5000,5001,laptop
Charles,Charles bought a new laptop,4999,It cost $4999.,It cost $502.,"A friend asked him, ",Was it expensive?,"Charles said, ", Please provide the probability that Charles thinks that the laptop is expensive.,True,sharp,5000,5001,laptop
Harry,Harry bought a new laptop,4999,It cost $4999.,It cost $503.,"A friend asked him, ",Was it expensive?,"Harry said, ", Please provide the probability that Harry thinks that the laptop is expensive.,True,sharp,5000,5001,laptop
Albert,Albert bought a new laptop,4999,It cost $4999.,It cost $997.,"A friend asked him, ",Was it expensive?,"Albert said, ", Please provide the probability that Albert thinks that the laptop is expensive.,True,sharp,5000,5001,laptop
David,David bought a new laptop,4999,It cost $4999.,It cost $998.,"A friend asked him, ",Was it expensive?,"David said, ", Please provide the probability that David thinks that the laptop is expensive.,True,sharp,5000,5001,laptop
Frank,Frank bought a new laptop,4999,It cost $4999.,It cost $999.,"A friend asked him, ",Was it expensive?,"Frank said, ", Please provide the probability that Frank thinks that the laptop is expensive.,True,sharp,5000,5001,laptop
Kenneth,Kenneth bought a new laptop,4999,It cost $4999.,It cost $1000.,"A friend asked him, ",Was it expensive?,"Kenneth said, ", Please provide the probability that Kenneth thinks that the laptop is expensive.,True,sharp,5000,5001,laptop
Calvin,Calvin bought a new laptop,4999,It cost $4999.,It cost $1000.,"A friend asked him, ",Was it expensive?,"Calvin said, ", Please provide the probability that Calvin thinks that the laptop is expensive.,True,sharp,5000,5001,laptop
Luke,Luke bought a new laptop,4999,It cost $4999.,It cost $1001.,"A friend asked him, ",Was it expensive?,"Luke said, ", Please provide the probability that Luke thinks that the laptop is expensive.,True,sharp,5000,5001,laptop
Winston,Winston bought a new laptop,4999,It cost $4999.,It cost $1002.,"A friend asked him, ",Was it expensive?,"Winston said, ", Please provide the probability that Winston thinks that the laptop is expensive.,True,sharp,5000,5001,laptop
Jake,Jake bought a new laptop,4999,It cost $4999.,It cost $1003.,"A friend asked him, ",Was it expensive?,"Jake said, ", Please provide the probability that Jake thinks that the laptop is expensive.,True,sharp,5000,5001,laptop
Quinn,Quinn bought a new laptop,4999,It cost $4999.,It cost $4997.,"A friend asked him, ",Was it expensive?,"Quinn said, ", Please provide the probability that Quinn thinks that the laptop is expensive.,True,sharp,5000,5001,laptop
Gary,Gary bought a new laptop,4999,It cost $4999.,It cost $4998.,"A friend asked him, ",Was it expensive?,"Gary said, ", Please provide the probability that Gary thinks that the laptop is expensive.,True,sharp,5000,5001,laptop
Winston,Winston bought a new laptop,4999,It cost $4999.,It cost $4999.,"A friend asked him, ",Was it expensive?,"Winston said, ", Please provide the probability that Winston thinks that the laptop is expensive.,True,sharp,5000,5001,laptop
David,David bought a new laptop,5000,It cost $5000.,It cost $47.,"A friend asked him, ",Was it expensive?,"David said, ", Please provide the probability that David thinks that the laptop is expensive.,True,round,5000,5000,laptop
Barry,Barry bought a new laptop,5000,It cost $5000.,It cost $48.,"A friend asked him, ",Was it expensive?,"Barry said, ", Please provide the probability that Barry thinks that the laptop is expensive.,True,round,5000,5000,laptop
Barry,Barry bought a new laptop,5000,It cost $5000.,It cost $49.,"A friend asked him, ",Was it expensive?,"Barry said, ", Please provide the probability that Barry thinks that the laptop is expensive.,True,round,5000,5000,laptop
Ethan,Ethan bought a new laptop,5000,It cost $5000.,It cost $50.,"A friend asked him, ",Was it expensive?,"Ethan said, ", Please provide the probability that Ethan thinks that the laptop is expensive.,True,round,5000,5000,laptop
David,David bought a new laptop,5000,It cost $5000.,It cost $50.,"A friend asked him, ",Was it expensive?,"David said, ", Please provide the probability that David thinks that the laptop is expensive.,True,round,5000,5000,laptop
David,David bought a new laptop,5000,It cost $5000.,It cost $51.,"A friend asked him, ",Was it expensive?,"David said, ", Please provide the probability that David thinks that the laptop is expensive.,True,round,5000,5000,laptop
David,David bought a new laptop,5000,It cost $5000.,It cost $52.,"A friend asked him, ",Was it expensive?,"David said, ", Please provide the probability that David thinks that the laptop is expensive.,True,round,5000,5000,laptop
Charles,Charles bought a new laptop,5000,It cost $5000.,It cost $53.,"A friend asked him, ",Was it expensive?,"Charles said, ", Please provide the probability that Charles thinks that the laptop is expensive.,True,round,5000,5000,laptop
Matt,Matt bought a new laptop,5000,It cost $5000.,It cost $497.,"A friend asked him, ",Was it expensive?,"Matt said, ", Please provide the probability that Matt thinks that the laptop is expensive.,True,round,5000,5000,laptop
Ivan,Ivan bought a new laptop,5000,It cost $5000.,It cost $498.,"A friend asked him, ",Was it expensive?,"Ivan said, ", Please provide the probability that Ivan thinks that the laptop is expensive.,True,round,5000,5000,laptop
Fred,Fred bought a new laptop,5000,It cost $5000.,It cost $499.,"A friend asked him, ",Was it expensive?,"Fred said, ", Please provide the probability that Fred thinks that the laptop is expensive.,True,round,5000,5000,laptop
Matt,Matt bought a new laptop,5000,It cost $5000.,It cost $500.,"A friend asked him, ",Was it expensive?,"Matt said, ", Please provide the probability that Matt thinks that the laptop is expensive.,True,round,5000,5000,laptop
Albert,Albert bought a new laptop,5000,It cost $5000.,It cost $500.,"A friend asked him, ",Was it expensive?,"Albert said, ", Please provide the probability that Albert thinks that the laptop is expensive.,True,round,5000,5000,laptop
Fred,Fred bought a new laptop,5000,It cost $5000.,It cost $501.,"A friend asked him, ",Was it expensive?,"Fred said, ", Please provide the probability that Fred thinks that the laptop is expensive.,True,round,5000,5000,laptop
Robert,Robert bought a new laptop,5000,It cost $5000.,It cost $502.,"A friend asked him, ",Was it expensive?,"Robert said, ", Please provide the probability that Robert thinks that the laptop is expensive.,True,round,5000,5000,laptop
Ivan,Ivan bought a new laptop,5000,It cost $5000.,It cost $503.,"A friend asked him, ",Was it expensive?,"Ivan said, ", Please provide the probability that Ivan thinks that the laptop is expensive.,True,round,5000,5000,laptop
Gary,Gary bought a new laptop,5000,It cost $5000.,It cost $997.,"A friend asked him, ",Was it expensive?,"Gary said, ", Please provide the probability that Gary thinks that the laptop is expensive.,True,round,5000,5000,laptop
Quinn,Quinn bought a new laptop,5000,It cost $5000.,It cost $998.,"A friend asked him, ",Was it expensive?,"Quinn said, ", Please provide the probability that Quinn thinks that the laptop is expensive.,True,round,5000,5000,laptop
Albert,Albert bought a new laptop,5000,It cost $5000.,It cost $999.,"A friend asked him, ",Was it expensive?,"Albert said, ", Please provide the probability that Albert thinks that the laptop is expensive.,True,round,5000,5000,laptop
Barry,Barry bought a new laptop,5000,It cost $5000.,It cost $1000.,"A friend asked him, ",Was it expensive?,"Barry said, ", Please provide the probability that Barry thinks that the laptop is expensive.,True,round,5000,5000,laptop
Alex,Alex bought a new laptop,5000,It cost $5000.,It cost $1000.,"A friend asked him, ",Was it expensive?,"Alex said, ", Please provide the probability that Alex thinks that the laptop is expensive.,True,round,5000,5000,laptop
Jake,Jake bought a new laptop,5000,It cost $5000.,It cost $1001.,"A friend asked him, ",Was it expensive?,"Jake said, ", Please provide the probability that Jake thinks that the laptop is expensive.,True,round,5000,5000,laptop
Kenneth,Kenneth bought a new laptop,5000,It cost $5000.,It cost $1002.,"A friend asked him, ",Was it expensive?,"Kenneth said, ", Please provide the probability that Kenneth thinks that the laptop is expensive.,True,round,5000,5000,laptop
Jake,Jake bought a new laptop,5000,It cost $5000.,It cost $1003.,"A friend asked him, ",Was it expensive?,"Jake said, ", Please provide the probability that Jake thinks that the laptop is expensive.,True,round,5000,5000,laptop
David,David bought a new laptop,5000,It cost $5000.,It cost $4997.,"A friend asked him, ",Was it expensive?,"David said, ", Please provide the probability that David thinks that the laptop is expensive.,True,round,5000,5000,laptop
Albert,Albert bought a new laptop,5000,It cost $5000.,It cost $4998.,"A friend asked him, ",Was it expensive?,"Albert said, ", Please provide the probability that Albert thinks that the laptop is expensive.,True,round,5000,5000,laptop
Fred,Fred bought a new laptop,5000,It cost $5000.,It cost $4999.,"A friend asked him, ",Was it expensive?,"Fred said, ", Please provide the probability that Fred thinks that the laptop is expensive.,True,round,5000,5000,laptop
Ethan,Ethan bought a new laptop,5000,It cost $5000.,It cost $5000.,"A friend asked him, ",Was it expensive?,"Ethan said, ", Please provide the probability that Ethan thinks that the laptop is expensive.,True,round,5000,5000,laptop
Zach,Zach bought a new laptop,5000,It cost $5000.,It cost $5000.,"A friend asked him, ",Was it expensive?,"Zach said, ", Please provide the probability that Zach thinks that the laptop is expensive.,True,round,5000,5000,laptop
Matt,Matt bought a new laptop,5000,It cost $5000.,It cost $47.,"A friend asked him, ",Was it expensive?,"Matt said, ", Please provide the probability that Matt thinks that the laptop is expensive.,True,round,5000,5000,laptop
Patrick,Patrick bought a new laptop,5000,It cost $5000.,It cost $48.,"A friend asked him, ",Was it expensive?,"Patrick said, ", Please provide the probability that Patrick thinks that the laptop is expensive.,True,round,5000,5000,laptop
David,David bought a new laptop,5000,It cost $5000.,It cost $49.,"A friend asked him, ",Was it expensive?,"David said, ", Please provide the probability that David thinks that the laptop is expensive.,True,round,5000,5000,laptop
Nathan,Nathan bought a new laptop,5000,It cost $5000.,It cost $50.,"A friend asked him, ",Was it expensive?,"Nathan said, ", Please provide the probability that Nathan thinks that the laptop is expensive.,True,round,5000,5000,laptop
Winston,Winston bought a new laptop,5000,It cost $5000.,It cost $50.,"A friend asked him, ",Was it expensive?,"Winston said, ", Please provide the probability that Winston thinks that the laptop is expensive.,True,round,5000,5000,laptop
Patrick,Patrick bought a new laptop,5000,It cost $5000.,It cost $51.,"A friend asked him, ",Was it expensive?,"Patrick said, ", Please provide the probability that Patrick thinks that the laptop is expensive.,True,round,5000,5000,laptop
Alex,Alex bought a new laptop,5000,It cost $5000.,It cost $52.,"A friend asked him, ",Was it expensive?,"Alex said, ", Please provide the probability that Alex thinks that the laptop is expensive.,True,round,5000,5000,laptop
Bob,Bob bought a new laptop,5000,It cost $5000.,It cost $53.,"A friend asked him, ",Was it expensive?,"Bob said, ", Please provide the probability that Bob thinks that the laptop is expensive.,True,round,5000,5000,laptop
Kenneth,Kenneth bought a new laptop,5000,It cost $5000.,It cost $497.,"A friend asked him, ",Was it expensive?,"Kenneth said, ", Please provide the probability that Kenneth thinks that the laptop is expensive.,True,round,5000,5000,laptop
Frank,Frank bought a new laptop,5000,It cost $5000.,It cost $498.,"A friend asked him, ",Was it expensive?,"Frank said, ", Please provide the probability that Frank thinks that the laptop is expensive.,True,round,5000,5000,laptop
Alex,Alex bought a new laptop,5000,It cost $5000.,It cost $499.,"A friend asked him, ",Was it expensive?,"Alex said, ", Please provide the probability that Alex thinks that the laptop is expensive.,True,round,5000,5000,laptop
Nathan,Nathan bought a new laptop,5000,It cost $5000.,It cost $500.,"A friend asked him, ",Was it expensive?,"Nathan said, ", Please provide the probability that Nathan thinks that the laptop is expensive.,True,round,5000,5000,laptop
Charles,Charles bought a new laptop,5000,It cost $5000.,It cost $500.,"A friend asked him, ",Was it expensive?,"Charles said, ", Please provide the probability that Charles thinks that the laptop is expensive.,True,round,5000,5000,laptop
Robert,Robert bought a new laptop,5000,It cost $5000.,It cost $501.,"A friend asked him, ",Was it expensive?,"Robert said, ", Please provide the probability that Robert thinks that the laptop is expensive.,True,round,5000,5000,laptop
Matt,Matt bought a new laptop,5000,It cost $5000.,It cost $502.,"A friend asked him, ",Was it expensive?,"Matt said, ", Please provide the probability that Matt thinks that the laptop is expensive.,True,round,5000,5000,laptop
Kenneth,Kenneth bought a new laptop,5000,It cost $5000.,It cost $503.,"A friend asked him, ",Was it expensive?,"Kenneth said, ", Please provide the probability that Kenneth thinks that the laptop is expensive.,True,round,5000,5000,laptop
Zach,Zach bought a new laptop,5000,It cost $5000.,It cost $997.,"A friend asked him, ",Was it expensive?,"Zach said, ", Please provide the probability that Zach thinks that the laptop is expensive.,True,round,5000,5000,laptop
Fred,Fred bought a new laptop,5000,It cost $5000.,It cost $998.,"A friend asked him, ",Was it expensive?,"Fred said, ", Please provide the probability that Fred thinks that the laptop is expensive.,True,round,5000,5000,laptop
Jake,Jake bought a new laptop,5000,It cost $5000.,It cost $999.,"A friend asked him, ",Was it expensive?,"Jake said, ", Please provide the probability that Jake thinks that the laptop is expensive.,True,round,5000,5000,laptop
Daniel,Daniel bought a new laptop,5000,It cost $5000.,It cost $1000.,"A friend asked him, ",Was it expensive?,"Daniel said, ", Please provide the probability that Daniel thinks that the laptop is expensive.,True,round,5000,5000,laptop
Owen,Owen bought a new laptop,5000,It cost $5000.,It cost $1000.,"A friend asked him, ",Was it expensive?,"Owen said, ", Please provide the probability that Owen thinks that the laptop is expensive.,True,round,5000,5000,laptop
Luke,Luke bought a new laptop,5000,It cost $5000.,It cost $1001.,"A friend asked him, ",Was it expensive?,"Luke said, ", Please provide the probability that Luke thinks that the laptop is expensive.,True,round,5000,5000,laptop
David,David bought a new laptop,5000,It cost $5000.,It cost $1002.,"A friend asked him, ",Was it expensive?,"David said, ", Please provide the probability that David thinks that the laptop is expensive.,True,round,5000,5000,laptop
Eric,Eric bought a new laptop,5000,It cost $5000.,It cost $1003.,"A friend asked him, ",Was it expensive?,"Eric said, ", Please provide the probability that Eric thinks that the laptop is expensive.,True,round,5000,5000,laptop
Bob,Bob bought a new laptop,5000,It cost $5000.,It cost $4997.,"A friend asked him, ",Was it expensive?,"Bob said, ", Please provide the probability that Bob thinks that the laptop is expensive.,True,round,5000,5000,laptop
Alex,Alex bought a new laptop,5000,It cost $5000.,It cost $4998.,"A friend asked him, ",Was it expensive?,"Alex said, ", Please provide the probability that Alex thinks that the laptop is expensive.,True,round,5000,5000,laptop
Ethan,Ethan bought a new laptop,5000,It cost $5000.,It cost $4999.,"A friend asked him, ",Was it expensive?,"Ethan said, ", Please provide the probability that Ethan thinks that the laptop is expensive.,True,round,5000,5000,laptop
Tom,Tom bought a new laptop,5000,It cost $5000.,It cost $5000.,"A friend asked him, ",Was it expensive?,"Tom said, ", Please provide the probability that Tom thinks that the laptop is expensive.,True,round,5000,5000,laptop
Steve,Steve bought a new laptop,5000,It cost $5000.,It cost $5000.,"A friend asked him, ",Was it expensive?,"Steve said, ", Please provide the probability that Steve thinks that the laptop is expensive.,True,round,5000,5000,laptop
Fred,Fred bought a new laptop,5001,It cost $5001.,It cost $47.,"A friend asked him, ",Was it expensive?,"Fred said, ", Please provide the probability that Fred thinks that the laptop is expensive.,False,sharp,5000,5001,laptop
Ivan,Ivan bought a new laptop,5001,It cost $5001.,It cost $48.,"A friend asked him, ",Was it expensive?,"Ivan said, ", Please provide the probability that Ivan thinks that the laptop is expensive.,False,sharp,5000,5001,laptop
Kenneth,Kenneth bought a new laptop,5001,It cost $5001.,It cost $49.,"A friend asked him, ",Was it expensive?,"Kenneth said, ", Please provide the probability that Kenneth thinks that the laptop is expensive.,False,sharp,5000,5001,laptop
Nathan,Nathan bought a new laptop,5001,It cost $5001.,It cost $50.,"A friend asked him, ",Was it expensive?,"Nathan said, ", Please provide the probability that Nathan thinks that the laptop is expensive.,False,sharp,5000,5001,laptop
Kenneth,Kenneth bought a new laptop,5001,It cost $5001.,It cost $50.,"A friend asked him, ",Was it expensive?,"Kenneth said, ", Please provide the probability that Kenneth thinks that the laptop is expensive.,False,sharp,5000,5001,laptop
Ivan,Ivan bought a new laptop,5001,It cost $5001.,It cost $51.,"A friend asked him, ",Was it expensive?,"Ivan said, ", Please provide the probability that Ivan thinks that the laptop is expensive.,False,sharp,5000,5001,laptop
Steve,Steve bought a new laptop,5001,It cost $5001.,It cost $52.,"A friend asked him, ",Was it expensive?,"Steve said, ", Please provide the probability that Steve thinks that the laptop is expensive.,False,sharp,5000,5001,laptop
Alex,Alex bought a new laptop,5001,It cost $5001.,It cost $53.,"A friend asked him, ",Was it expensive?,"Alex said, ", Please provide the probability that Alex thinks that the laptop is expensive.,False,sharp,5000,5001,laptop
Victor,Victor bought a new laptop,5001,It cost $5001.,It cost $497.,"A friend asked him, ",Was it expensive?,"Victor said, ", Please provide the probability that Victor thinks that the laptop is expensive.,False,sharp,5000,5001,laptop
Alex,Alex bought a new laptop,5001,It cost $5001.,It cost $498.,"A friend asked him, ",Was it expensive?,"Alex said, ", Please provide the probability that Alex thinks that the laptop is expensive.,False,sharp,5000,5001,laptop
Ethan,Ethan bought a new laptop,5001,It cost $5001.,It cost $499.,"A friend asked him, ",Was it expensive?,"Ethan said, ", Please provide the probability that Ethan thinks that the laptop is expensive.,False,sharp,5000,5001,laptop
Frank,Frank bought a new laptop,5001,It cost $5001.,It cost $500.,"A friend asked him, ",Was it expensive?,"Frank said, ", Please provide the probability that Frank thinks that the laptop is expensive.,False,sharp,5000,5001,laptop
George,George bought a new laptop,5001,It cost $5001.,It cost $500.,"A friend asked him, ",Was it expensive?,"George said, ", Please provide the probability that George thinks that the laptop is expensive.,False,sharp,5000,5001,laptop
Jake,Jake bought a new laptop,5001,It cost $5001.,It cost $501.,"A friend asked him, ",Was it expensive?,"Jake said, ", Please provide the probability that Jake thinks that the laptop is expensive.,False,sharp,5000,5001,laptop
Harry,Harry bought a new laptop,5001,It cost $5001.,It cost $502.,"A friend asked him, ",Was it expensive?,"Harry said, ", Please provide the probability that Harry thinks that the laptop is expensive.,False,sharp,5000,5001,laptop
Winston,Winston bought a new laptop,5001,It cost $5001.,It cost $503.,"A friend asked him, ",Was it expensive?,"Winston said, ", Please provide the probability that Winston thinks that the laptop is expensive.,False,sharp,5000,5001,laptop
Robert,Robert bought a new laptop,5001,It cost $5001.,It cost $997.,"A friend asked him, ",Was it expensive?,"Robert said, ", Please provide the probability that Robert thinks that the laptop is expensive.,False,sharp,5000,5001,laptop
Charles,Charles bought a new laptop,5001,It cost $5001.,It cost $998.,"A friend asked him, ",Was it expensive?,"Charles said, ", Please provide the probability that Charles thinks that the laptop is expensive.,False,sharp,5000,5001,laptop
Fred,Fred bought a new laptop,5001,It cost $5001.,It cost $999.,"A friend asked him, ",Was it expensive?,"Fred said, ", Please provide the probability that Fred thinks that the laptop is expensive.,False,sharp,5000,5001,laptop
Jake,Jake bought a new laptop,5001,It cost $5001.,It cost $1000.,"A friend asked him, ",Was it expensive?,"Jake said, ", Please provide the probability that Jake thinks that the laptop is expensive.,False,sharp,5000,5001,laptop
Nathan,Nathan bought a new laptop,5001,It cost $5001.,It cost $1000.,"A friend asked him, ",Was it expensive?,"Nathan said, ", Please provide the probability that Nathan thinks that the laptop is expensive.,False,sharp,5000,5001,laptop
Matt,Matt bought a new laptop,5001,It cost $5001.,It cost $1001.,"A friend asked him, ",Was it expensive?,"Matt said, ", Please provide the probability that Matt thinks that the laptop is expensive.,False,sharp,5000,5001,laptop
Patrick,Patrick bought a new laptop,5001,It cost $5001.,It cost $1002.,"A friend asked him, ",Was it expensive?,"Patrick said, ", Please provide the probability that Patrick thinks that the laptop is expensive.,False,sharp,5000,5001,laptop
Zach,Zach bought a new laptop,5001,It cost $5001.,It cost $1003.,"A friend asked him, ",Was it expensive?,"Zach said, ", Please provide the probability that Zach thinks that the laptop is expensive.,False,sharp,5000,5001,laptop
Nathan,Nathan bought a new laptop,5001,It cost $5001.,It cost $4997.,"A friend asked him, ",Was it expensive?,"Nathan said, ", Please provide the probability that Nathan thinks that the laptop is expensive.,False,sharp,5000,5001,laptop
Harry,Harry bought a new laptop,5001,It cost $5001.,It cost $4998.,"A friend asked him, ",Was it expensive?,"Harry said, ", Please provide the probability that Harry thinks that the laptop is expensive.,False,sharp,5000,5001,laptop
Barry,Barry bought a new laptop,5001,It cost $5001.,It cost $4999.,"A friend asked him, ",Was it expensive?,"Barry said, ", Please provide the probability that Barry thinks that the laptop is expensive.,False,sharp,5000,5001,laptop
Bob,Bob bought a new laptop,5001,It cost $5001.,It cost $5000.,"A friend asked him, ",Was it expensive?,"Bob said, ", Please provide the probability that Bob thinks that the laptop is expensive.,False,sharp,5000,5001,laptop
Zach,Zach bought a new laptop,5001,It cost $5001.,It cost $5000.,"A friend asked him, ",Was it expensive?,"Zach said, ", Please provide the probability that Zach thinks that the laptop is expensive.,False,sharp,5000,5001,laptop
Zach,Zach bought a new laptop,5001,It cost $5001.,It cost $5001.,"A friend asked him, ",Was it expensive?,"Zach said, ", Please provide the probability that Zach thinks that the laptop is expensive.,False,sharp,5000,5001,laptop
Daniel,Daniel bought a new laptop,5002,It cost $5002.,It cost $47.,"A friend asked him, ",Was it expensive?,"Daniel said, ", Please provide the probability that Daniel thinks that the laptop is expensive.,False,sharp,5000,5001,laptop
Owen,Owen bought a new laptop,5002,It cost $5002.,It cost $48.,"A friend asked him, ",Was it expensive?,"Owen said, ", Please provide the probability that Owen thinks that the laptop is expensive.,False,sharp,5000,5001,laptop
Kenneth,Kenneth bought a new laptop,5002,It cost $5002.,It cost $49.,"A friend asked him, ",Was it expensive?,"Kenneth said, ", Please provide the probability that Kenneth thinks that the laptop is expensive.,False,sharp,5000,5001,laptop
Matt,Matt bought a new laptop,5002,It cost $5002.,It cost $50.,"A friend asked him, ",Was it expensive?,"Matt said, ", Please provide the probability that Matt thinks that the laptop is expensive.,False,sharp,5000,5001,laptop
Calvin,Calvin bought a new laptop,5002,It cost $5002.,It cost $50.,"A friend asked him, ",Was it expensive?,"Calvin said, ", Please provide the probability that Calvin thinks that the laptop is expensive.,False,sharp,5000,5001,laptop
Bob,Bob bought a new laptop,5002,It cost $5002.,It cost $51.,"A friend asked him, ",Was it expensive?,"Bob said, ", Please provide the probability that Bob thinks that the laptop is expensive.,False,sharp,5000,5001,laptop
Kenneth,Kenneth bought a new laptop,5002,It cost $5002.,It cost $52.,"A friend asked him, ",Was it expensive?,"Kenneth said, ", Please provide the probability that Kenneth thinks that the laptop is expensive.,False,sharp,5000,5001,laptop
Nathan,Nathan bought a new laptop,5002,It cost $5002.,It cost $53.,"A friend asked him, ",Was it expensive?,"Nathan said, ", Please provide the probability that Nathan thinks that the laptop is expensive.,False,sharp,5000,5001,laptop
Harry,Harry bought a new laptop,5002,It cost $5002.,It cost $497.,"A friend asked him, ",Was it expensive?,"Harry said, ", Please provide the probability that Harry thinks that the laptop is expensive.,False,sharp,5000,5001,laptop
Barry,Barry bought a new laptop,5002,It cost $5002.,It cost $498.,"A friend asked him, ",Was it expensive?,"Barry said, ", Please provide the probability that Barry thinks that the laptop is expensive.,False,sharp,5000,5001,laptop
Barry,Barry bought a new laptop,5002,It cost $5002.,It cost $499.,"A friend asked him, ",Was it expensive?,"Barry said, ", Please provide the probability that Barry thinks that the laptop is expensive.,False,sharp,5000,5001,laptop
Barry,Barry bought a new laptop,5002,It cost $5002.,It cost $500.,"A friend asked him, ",Was it expensive?,"Barry said, ", Please provide the probability that Barry thinks that the laptop is expensive.,False,sharp,5000,5001,laptop
Matt,Matt bought a new laptop,5002,It cost $5002.,It cost $500.,"A friend asked him, ",Was it expensive?,"Matt said, ", Please provide the probability that Matt thinks that the laptop is expensive.,False,sharp,5000,5001,laptop
Robert,Robert bought a new laptop,5002,It cost $5002.,It cost $501.,"A friend asked him, ",Was it expensive?,"Robert said, ", Please provide the probability that Robert thinks that the laptop is expensive.,False,sharp,5000,5001,laptop
Robert,Robert bought a new laptop,5002,It cost $5002.,It cost $502.,"A friend asked him, ",Was it expensive?,"Robert said, ", Please provide the probability that Robert thinks that the laptop is expensive.,False,sharp,5000,5001,laptop
Owen,Owen bought a new laptop,5002,It cost $5002.,It cost $503.,"A friend asked him, ",Was it expensive?,"Owen said, ", Please provide the probability that Owen thinks that the laptop is expensive.,False,sharp,5000,5001,laptop
Calvin,Calvin bought a new laptop,5002,It cost $5002.,It cost $997.,"A friend asked him, ",Was it expensive?,"Calvin said, ", Please provide the probability that Calvin thinks that the laptop is expensive.,False,sharp,5000,5001,laptop
Barry,Barry bought a new laptop,5002,It cost $5002.,It cost $998.,"A friend asked him, ",Was it expensive?,"Barry said, ", Please provide the probability that Barry thinks that the laptop is expensive.,False,sharp,5000,5001,laptop
Harry,Harry bought a new laptop,5002,It cost $5002.,It cost $999.,"A friend asked him, ",Was it expensive?,"Harry said, ", Please provide the probability that Harry thinks that the laptop is expensive.,False,sharp,5000,5001,laptop
Robert,Robert bought a new laptop,5002,It cost $5002.,It cost $1000.,"A friend asked him, ",Was it expensive?,"Robert said, ", Please provide the probability that Robert thinks that the laptop is expensive.,False,sharp,5000,5001,laptop
Daniel,Daniel bought a new laptop,5002,It cost $5002.,It cost $1000.,"A friend asked him, ",Was it expensive?,"Daniel said, ", Please provide the probability that Daniel thinks that the laptop is expensive.,False,sharp,5000,5001,laptop
Winston,Winston bought a new laptop,5002,It cost $5002.,It cost $1001.,"A friend asked him, ",Was it expensive?,"Winston said, ", Please provide the probability that Winston thinks that the laptop is expensive.,False,sharp,5000,5001,laptop
Jake,Jake bought a new laptop,5002,It cost $5002.,It cost $1002.,"A friend asked him, ",Was it expensive?,"Jake said, ", Please provide the probability that Jake thinks that the laptop is expensive.,False,sharp,5000,5001,laptop
Quinn,Quinn bought a new laptop,5002,It cost $5002.,It cost $1003.,"A friend asked him, ",Was it expensive?,"Quinn said, ", Please provide the probability that Quinn thinks that the laptop is expensive.,False,sharp,5000,5001,laptop
Harry,Harry bought a new laptop,5002,It cost $5002.,It cost $4997.,"A friend asked him, ",Was it expensive?,"Harry said, ", Please provide the probability that Harry thinks that the laptop is expensive.,False,sharp,5000,5001,laptop
Nathan,Nathan bought a new laptop,5002,It cost $5002.,It cost $4998.,"A friend asked him, ",Was it expensive?,"Nathan said, ", Please provide the probability that Nathan thinks that the laptop is expensive.,False,sharp,5000,5001,laptop
Quinn,Quinn bought a new laptop,5002,It cost $5002.,It cost $4999.,"A friend asked him, ",Was it expensive?,"Quinn said, ", Please provide the probability that Quinn thinks that the laptop is expensive.,False,sharp,5000,5001,laptop
David,David bought a new laptop,5002,It cost $5002.,It cost $5000.,"A friend asked him, ",Was it expensive?,"David said, ", Please provide the probability that David thinks that the laptop is expensive.,False,sharp,5000,5001,laptop
Gary,Gary bought a new laptop,5002,It cost $5002.,It cost $5000.,"A friend asked him, ",Was it expensive?,"Gary said, ", Please provide the probability that Gary thinks that the laptop is expensive.,False,sharp,5000,5001,laptop
Victor,Victor bought a new laptop,5002,It cost $5002.,It cost $5001.,"A friend asked him, ",Was it expensive?,"Victor said, ", Please provide the probability that Victor thinks that the laptop is expensive.,False,sharp,5000,5001,laptop
Jake,Jake bought a new laptop,5002,It cost $5002.,It cost $5002.,"A friend asked him, ",Was it expensive?,"Jake said, ", Please provide the probability that Jake thinks that the laptop is expensive.,False,sharp,5000,5001,laptop
David,David bought a new laptop,5003,It cost $5003.,It cost $47.,"A friend asked him, ",Was it expensive?,"David said, ", Please provide the probability that David thinks that the laptop is expensive.,False,sharp,5000,5001,laptop
Ivan,Ivan bought a new laptop,5003,It cost $5003.,It cost $48.,"A friend asked him, ",Was it expensive?,"Ivan said, ", Please provide the probability that Ivan thinks that the laptop is expensive.,False,sharp,5000,5001,laptop
David,David bought a new laptop,5003,It cost $5003.,It cost $49.,"A friend asked him, ",Was it expensive?,"David said, ", Please provide the probability that David thinks that the laptop is expensive.,False,sharp,5000,5001,laptop
Ivan,Ivan bought a new laptop,5003,It cost $5003.,It cost $50.,"A friend asked him, ",Was it expensive?,"Ivan said, ", Please provide the probability that Ivan thinks that the laptop is expensive.,False,sharp,5000,5001,laptop
Barry,Barry bought a new laptop,5003,It cost $5003.,It cost $50.,"A friend asked him, ",Was it expensive?,"Barry said, ", Please provide the probability that Barry thinks that the laptop is expensive.,False,sharp,5000,5001,laptop
David,David bought a new laptop,5003,It cost $5003.,It cost $51.,"A friend asked him, ",Was it expensive?,"David said, ", Please provide the probability that David thinks that the laptop is expensive.,False,sharp,5000,5001,laptop
Zach,Zach bought a new laptop,5003,It cost $5003.,It cost $52.,"A friend asked him, ",Was it expensive?,"Zach said, ", Please provide the probability that Zach thinks that the laptop is expensive.,False,sharp,5000,5001,laptop
Quinn,Quinn bought a new laptop,5003,It cost $5003.,It cost $53.,"A friend asked him, ",Was it expensive?,"Quinn said, ", Please provide the probability that Quinn thinks that the laptop is expensive.,False,sharp,5000,5001,laptop
Victor,Victor bought a new laptop,5003,It cost $5003.,It cost $497.,"A friend asked him, ",Was it expensive?,"Victor said, ", Please provide the probability that Victor thinks that the laptop is expensive.,False,sharp,5000,5001,laptop
George,George bought a new laptop,5003,It cost $5003.,It cost $498.,"A friend asked him, ",Was it expensive?,"George said, ", Please provide the probability that George thinks that the laptop is expensive.,False,sharp,5000,5001,laptop
Frank,Frank bought a new laptop,5003,It cost $5003.,It cost $499.,"A friend asked him, ",Was it expensive?,"Frank said, ", Please provide the probability that Frank thinks that the laptop is expensive.,False,sharp,5000,5001,laptop
Tom,Tom bought a new laptop,5003,It cost $5003.,It cost $500.,"A friend asked him, ",Was it expensive?,"Tom said, ", Please provide the probability that Tom thinks that the laptop is expensive.,False,sharp,5000,5001,laptop
Calvin,Calvin bought a new laptop,5003,It cost $5003.,It cost $500.,"A friend asked him, ",Was it expensive?,"Calvin said, ", Please provide the probability that Calvin thinks that the laptop is expensive.,False,sharp,5000,5001,laptop
Gary,Gary bought a new laptop,5003,It cost $5003.,It cost $501.,"A friend asked him, ",Was it expensive?,"Gary said, ", Please provide the probability that Gary thinks that the laptop is expensive.,False,sharp,5000,5001,laptop
Daniel,Daniel bought a new laptop,5003,It cost $5003.,It cost $502.,"A friend asked him, ",Was it expensive?,"Daniel said, ", Please provide the probability that Daniel thinks that the laptop is expensive.,False,sharp,5000,5001,laptop
Gary,Gary bought a new laptop,5003,It cost $5003.,It cost $503.,"A friend asked him, ",Was it expensive?,"Gary said, ", Please provide the probability that Gary thinks that the laptop is expensive.,False,sharp,5000,5001,laptop
Patrick,Patrick bought a new laptop,5003,It cost $5003.,It cost $997.,"A friend asked him, ",Was it expensive?,"Patrick said, ", Please provide the probability that Patrick thinks that the laptop is expensive.,False,sharp,5000,5001,laptop
Tom,Tom bought a new laptop,5003,It cost $5003.,It cost $998.,"A friend asked him, ",Was it expensive?,"Tom said, ", Please provide the probability that Tom thinks that the laptop is expensive.,False,sharp,5000,5001,laptop
Bob,Bob bought a new laptop,5003,It cost $5003.,It cost $999.,"A friend asked him, ",Was it expensive?,"Bob said, ", Please provide the probability that Bob thinks that the laptop is expensive.,False,sharp,5000,5001,laptop
David,David bought a new laptop,5003,It cost $5003.,It cost $1000.,"A friend asked him, ",Was it expensive?,"David said, ", Please provide the probability that David thinks that the laptop is expensive.,False,sharp,5000,5001,laptop
Calvin,Calvin bought a new laptop,5003,It cost $5003.,It cost $1000.,"A friend asked him, ",Was it expensive?,"Calvin said, ", Please provide the probability that Calvin thinks that the laptop is expensive.,False,sharp,5000,5001,laptop
Bob,Bob bought a new laptop,5003,It cost $5003.,It cost $1001.,"A friend asked him, ",Was it expensive?,"Bob said, ", Please provide the probability that Bob thinks that the laptop is expensive.,False,sharp,5000,5001,laptop
Fred,Fred bought a new laptop,5003,It cost $5003.,It cost $1002.,"A friend asked him, ",Was it expensive?,"Fred said, ", Please provide the probability that Fred thinks that the laptop is expensive.,False,sharp,5000,5001,laptop
Calvin,Calvin bought a new laptop,5003,It cost $5003.,It cost $1003.,"A friend asked him, ",Was it expensive?,"Calvin said, ", Please provide the probability that Calvin thinks that the laptop is expensive.,False,sharp,5000,5001,laptop
Daniel,Daniel bought a new laptop,5003,It cost $5003.,It cost $4997.,"A friend asked him, ",Was it expensive?,"Daniel said, ", Please provide the probability that Daniel thinks that the laptop is expensive.,False,sharp,5000,5001,laptop
Harry,Harry bought a new laptop,5003,It cost $5003.,It cost $4998.,"A friend asked him, ",Was it expensive?,"Harry said, ", Please provide the probability that Harry thinks that the laptop is expensive.,False,sharp,5000,5001,laptop
George,George bought a new laptop,5003,It cost $5003.,It cost $4999.,"A friend asked him, ",Was it expensive?,"George said, ", Please provide the probability that George thinks that the laptop is expensive.,False,sharp,5000,5001,laptop
Winston,Winston bought a new laptop,5003,It cost $5003.,It cost $5000.,"A friend asked him, ",Was it expensive?,"Winston said, ", Please provide the probability that Winston thinks that the laptop is expensive.,False,sharp,5000,5001,laptop
Alex,Alex bought a new laptop,5003,It cost $5003.,It cost $5000.,"A friend asked him, ",Was it expensive?,"Alex said, ", Please provide the probability that Alex thinks that the laptop is expensive.,False,sharp,5000,5001,laptop
Matt,Matt bought a new laptop,5003,It cost $5003.,It cost $5001.,"A friend asked him, ",Was it expensive?,"Matt said, ", Please provide the probability that Matt thinks that the laptop is expensive.,False,sharp,5000,5001,laptop
Calvin,Calvin bought a new laptop,5003,It cost $5003.,It cost $5002.,"A friend asked him, ",Was it expensive?,"Calvin said, ", Please provide the probability that Calvin thinks that the laptop is expensive.,False,sharp,5000,5001,laptop
Jake,Jake bought a new laptop,5003,It cost $5003.,It cost $5003.,"A friend asked him, ",Was it expensive?,"Jake said, ", Please provide the probability that Jake thinks that the laptop is expensive.,False,sharp,5000,5001,laptop
Albert,Albert bought a new laptop,9997,It cost $9997.,It cost $47.,"A friend asked him, ",Was it expensive?,"Albert said, ", Please provide the probability that Albert thinks that the laptop is expensive.,False,sharp,10000,10001,laptop
Jake,Jake bought a new laptop,9997,It cost $9997.,It cost $48.,"A friend asked him, ",Was it expensive?,"Jake said, ", Please provide the probability that Jake thinks that the laptop is expensive.,False,sharp,10000,10001,laptop
Zach,Zach bought a new laptop,9997,It cost $9997.,It cost $49.,"A friend asked him, ",Was it expensive?,"Zach said, ", Please provide the probability that Zach thinks that the laptop is expensive.,False,sharp,10000,10001,laptop
Daniel,Daniel bought a new laptop,9997,It cost $9997.,It cost $50.,"A friend asked him, ",Was it expensive?,"Daniel said, ", Please provide the probability that Daniel thinks that the laptop is expensive.,False,sharp,10000,10001,laptop
David,David bought a new laptop,9997,It cost $9997.,It cost $50.,"A friend asked him, ",Was it expensive?,"David said, ", Please provide the probability that David thinks that the laptop is expensive.,False,sharp,10000,10001,laptop
Matt,Matt bought a new laptop,9997,It cost $9997.,It cost $51.,"A friend asked him, ",Was it expensive?,"Matt said, ", Please provide the probability that Matt thinks that the laptop is expensive.,False,sharp,10000,10001,laptop
Calvin,Calvin bought a new laptop,9997,It cost $9997.,It cost $52.,"A friend asked him, ",Was it expensive?,"Calvin said, ", Please provide the probability that Calvin thinks that the laptop is expensive.,False,sharp,10000,10001,laptop
Robert,Robert bought a new laptop,9997,It cost $9997.,It cost $53.,"A friend asked him, ",Was it expensive?,"Robert said, ", Please provide the probability that Robert thinks that the laptop is expensive.,False,sharp,10000,10001,laptop
Alex,Alex bought a new laptop,9997,It cost $9997.,It cost $497.,"A friend asked him, ",Was it expensive?,"Alex said, ", Please provide the probability that Alex thinks that the laptop is expensive.,False,sharp,10000,10001,laptop
Alex,Alex bought a new laptop,9997,It cost $9997.,It cost $498.,"A friend asked him, ",Was it expensive?,"Alex said, ", Please provide the probability that Alex thinks that the laptop is expensive.,False,sharp,10000,10001,laptop
Jake,Jake bought a new laptop,9997,It cost $9997.,It cost $499.,"A friend asked him, ",Was it expensive?,"Jake said, ", Please provide the probability that Jake thinks that the laptop is expensive.,False,sharp,10000,10001,laptop
Barry,Barry bought a new laptop,9997,It cost $9997.,It cost $500.,"A friend asked him, ",Was it expensive?,"Barry said, ", Please provide the probability that Barry thinks that the laptop is expensive.,False,sharp,10000,10001,laptop
David,David bought a new laptop,9997,It cost $9997.,It cost $500.,"A friend asked him, ",Was it expensive?,"David said, ", Please provide the probability that David thinks that the laptop is expensive.,False,sharp,10000,10001,laptop
Frank,Frank bought a new laptop,9997,It cost $9997.,It cost $501.,"A friend asked him, ",Was it expensive?,"Frank said, ", Please provide the probability that Frank thinks that the laptop is expensive.,False,sharp,10000,10001,laptop
Matt,Matt bought a new laptop,9997,It cost $9997.,It cost $502.,"A friend asked him, ",Was it expensive?,"Matt said, ", Please provide the probability that Matt thinks that the laptop is expensive.,False,sharp,10000,10001,laptop
Frank,Frank bought a new laptop,9997,It cost $9997.,It cost $503.,"A friend asked him, ",Was it expensive?,"Frank said, ", Please provide the probability that Frank thinks that the laptop is expensive.,False,sharp,10000,10001,laptop
Ethan,Ethan bought a new laptop,9997,It cost $9997.,It cost $997.,"A friend asked him, ",Was it expensive?,"Ethan said, ", Please provide the probability that Ethan thinks that the laptop is expensive.,False,sharp,10000,10001,laptop
Zach,Zach bought a new laptop,9997,It cost $9997.,It cost $998.,"A friend asked him, ",Was it expensive?,"Zach said, ", Please provide the probability that Zach thinks that the laptop is expensive.,False,sharp,10000,10001,laptop
Robert,Robert bought a new laptop,9997,It cost $9997.,It cost $999.,"A friend asked him, ",Was it expensive?,"Robert said, ", Please provide the probability that Robert thinks that the laptop is expensive.,False,sharp,10000,10001,laptop
Fred,Fred bought a new laptop,9997,It cost $9997.,It cost $1000.,"A friend asked him, ",Was it expensive?,"Fred said, ", Please provide the probability that Fred thinks that the laptop is expensive.,False,sharp,10000,10001,laptop
Matt,Matt bought a new laptop,9997,It cost $9997.,It cost $1000.,"A friend asked him, ",Was it expensive?,"Matt said, ", Please provide the probability that Matt thinks that the laptop is expensive.,False,sharp,10000,10001,laptop
Calvin,Calvin bought a new laptop,9997,It cost $9997.,It cost $1001.,"A friend asked him, ",Was it expensive?,"Calvin said, ", Please provide the probability that Calvin thinks that the laptop is expensive.,False,sharp,10000,10001,laptop
Matt,Matt bought a new laptop,9997,It cost $9997.,It cost $1002.,"A friend asked him, ",Was it expensive?,"Matt said, ", Please provide the probability that Matt thinks that the laptop is expensive.,False,sharp,10000,10001,laptop
Alex,Alex bought a new laptop,9997,It cost $9997.,It cost $1003.,"A friend asked him, ",Was it expensive?,"Alex said, ", Please provide the probability that Alex thinks that the laptop is expensive.,False,sharp,10000,10001,laptop
Nathan,Nathan bought a new laptop,9997,It cost $9997.,It cost $4997.,"A friend asked him, ",Was it expensive?,"Nathan said, ", Please provide the probability that Nathan thinks that the laptop is expensive.,False,sharp,10000,10001,laptop
Frank,Frank bought a new laptop,9997,It cost $9997.,It cost $4998.,"A friend asked him, ",Was it expensive?,"Frank said, ", Please provide the probability that Frank thinks that the laptop is expensive.,False,sharp,10000,10001,laptop
Zach,Zach bought a new laptop,9997,It cost $9997.,It cost $4999.,"A friend asked him, ",Was it expensive?,"Zach said, ", Please provide the probability that Zach thinks that the laptop is expensive.,False,sharp,10000,10001,laptop
Jake,Jake bought a new laptop,9997,It cost $9997.,It cost $5000.,"A friend asked him, ",Was it expensive?,"Jake said, ", Please provide the probability that Jake thinks that the laptop is expensive.,False,sharp,10000,10001,laptop
Alex,Alex bought a new laptop,9997,It cost $9997.,It cost $5000.,"A friend asked him, ",Was it expensive?,"Alex said, ", Please provide the probability that Alex thinks that the laptop is expensive.,False,sharp,10000,10001,laptop
Albert,Albert bought a new laptop,9997,It cost $9997.,It cost $5001.,"A friend asked him, ",Was it expensive?,"Albert said, ", Please provide the probability that Albert thinks that the laptop is expensive.,False,sharp,10000,10001,laptop
David,David bought a new laptop,9997,It cost $9997.,It cost $5002.,"A friend asked him, ",Was it expensive?,"David said, ", Please provide the probability that David thinks that the laptop is expensive.,False,sharp,10000,10001,laptop
Barry,Barry bought a new laptop,9997,It cost $9997.,It cost $5003.,"A friend asked him, ",Was it expensive?,"Barry said, ", Please provide the probability that Barry thinks that the laptop is expensive.,False,sharp,10000,10001,laptop
Albert,Albert bought a new laptop,9997,It cost $9997.,It cost $9997.,"A friend asked him, ",Was it expensive?,"Albert said, ", Please provide the probability that Albert thinks that the laptop is expensive.,False,sharp,10000,10001,laptop
Nathan,Nathan bought a new laptop,9998,It cost $9998.,It cost $47.,"A friend asked him, ",Was it expensive?,"Nathan said, ", Please provide the probability that Nathan thinks that the laptop is expensive.,False,sharp,10000,10001,laptop
Ivan,Ivan bought a new laptop,9998,It cost $9998.,It cost $48.,"A friend asked him, ",Was it expensive?,"Ivan said, ", Please provide the probability that Ivan thinks that the laptop is expensive.,False,sharp,10000,10001,laptop
Robert,Robert bought a new laptop,9998,It cost $9998.,It cost $49.,"A friend asked him, ",Was it expensive?,"Robert said, ", Please provide the probability that Robert thinks that the laptop is expensive.,False,sharp,10000,10001,laptop
Nathan,Nathan bought a new laptop,9998,It cost $9998.,It cost $50.,"A friend asked him, ",Was it expensive?,"Nathan said, ", Please provide the probability that Nathan thinks that the laptop is expensive.,False,sharp,10000,10001,laptop
Matt,Matt bought a new laptop,9998,It cost $9998.,It cost $50.,"A friend asked him, ",Was it expensive?,"Matt said, ", Please provide the probability that Matt thinks that the laptop is expensive.,False,sharp,10000,10001,laptop
Victor,Victor bought a new laptop,9998,It cost $9998.,It cost $51.,"A friend asked him, ",Was it expensive?,"Victor said, ", Please provide the probability that Victor thinks that the laptop is expensive.,False,sharp,10000,10001,laptop
Tom,Tom bought a new laptop,9998,It cost $9998.,It cost $52.,"A friend asked him, ",Was it expensive?,"Tom said, ", Please provide the probability that Tom thinks that the laptop is expensive.,False,sharp,10000,10001,laptop
Bob,Bob bought a new laptop,9998,It cost $9998.,It cost $53.,"A friend asked him, ",Was it expensive?,"Bob said, ", Please provide the probability that Bob thinks that the laptop is expensive.,False,sharp,10000,10001,laptop
Bob,Bob bought a new laptop,9998,It cost $9998.,It cost $497.,"A friend asked him, ",Was it expensive?,"Bob said, ", Please provide the probability that Bob thinks that the laptop is expensive.,False,sharp,10000,10001,laptop
Luke,Luke bought a new laptop,9998,It cost $9998.,It cost $498.,"A friend asked him, ",Was it expensive?,"Luke said, ", Please provide the probability that Luke thinks that the laptop is expensive.,False,sharp,10000,10001,laptop
Charles,Charles bought a new laptop,9998,It cost $9998.,It cost $499.,"A friend asked him, ",Was it expensive?,"Charles said, ", Please provide the probability that Charles thinks that the laptop is expensive.,False,sharp,10000,10001,laptop
Jake,Jake bought a new laptop,9998,It cost $9998.,It cost $500.,"A friend asked him, ",Was it expensive?,"Jake said, ", Please provide the probability that Jake thinks that the laptop is expensive.,False,sharp,10000,10001,laptop
Bob,Bob bought a new laptop,9998,It cost $9998.,It cost $500.,"A friend asked him, ",Was it expensive?,"Bob said, ", Please provide the probability that Bob thinks that the laptop is expensive.,False,sharp,10000,10001,laptop
Nathan,Nathan bought a new laptop,9998,It cost $9998.,It cost $501.,"A friend asked him, ",Was it expensive?,"Nathan said, ", Please provide the probability that Nathan thinks that the laptop is expensive.,False,sharp,10000,10001,laptop
Tom,Tom bought a new laptop,9998,It cost $9998.,It cost $502.,"A friend asked him, ",Was it expensive?,"Tom said, ", Please provide the probability that Tom thinks that the laptop is expensive.,False,sharp,10000,10001,laptop
Harry,Harry bought a new laptop,9998,It cost $9998.,It cost $503.,"A friend asked him, ",Was it expensive?,"Harry said, ", Please provide the probability that Harry thinks that the laptop is expensive.,False,sharp,10000,10001,laptop
Winston,Winston bought a new laptop,9998,It cost $9998.,It cost $997.,"A friend asked him, ",Was it expensive?,"Winston said, ", Please provide the probability that Winston thinks that the laptop is expensive.,False,sharp,10000,10001,laptop
Frank,Frank bought a new laptop,9998,It cost $9998.,It cost $998.,"A friend asked him, ",Was it expensive?,"Frank said, ", Please provide the probability that Frank thinks that the laptop is expensive.,False,sharp,10000,10001,laptop
Frank,Frank bought a new laptop,9998,It cost $9998.,It cost $999.,"A friend asked him, ",Was it expensive?,"Frank said, ", Please provide the probability that Frank thinks that the laptop is expensive.,False,sharp,10000,10001,laptop
Kenneth,Kenneth bought a new laptop,9998,It cost $9998.,It cost $1000.,"A friend asked him, ",Was it expensive?,"Kenneth said, ", Please provide the probability that Kenneth thinks that the laptop is expensive.,False,sharp,10000,10001,laptop
Calvin,Calvin bought a new laptop,9998,It cost $9998.,It cost $1000.,"A friend asked him, ",Was it expensive?,"Calvin said, ", Please provide the probability that Calvin thinks that the laptop is expensive.,False,sharp,10000,10001,laptop
Gary,Gary bought a new laptop,9998,It cost $9998.,It cost $1001.,"A friend asked him, ",Was it expensive?,"Gary said, ", Please provide the probability that Gary thinks that the laptop is expensive.,False,sharp,10000,10001,laptop
Frank,Frank bought a new laptop,9998,It cost $9998.,It cost $1002.,"A friend asked him, ",Was it expensive?,"Frank said, ", Please provide the probability that Frank thinks that the laptop is expensive.,False,sharp,10000,10001,laptop
David,David bought a new laptop,9998,It cost $9998.,It cost $1003.,"A friend asked him, ",Was it expensive?,"David said, ", Please provide the probability that David thinks that the laptop is expensive.,False,sharp,10000,10001,laptop
Fred,Fred bought a new laptop,9998,It cost $9998.,It cost $4997.,"A friend asked him, ",Was it expensive?,"Fred said, ", Please provide the probability that Fred thinks that the laptop is expensive.,False,sharp,10000,10001,laptop
Jake,Jake bought a new laptop,9998,It cost $9998.,It cost $4998.,"A friend asked him, ",Was it expensive?,"Jake said, ", Please provide the probability that Jake thinks that the laptop is expensive.,False,sharp,10000,10001,laptop
Gary,Gary bought a new laptop,9998,It cost $9998.,It cost $4999.,"A friend asked him, ",Was it expensive?,"Gary said, ", Please provide the probability that Gary thinks that the laptop is expensive.,False,sharp,10000,10001,laptop
Victor,Victor bought a new laptop,9998,It cost $9998.,It cost $5000.,"A friend asked him, ",Was it expensive?,"Victor said, ", Please provide the probability that Victor thinks that the laptop is expensive.,False,sharp,10000,10001,laptop
Ethan,Ethan bought a new laptop,9998,It cost $9998.,It cost $5000.,"A friend asked him, ",Was it expensive?,"Ethan said, ", Please provide the probability that Ethan thinks that the laptop is expensive.,False,sharp,10000,10001,laptop
Alex,Alex bought a new laptop,9998,It cost $9998.,It cost $5001.,"A friend asked him, ",Was it expensive?,"Alex said, ", Please provide the probability that Alex thinks that the laptop is expensive.,False,sharp,10000,10001,laptop
Charles,Charles bought a new laptop,9998,It cost $9998.,It cost $5002.,"A friend asked him, ",Was it expensive?,"Charles said, ", Please provide the probability that Charles thinks that the laptop is expensive.,False,sharp,10000,10001,laptop
David,David bought a new laptop,9998,It cost $9998.,It cost $5003.,"A friend asked him, ",Was it expensive?,"David said, ", Please provide the probability that David thinks that the laptop is expensive.,False,sharp,10000,10001,laptop
Calvin,Calvin bought a new laptop,9998,It cost $9998.,It cost $9997.,"A friend asked him, ",Was it expensive?,"Calvin said, ", Please provide the probability that Calvin thinks that the laptop is expensive.,False,sharp,10000,10001,laptop
Kenneth,Kenneth bought a new laptop,9998,It cost $9998.,It cost $9998.,"A friend asked him, ",Was it expensive?,"Kenneth said, ", Please provide the probability that Kenneth thinks that the laptop is expensive.,False,sharp,10000,10001,laptop
Steve,Steve bought a new laptop,9999,It cost $9999.,It cost $47.,"A friend asked him, ",Was it expensive?,"Steve said, ", Please provide the probability that Steve thinks that the laptop is expensive.,True,sharp,10000,10001,laptop
Victor,Victor bought a new laptop,9999,It cost $9999.,It cost $48.,"A friend asked him, ",Was it expensive?,"Victor said, ", Please provide the probability that Victor thinks that the laptop is expensive.,True,sharp,10000,10001,laptop
Gary,Gary bought a new laptop,9999,It cost $9999.,It cost $49.,"A friend asked him, ",Was it expensive?,"Gary said, ", Please provide the probability that Gary thinks that the laptop is expensive.,True,sharp,10000,10001,laptop
Ethan,Ethan bought a new laptop,9999,It cost $9999.,It cost $50.,"A friend asked him, ",Was it expensive?,"Ethan said, ", Please provide the probability that Ethan thinks that the laptop is expensive.,True,sharp,10000,10001,laptop
Charles,Charles bought a new laptop,9999,It cost $9999.,It cost $50.,"A friend asked him, ",Was it expensive?,"Charles said, ", Please provide the probability that Charles thinks that the laptop is expensive.,True,sharp,10000,10001,laptop
Matt,Matt bought a new laptop,9999,It cost $9999.,It cost $51.,"A friend asked him, ",Was it expensive?,"Matt said, ", Please provide the probability that Matt thinks that the laptop is expensive.,True,sharp,10000,10001,laptop
Ethan,Ethan bought a new laptop,9999,It cost $9999.,It cost $52.,"A friend asked him, ",Was it expensive?,"Ethan said, ", Please provide the probability that Ethan thinks that the laptop is expensive.,True,sharp,10000,10001,laptop
Luke,Luke bought a new laptop,9999,It cost $9999.,It cost $53.,"A friend asked him, ",Was it expensive?,"Luke said, ", Please provide the probability that Luke thinks that the laptop is expensive.,True,sharp,10000,10001,laptop
Calvin,Calvin bought a new laptop,9999,It cost $9999.,It cost $497.,"A friend asked him, ",Was it expensive?,"Calvin said, ", Please provide the probability that Calvin thinks that the laptop is expensive.,True,sharp,10000,10001,laptop
Steve,Steve bought a new laptop,9999,It cost $9999.,It cost $498.,"A friend asked him, ",Was it expensive?,"Steve said, ", Please provide the probability that Steve thinks that the laptop is expensive.,True,sharp,10000,10001,laptop
Barry,Barry bought a new laptop,9999,It cost $9999.,It cost $499.,"A friend asked him, ",Was it expensive?,"Barry said, ", Please provide the probability that Barry thinks that the laptop is expensive.,True,sharp,10000,10001,laptop
Tom,Tom bought a new laptop,9999,It cost $9999.,It cost $500.,"A friend asked him, ",Was it expensive?,"Tom said, ", Please provide the probability that Tom thinks that the laptop is expensive.,True,sharp,10000,10001,laptop
George,George bought a new laptop,9999,It cost $9999.,It cost $500.,"A friend asked him, ",Was it expensive?,"George said, ", Please provide the probability that George thinks that the laptop is expensive.,True,sharp,10000,10001,laptop
Alex,Alex bought a new laptop,9999,It cost $9999.,It cost $501.,"A friend asked him, ",Was it expensive?,"Alex said, ", Please provide the probability that Alex thinks that the laptop is expensive.,True,sharp,10000,10001,laptop
Fred,Fred bought a new laptop,9999,It cost $9999.,It cost $502.,"A friend asked him, ",Was it expensive?,"Fred said, ", Please provide the probability that Fred thinks that the laptop is expensive.,True,sharp,10000,10001,laptop
Daniel,Daniel bought a new laptop,9999,It cost $9999.,It cost $503.,"A friend asked him, ",Was it expensive?,"Daniel said, ", Please provide the probability that Daniel thinks that the laptop is expensive.,True,sharp,10000,10001,laptop
Ethan,Ethan bought a new laptop,9999,It cost $9999.,It cost $997.,"A friend asked him, ",Was it expensive?,"Ethan said, ", Please provide the probability that Ethan thinks that the laptop is expensive.,True,sharp,10000,10001,laptop
Robert,Robert bought a new laptop,9999,It cost $9999.,It cost $998.,"A friend asked him, ",Was it expensive?,"Robert said, ", Please provide the probability that Robert thinks that the laptop is expensive.,True,sharp,10000,10001,laptop
Robert,Robert bought a new laptop,9999,It cost $9999.,It cost $999.,"A friend asked him, ",Was it expensive?,"Robert said, ", Please provide the probability that Robert thinks that the laptop is expensive.,True,sharp,10000,10001,laptop
Robert,Robert bought a new laptop,9999,It cost $9999.,It cost $1000.,"A friend asked him, ",Was it expensive?,"Robert said, ", Please provide the probability that Robert thinks that the laptop is expensive.,True,sharp,10000,10001,laptop
Albert,Albert bought a new laptop,9999,It cost $9999.,It cost $1000.,"A friend asked him, ",Was it expensive?,"Albert said, ", Please provide the probability that Albert thinks that the laptop is expensive.,True,sharp,10000,10001,laptop
Steve,Steve bought a new laptop,9999,It cost $9999.,It cost $1001.,"A friend asked him, ",Was it expensive?,"Steve said, ", Please provide the probability that Steve thinks that the laptop is expensive.,True,sharp,10000,10001,laptop
Charles,Charles bought a new laptop,9999,It cost $9999.,It cost $1002.,"A friend asked him, ",Was it expensive?,"Charles said, ", Please provide the probability that Charles thinks that the laptop is expensive.,True,sharp,10000,10001,laptop
Robert,Robert bought a new laptop,9999,It cost $9999.,It cost $1003.,"A friend asked him, ",Was it expensive?,"Robert said, ", Please provide the probability that Robert thinks that the laptop is expensive.,True,sharp,10000,10001,laptop
Albert,Albert bought a new laptop,9999,It cost $9999.,It cost $4997.,"A friend asked him, ",Was it expensive?,"Albert said, ", Please provide the probability that Albert thinks that the laptop is expensive.,True,sharp,10000,10001,laptop
Frank,Frank bought a new laptop,9999,It cost $9999.,It cost $4998.,"A friend asked him, ",Was it expensive?,"Frank said, ", Please provide the probability that Frank thinks that the laptop is expensive.,True,sharp,10000,10001,laptop
Zach,Zach bought a new laptop,9999,It cost $9999.,It cost $4999.,"A friend asked him, ",Was it expensive?,"Zach said, ", Please provide the probability that Zach thinks that the laptop is expensive.,True,sharp,10000,10001,laptop
Matt,Matt bought a new laptop,9999,It cost $9999.,It cost $5000.,"A friend asked him, ",Was it expensive?,"Matt said, ", Please provide the probability that Matt thinks that the laptop is expensive.,True,sharp,10000,10001,laptop
Tom,Tom bought a new laptop,9999,It cost $9999.,It cost $5000.,"A friend asked him, ",Was it expensive?,"Tom said, ", Please provide the probability that Tom thinks that the laptop is expensive.,True,sharp,10000,10001,laptop
Calvin,Calvin bought a new laptop,9999,It cost $9999.,It cost $5001.,"A friend asked him, ",Was it expensive?,"Calvin said, ", Please provide the probability that Calvin thinks that the laptop is expensive.,True,sharp,10000,10001,laptop
David,David bought a new laptop,9999,It cost $9999.,It cost $5002.,"A friend asked him, ",Was it expensive?,"David said, ", Please provide the probability that David thinks that the laptop is expensive.,True,sharp,10000,10001,laptop
Nathan,Nathan bought a new laptop,9999,It cost $9999.,It cost $5003.,"A friend asked him, ",Was it expensive?,"Nathan said, ", Please provide the probability that Nathan thinks that the laptop is expensive.,True,sharp,10000,10001,laptop
Gary,Gary bought a new laptop,9999,It cost $9999.,It cost $9997.,"A friend asked him, ",Was it expensive?,"Gary said, ", Please provide the probability that Gary thinks that the laptop is expensive.,True,sharp,10000,10001,laptop
Albert,Albert bought a new laptop,9999,It cost $9999.,It cost $9998.,"A friend asked him, ",Was it expensive?,"Albert said, ", Please provide the probability that Albert thinks that the laptop is expensive.,True,sharp,10000,10001,laptop
Ethan,Ethan bought a new laptop,9999,It cost $9999.,It cost $9999.,"A friend asked him, ",Was it expensive?,"Ethan said, ", Please provide the probability that Ethan thinks that the laptop is expensive.,True,sharp,10000,10001,laptop
George,George bought a new laptop,10000,It cost $10000.,It cost $47.,"A friend asked him, ",Was it expensive?,"George said, ", Please provide the probability that George thinks that the laptop is expensive.,True,round,10000,10000,laptop
Eric,Eric bought a new laptop,10000,It cost $10000.,It cost $48.,"A friend asked him, ",Was it expensive?,"Eric said, ", Please provide the probability that Eric thinks that the laptop is expensive.,True,round,10000,10000,laptop
Alex,Alex bought a new laptop,10000,It cost $10000.,It cost $49.,"A friend asked him, ",Was it expensive?,"Alex said, ", Please provide the probability that Alex thinks that the laptop is expensive.,True,round,10000,10000,laptop
Gary,Gary bought a new laptop,10000,It cost $10000.,It cost $50.,"A friend asked him, ",Was it expensive?,"Gary said, ", Please provide the probability that Gary thinks that the laptop is expensive.,True,round,10000,10000,laptop
Quinn,Quinn bought a new laptop,10000,It cost $10000.,It cost $50.,"A friend asked him, ",Was it expensive?,"Quinn said, ", Please provide the probability that Quinn thinks that the laptop is expensive.,True,round,10000,10000,laptop
Harry,Harry bought a new laptop,10000,It cost $10000.,It cost $51.,"A friend asked him, ",Was it expensive?,"Harry said, ", Please provide the probability that Harry thinks that the laptop is expensive.,True,round,10000,10000,laptop
Barry,Barry bought a new laptop,10000,It cost $10000.,It cost $52.,"A friend asked him, ",Was it expensive?,"Barry said, ", Please provide the probability that Barry thinks that the laptop is expensive.,True,round,10000,10000,laptop
Albert,Albert bought a new laptop,10000,It cost $10000.,It cost $53.,"A friend asked him, ",Was it expensive?,"Albert said, ", Please provide the probability that Albert thinks that the laptop is expensive.,True,round,10000,10000,laptop
Patrick,Patrick bought a new laptop,10000,It cost $10000.,It cost $497.,"A friend asked him, ",Was it expensive?,"Patrick said, ", Please provide the probability that Patrick thinks that the laptop is expensive.,True,round,10000,10000,laptop
David,David bought a new laptop,10000,It cost $10000.,It cost $498.,"A friend asked him, ",Was it expensive?,"David said, ", Please provide the probability that David thinks that the laptop is expensive.,True,round,10000,10000,laptop
David,David bought a new laptop,10000,It cost $10000.,It cost $499.,"A friend asked him, ",Was it expensive?,"David said, ", Please provide the probability that David thinks that the laptop is expensive.,True,round,10000,10000,laptop
Quinn,Quinn bought a new laptop,10000,It cost $10000.,It cost $500.,"A friend asked him, ",Was it expensive?,"Quinn said, ", Please provide the probability that Quinn thinks that the laptop is expensive.,True,round,10000,10000,laptop
Ivan,Ivan bought a new laptop,10000,It cost $10000.,It cost $500.,"A friend asked him, ",Was it expensive?,"Ivan said, ", Please provide the probability that Ivan thinks that the laptop is expensive.,True,round,10000,10000,laptop
Alex,Alex bought a new laptop,10000,It cost $10000.,It cost $501.,"A friend asked him, ",Was it expensive?,"Alex said, ", Please provide the probability that Alex thinks that the laptop is expensive.,True,round,10000,10000,laptop
Kenneth,Kenneth bought a new laptop,10000,It cost $10000.,It cost $502.,"A friend asked him, ",Was it expensive?,"Kenneth said, ", Please provide the probability that Kenneth thinks that the laptop is expensive.,True,round,10000,10000,laptop
Patrick,Patrick bought a new laptop,10000,It cost $10000.,It cost $503.,"A friend asked him, ",Was it expensive?,"Patrick said, ", Please provide the probability that Patrick thinks that the laptop is expensive.,True,round,10000,10000,laptop
Ivan,Ivan bought a new laptop,10000,It cost $10000.,It cost $997.,"A friend asked him, ",Was it expensive?,"Ivan said, ", Please provide the probability that Ivan thinks that the laptop is expensive.,True,round,10000,10000,laptop
Matt,Matt bought a new laptop,10000,It cost $10000.,It cost $998.,"A friend asked him, ",Was it expensive?,"Matt said, ", Please provide the probability that Matt thinks that the laptop is expensive.,True,round,10000,10000,laptop
Victor,Victor bought a new laptop,10000,It cost $10000.,It cost $999.,"A friend asked him, ",Was it expensive?,"Victor said, ", Please provide the probability that Victor thinks that the laptop is expensive.,True,round,10000,10000,laptop
Frank,Frank bought a new laptop,10000,It cost $10000.,It cost $1000.,"A friend asked him, ",Was it expensive?,"Frank said, ", Please provide the probability that Frank thinks that the laptop is expensive.,True,round,10000,10000,laptop
Alex,Alex bought a new laptop,10000,It cost $10000.,It cost $1000.,"A friend asked him, ",Was it expensive?,"Alex said, ", Please provide the probability that Alex thinks that the laptop is expensive.,True,round,10000,10000,laptop
Eric,Eric bought a new laptop,10000,It cost $10000.,It cost $1001.,"A friend asked him, ",Was it expensive?,"Eric said, ", Please provide the probability that Eric thinks that the laptop is expensive.,True,round,10000,10000,laptop
Frank,Frank bought a new laptop,10000,It cost $10000.,It cost $1002.,"A friend asked him, ",Was it expensive?,"Frank said, ", Please provide the probability that Frank thinks that the laptop is expensive.,True,round,10000,10000,laptop
Alex,Alex bought a new laptop,10000,It cost $10000.,It cost $1003.,"A friend asked him, ",Was it expensive?,"Alex said, ", Please provide the probability that Alex thinks that the laptop is expensive.,True,round,10000,10000,laptop
Albert,Albert bought a new laptop,10000,It cost $10000.,It cost $4997.,"A friend asked him, ",Was it expensive?,"Albert said, ", Please provide the probability that Albert thinks that the laptop is expensive.,True,round,10000,10000,laptop
Jake,Jake bought a new laptop,10000,It cost $10000.,It cost $4998.,"A friend asked him, ",Was it expensive?,"Jake said, ", Please provide the probability that Jake thinks that the laptop is expensive.,True,round,10000,10000,laptop
Frank,Frank bought a new laptop,10000,It cost $10000.,It cost $4999.,"A friend asked him, ",Was it expensive?,"Frank said, ", Please provide the probability that Frank thinks that the laptop is expensive.,True,round,10000,10000,laptop
George,George bought a new laptop,10000,It cost $10000.,It cost $5000.,"A friend asked him, ",Was it expensive?,"George said, ", Please provide the probability that George thinks that the laptop is expensive.,True,round,10000,10000,laptop
Harry,Harry bought a new laptop,10000,It cost $10000.,It cost $5000.,"A friend asked him, ",Was it expensive?,"Harry said, ", Please provide the probability that Harry thinks that the laptop is expensive.,True,round,10000,10000,laptop
Robert,Robert bought a new laptop,10000,It cost $10000.,It cost $5001.,"A friend asked him, ",Was it expensive?,"Robert said, ", Please provide the probability that Robert thinks that the laptop is expensive.,True,round,10000,10000,laptop
Zach,Zach bought a new laptop,10000,It cost $10000.,It cost $5002.,"A friend asked him, ",Was it expensive?,"Zach said, ", Please provide the probability that Zach thinks that the laptop is expensive.,True,round,10000,10000,laptop
David,David bought a new laptop,10000,It cost $10000.,It cost $5003.,"A friend asked him, ",Was it expensive?,"David said, ", Please provide the probability that David thinks that the laptop is expensive.,True,round,10000,10000,laptop
Eric,Eric bought a new laptop,10000,It cost $10000.,It cost $9997.,"A friend asked him, ",Was it expensive?,"Eric said, ", Please provide the probability that Eric thinks that the laptop is expensive.,True,round,10000,10000,laptop
Calvin,Calvin bought a new laptop,10000,It cost $10000.,It cost $9998.,"A friend asked him, ",Was it expensive?,"Calvin said, ", Please provide the probability that Calvin thinks that the laptop is expensive.,True,round,10000,10000,laptop
Eric,Eric bought a new laptop,10000,It cost $10000.,It cost $9999.,"A friend asked him, ",Was it expensive?,"Eric said, ", Please provide the probability that Eric thinks that the laptop is expensive.,True,round,10000,10000,laptop
Luke,Luke bought a new laptop,10000,It cost $10000.,It cost $10000.,"A friend asked him, ",Was it expensive?,"Luke said, ", Please provide the probability that Luke thinks that the laptop is expensive.,True,round,10000,10000,laptop
Robert,Robert bought a new laptop,10000,It cost $10000.,It cost $10000.,"A friend asked him, ",Was it expensive?,"Robert said, ", Please provide the probability that Robert thinks that the laptop is expensive.,True,round,10000,10000,laptop
Matt,Matt bought a new laptop,10000,It cost $10000.,It cost $47.,"A friend asked him, ",Was it expensive?,"Matt said, ", Please provide the probability that Matt thinks that the laptop is expensive.,True,round,10000,10000,laptop
Owen,Owen bought a new laptop,10000,It cost $10000.,It cost $48.,"A friend asked him, ",Was it expensive?,"Owen said, ", Please provide the probability that Owen thinks that the laptop is expensive.,True,round,10000,10000,laptop
Ethan,Ethan bought a new laptop,10000,It cost $10000.,It cost $49.,"A friend asked him, ",Was it expensive?,"Ethan said, ", Please provide the probability that Ethan thinks that the laptop is expensive.,True,round,10000,10000,laptop
Charles,Charles bought a new laptop,10000,It cost $10000.,It cost $50.,"A friend asked him, ",Was it expensive?,"Charles said, ", Please provide the probability that Charles thinks that the laptop is expensive.,True,round,10000,10000,laptop
Steve,Steve bought a new laptop,10000,It cost $10000.,It cost $50.,"A friend asked him, ",Was it expensive?,"Steve said, ", Please provide the probability that Steve thinks that the laptop is expensive.,True,round,10000,10000,laptop
Fred,Fred bought a new laptop,10000,It cost $10000.,It cost $51.,"A friend asked him, ",Was it expensive?,"Fred said, ", Please provide the probability that Fred thinks that the laptop is expensive.,True,round,10000,10000,laptop
Albert,Albert bought a new laptop,10000,It cost $10000.,It cost $52.,"A friend asked him, ",Was it expensive?,"Albert said, ", Please provide the probability that Albert thinks that the laptop is expensive.,True,round,10000,10000,laptop
Fred,Fred bought a new laptop,10000,It cost $10000.,It cost $53.,"A friend asked him, ",Was it expensive?,"Fred said, ", Please provide the probability that Fred thinks that the laptop is expensive.,True,round,10000,10000,laptop
Patrick,Patrick bought a new laptop,10000,It cost $10000.,It cost $497.,"A friend asked him, ",Was it expensive?,"Patrick said, ", Please provide the probability that Patrick thinks that the laptop is expensive.,True,round,10000,10000,laptop
Winston,Winston bought a new laptop,10000,It cost $10000.,It cost $498.,"A friend asked him, ",Was it expensive?,"Winston said, ", Please provide the probability that Winston thinks that the laptop is expensive.,True,round,10000,10000,laptop
Bob,Bob bought a new laptop,10000,It cost $10000.,It cost $499.,"A friend asked him, ",Was it expensive?,"Bob said, ", Please provide the probability that Bob thinks that the laptop is expensive.,True,round,10000,10000,laptop
Luke,Luke bought a new laptop,10000,It cost $10000.,It cost $500.,"A friend asked him, ",Was it expensive?,"Luke said, ", Please provide the probability that Luke thinks that the laptop is expensive.,True,round,10000,10000,laptop
Patrick,Patrick bought a new laptop,10000,It cost $10000.,It cost $500.,"A friend asked him, ",Was it expensive?,"Patrick said, ", Please provide the probability that Patrick thinks that the laptop is expensive.,True,round,10000,10000,laptop
Barry,Barry bought a new laptop,10000,It cost $10000.,It cost $501.,"A friend asked him, ",Was it expensive?,"Barry said, ", Please provide the probability that Barry thinks that the laptop is expensive.,True,round,10000,10000,laptop
Daniel,Daniel bought a new laptop,10000,It cost $10000.,It cost $502.,"A friend asked him, ",Was it expensive?,"Daniel said, ", Please provide the probability that Daniel thinks that the laptop is expensive.,True,round,10000,10000,laptop
Owen,Owen bought a new laptop,10000,It cost $10000.,It cost $503.,"A friend asked him, ",Was it expensive?,"Owen said, ", Please provide the probability that Owen thinks that the laptop is expensive.,True,round,10000,10000,laptop
Daniel,Daniel bought a new laptop,10000,It cost $10000.,It cost $997.,"A friend asked him, ",Was it expensive?,"Daniel said, ", Please provide the probability that Daniel thinks that the laptop is expensive.,True,round,10000,10000,laptop
Steve,Steve bought a new laptop,10000,It cost $10000.,It cost $998.,"A friend asked him, ",Was it expensive?,"Steve said, ", Please provide the probability that Steve thinks that the laptop is expensive.,True,round,10000,10000,laptop
Winston,Winston bought a new laptop,10000,It cost $10000.,It cost $999.,"A friend asked him, ",Was it expensive?,"Winston said, ", Please provide the probability that Winston thinks that the laptop is expensive.,True,round,10000,10000,laptop
Ethan,Ethan bought a new laptop,10000,It cost $10000.,It cost $1000.,"A friend asked him, ",Was it expensive?,"Ethan said, ", Please provide the probability that Ethan thinks that the laptop is expensive.,True,round,10000,10000,laptop
Zach,Zach bought a new laptop,10000,It cost $10000.,It cost $1000.,"A friend asked him, ",Was it expensive?,"Zach said, ", Please provide the probability that Zach thinks that the laptop is expensive.,True,round,10000,10000,laptop
Matt,Matt bought a new laptop,10000,It cost $10000.,It cost $1001.,"A friend asked him, ",Was it expensive?,"Matt said, ", Please provide the probability that Matt thinks that the laptop is expensive.,True,round,10000,10000,laptop
Patrick,Patrick bought a new laptop,10000,It cost $10000.,It cost $1002.,"A friend asked him, ",Was it expensive?,"Patrick said, ", Please provide the probability that Patrick thinks that the laptop is expensive.,True,round,10000,10000,laptop
Ethan,Ethan bought a new laptop,10000,It cost $10000.,It cost $1003.,"A friend asked him, ",Was it expensive?,"Ethan said, ", Please provide the probability that Ethan thinks that the laptop is expensive.,True,round,10000,10000,laptop
Ethan,Ethan bought a new laptop,10000,It cost $10000.,It cost $4997.,"A friend asked him, ",Was it expensive?,"Ethan said, ", Please provide the probability that Ethan thinks that the laptop is expensive.,True,round,10000,10000,laptop
Tom,Tom bought a new laptop,10000,It cost $10000.,It cost $4998.,"A friend asked him, ",Was it expensive?,"Tom said, ", Please provide the probability that Tom thinks that the laptop is expensive.,True,round,10000,10000,laptop
Alex,Alex bought a new laptop,10000,It cost $10000.,It cost $4999.,"A friend asked him, ",Was it expensive?,"Alex said, ", Please provide the probability that Alex thinks that the laptop is expensive.,True,round,10000,10000,laptop
Owen,Owen bought a new laptop,10000,It cost $10000.,It cost $5000.,"A friend asked him, ",Was it expensive?,"Owen said, ", Please provide the probability that Owen thinks that the laptop is expensive.,True,round,10000,10000,laptop
Ethan,Ethan bought a new laptop,10000,It cost $10000.,It cost $5000.,"A friend asked him, ",Was it expensive?,"Ethan said, ", Please provide the probability that Ethan thinks that the laptop is expensive.,True,round,10000,10000,laptop
Daniel,Daniel bought a new laptop,10000,It cost $10000.,It cost $5001.,"A friend asked him, ",Was it expensive?,"Daniel said, ", Please provide the probability that Daniel thinks that the laptop is expensive.,True,round,10000,10000,laptop
George,George bought a new laptop,10000,It cost $10000.,It cost $5002.,"A friend asked him, ",Was it expensive?,"George said, ", Please provide the probability that George thinks that the laptop is expensive.,True,round,10000,10000,laptop
Victor,Victor bought a new laptop,10000,It cost $10000.,It cost $5003.,"A friend asked him, ",Was it expensive?,"Victor said, ", Please provide the probability that Victor thinks that the laptop is expensive.,True,round,10000,10000,laptop
Winston,Winston bought a new laptop,10000,It cost $10000.,It cost $9997.,"A friend asked him, ",Was it expensive?,"Winston said, ", Please provide the probability that Winston thinks that the laptop is expensive.,True,round,10000,10000,laptop
Ethan,Ethan bought a new laptop,10000,It cost $10000.,It cost $9998.,"A friend asked him, ",Was it expensive?,"Ethan said, ", Please provide the probability that Ethan thinks that the laptop is expensive.,True,round,10000,10000,laptop
Harry,Harry bought a new laptop,10000,It cost $10000.,It cost $9999.,"A friend asked him, ",Was it expensive?,"Harry said, ", Please provide the probability that Harry thinks that the laptop is expensive.,True,round,10000,10000,laptop
Bob,Bob bought a new laptop,10000,It cost $10000.,It cost $10000.,"A friend asked him, ",Was it expensive?,"Bob said, ", Please provide the probability that Bob thinks that the laptop is expensive.,True,round,10000,10000,laptop
Robert,Robert bought a new laptop,10000,It cost $10000.,It cost $10000.,"A friend asked him, ",Was it expensive?,"Robert said, ", Please provide the probability that Robert thinks that the laptop is expensive.,True,round,10000,10000,laptop
Jake,Jake bought a new laptop,10001,It cost $10001.,It cost $47.,"A friend asked him, ",Was it expensive?,"Jake said, ", Please provide the probability that Jake thinks that the laptop is expensive.,False,sharp,10000,10001,laptop
Fred,Fred bought a new laptop,10001,It cost $10001.,It cost $48.,"A friend asked him, ",Was it expensive?,"Fred said, ", Please provide the probability that Fred thinks that the laptop is expensive.,False,sharp,10000,10001,laptop
Harry,Harry bought a new laptop,10001,It cost $10001.,It cost $49.,"A friend asked him, ",Was it expensive?,"Harry said, ", Please provide the probability that Harry thinks that the laptop is expensive.,False,sharp,10000,10001,laptop
Albert,Albert bought a new laptop,10001,It cost $10001.,It cost $50.,"A friend asked him, ",Was it expensive?,"Albert said, ", Please provide the probability that Albert thinks that the laptop is expensive.,False,sharp,10000,10001,laptop
George,George bought a new laptop,10001,It cost $10001.,It cost $50.,"A friend asked him, ",Was it expensive?,"George said, ", Please provide the probability that George thinks that the laptop is expensive.,False,sharp,10000,10001,laptop
Owen,Owen bought a new laptop,10001,It cost $10001.,It cost $51.,"A friend asked him, ",Was it expensive?,"Owen said, ", Please provide the probability that Owen thinks that the laptop is expensive.,False,sharp,10000,10001,laptop
Tom,Tom bought a new laptop,10001,It cost $10001.,It cost $52.,"A friend asked him, ",Was it expensive?,"Tom said, ", Please provide the probability that Tom thinks that the laptop is expensive.,False,sharp,10000,10001,laptop
Daniel,Daniel bought a new laptop,10001,It cost $10001.,It cost $53.,"A friend asked him, ",Was it expensive?,"Daniel said, ", Please provide the probability that Daniel thinks that the laptop is expensive.,False,sharp,10000,10001,laptop
Matt,Matt bought a new laptop,10001,It cost $10001.,It cost $497.,"A friend asked him, ",Was it expensive?,"Matt said, ", Please provide the probability that Matt thinks that the laptop is expensive.,False,sharp,10000,10001,laptop
Tom,Tom bought a new laptop,10001,It cost $10001.,It cost $498.,"A friend asked him, ",Was it expensive?,"Tom said, ", Please provide the probability that Tom thinks that the laptop is expensive.,False,sharp,10000,10001,laptop
Bob,Bob bought a new laptop,10001,It cost $10001.,It cost $499.,"A friend asked him, ",Was it expensive?,"Bob said, ", Please provide the probability that Bob thinks that the laptop is expensive.,False,sharp,10000,10001,laptop
Barry,Barry bought a new laptop,10001,It cost $10001.,It cost $500.,"A friend asked him, ",Was it expensive?,"Barry said, ", Please provide the probability that Barry thinks that the laptop is expensive.,False,sharp,10000,10001,laptop
Zach,Zach bought a new laptop,10001,It cost $10001.,It cost $500.,"A friend asked him, ",Was it expensive?,"Zach said, ", Please provide the probability that Zach thinks that the laptop is expensive.,False,sharp,10000,10001,laptop
Harry,Harry bought a new laptop,10001,It cost $10001.,It cost $501.,"A friend asked him, ",Was it expensive?,"Harry said, ", Please provide the probability that Harry thinks that the laptop is expensive.,False,sharp,10000,10001,laptop
Winston,Winston bought a new laptop,10001,It cost $10001.,It cost $502.,"A friend asked him, ",Was it expensive?,"Winston said, ", Please provide the probability that Winston thinks that the laptop is expensive.,False,sharp,10000,10001,laptop
Winston,Winston bought a new laptop,10001,It cost $10001.,It cost $503.,"A friend asked him, ",Was it expensive?,"Winston said, ", Please provide the probability that Winston thinks that the laptop is expensive.,False,sharp,10000,10001,laptop
Calvin,Calvin bought a new laptop,10001,It cost $10001.,It cost $997.,"A friend asked him, ",Was it expensive?,"Calvin said, ", Please provide the probability that Calvin thinks that the laptop is expensive.,False,sharp,10000,10001,laptop
Daniel,Daniel bought a new laptop,10001,It cost $10001.,It cost $998.,"A friend asked him, ",Was it expensive?,"Daniel said, ", Please provide the probability that Daniel thinks that the laptop is expensive.,False,sharp,10000,10001,laptop
Ivan,Ivan bought a new laptop,10001,It cost $10001.,It cost $999.,"A friend asked him, ",Was it expensive?,"Ivan said, ", Please provide the probability that Ivan thinks that the laptop is expensive.,False,sharp,10000,10001,laptop
Luke,Luke bought a new laptop,10001,It cost $10001.,It cost $1000.,"A friend asked him, ",Was it expensive?,"Luke said, ", Please provide the probability that Luke thinks that the laptop is expensive.,False,sharp,10000,10001,laptop
Calvin,Calvin bought a new laptop,10001,It cost $10001.,It cost $1000.,"A friend asked him, ",Was it expensive?,"Calvin said, ", Please provide the probability that Calvin thinks that the laptop is expensive.,False,sharp,10000,10001,laptop
Steve,Steve bought a new laptop,10001,It cost $10001.,It cost $1001.,"A friend asked him, ",Was it expensive?,"Steve said, ", Please provide the probability that Steve thinks that the laptop is expensive.,False,sharp,10000,10001,laptop
Patrick,Patrick bought a new laptop,10001,It cost $10001.,It cost $1002.,"A friend asked him, ",Was it expensive?,"Patrick said, ", Please provide the probability that Patrick thinks that the laptop is expensive.,False,sharp,10000,10001,laptop
Quinn,Quinn bought a new laptop,10001,It cost $10001.,It cost $1003.,"A friend asked him, ",Was it expensive?,"Quinn said, ", Please provide the probability that Quinn thinks that the laptop is expensive.,False,sharp,10000,10001,laptop
Charles,Charles bought a new laptop,10001,It cost $10001.,It cost $4997.,"A friend asked him, ",Was it expensive?,"Charles said, ", Please provide the probability that Charles thinks that the laptop is expensive.,False,sharp,10000,10001,laptop
Ethan,Ethan bought a new laptop,10001,It cost $10001.,It cost $4998.,"A friend asked him, ",Was it expensive?,"Ethan said, ", Please provide the probability that Ethan thinks that the laptop is expensive.,False,sharp,10000,10001,laptop
Harry,Harry bought a new laptop,10001,It cost $10001.,It cost $4999.,"A friend asked him, ",Was it expensive?,"Harry said, ", Please provide the probability that Harry thinks that the laptop is expensive.,False,sharp,10000,10001,laptop
David,David bought a new laptop,10001,It cost $10001.,It cost $5000.,"A friend asked him, ",Was it expensive?,"David said, ", Please provide the probability that David thinks that the laptop is expensive.,False,sharp,10000,10001,laptop
Barry,Barry bought a new laptop,10001,It cost $10001.,It cost $5000.,"A friend asked him, ",Was it expensive?,"Barry said, ", Please provide the probability that Barry thinks that the laptop is expensive.,False,sharp,10000,10001,laptop
Jake,Jake bought a new laptop,10001,It cost $10001.,It cost $5001.,"A friend asked him, ",Was it expensive?,"Jake said, ", Please provide the probability that Jake thinks that the laptop is expensive.,False,sharp,10000,10001,laptop
Quinn,Quinn bought a new laptop,10001,It cost $10001.,It cost $5002.,"A friend asked him, ",Was it expensive?,"Quinn said, ", Please provide the probability that Quinn thinks that the laptop is expensive.,False,sharp,10000,10001,laptop
Victor,Victor bought a new laptop,10001,It cost $10001.,It cost $5003.,"A friend asked him, ",Was it expensive?,"Victor said, ", Please provide the probability that Victor thinks that the laptop is expensive.,False,sharp,10000,10001,laptop
Charles,Charles bought a new laptop,10001,It cost $10001.,It cost $9997.,"A friend asked him, ",Was it expensive?,"Charles said, ", Please provide the probability that Charles thinks that the laptop is expensive.,False,sharp,10000,10001,laptop
Patrick,Patrick bought a new laptop,10001,It cost $10001.,It cost $9998.,"A friend asked him, ",Was it expensive?,"Patrick said, ", Please provide the probability that Patrick thinks that the laptop is expensive.,False,sharp,10000,10001,laptop
Ivan,Ivan bought a new laptop,10001,It cost $10001.,It cost $9999.,"A friend asked him, ",Was it expensive?,"Ivan said, ", Please provide the probability that Ivan thinks that the laptop is expensive.,False,sharp,10000,10001,laptop
Zach,Zach bought a new laptop,10001,It cost $10001.,It cost $10000.,"A friend asked him, ",Was it expensive?,"Zach said, ", Please provide the probability that Zach thinks that the laptop is expensive.,False,sharp,10000,10001,laptop
George,George bought a new laptop,10001,It cost $10001.,It cost $10000.,"A friend asked him, ",Was it expensive?,"George said, ", Please provide the probability that George thinks that the laptop is expensive.,False,sharp,10000,10001,laptop
Luke,Luke bought a new laptop,10001,It cost $10001.,It cost $10001.,"A friend asked him, ",Was it expensive?,"Luke said, ", Please provide the probability that Luke thinks that the laptop is expensive.,False,sharp,10000,10001,laptop
David,David bought a new laptop,10002,It cost $10002.,It cost $47.,"A friend asked him, ",Was it expensive?,"David said, ", Please provide the probability that David thinks that the laptop is expensive.,False,sharp,10000,10001,laptop
Frank,Frank bought a new laptop,10002,It cost $10002.,It cost $48.,"A friend asked him, ",Was it expensive?,"Frank said, ", Please provide the probability that Frank thinks that the laptop is expensive.,False,sharp,10000,10001,laptop
Nathan,Nathan bought a new laptop,10002,It cost $10002.,It cost $49.,"A friend asked him, ",Was it expensive?,"Nathan said, ", Please provide the probability that Nathan thinks that the laptop is expensive.,False,sharp,10000,10001,laptop
Luke,Luke bought a new laptop,10002,It cost $10002.,It cost $50.,"A friend asked him, ",Was it expensive?,"Luke said, ", Please provide the probability that Luke thinks that the laptop is expensive.,False,sharp,10000,10001,laptop
David,David bought a new laptop,10002,It cost $10002.,It cost $50.,"A friend asked him, ",Was it expensive?,"David said, ", Please provide the probability that David thinks that the laptop is expensive.,False,sharp,10000,10001,laptop
Frank,Frank bought a new laptop,10002,It cost $10002.,It cost $51.,"A friend asked him, ",Was it expensive?,"Frank said, ", Please provide the probability that Frank thinks that the laptop is expensive.,False,sharp,10000,10001,laptop
Alex,Alex bought a new laptop,10002,It cost $10002.,It cost $52.,"A friend asked him, ",Was it expensive?,"Alex said, ", Please provide the probability that Alex thinks that the laptop is expensive.,False,sharp,10000,10001,laptop
Luke,Luke bought a new laptop,10002,It cost $10002.,It cost $53.,"A friend asked him, ",Was it expensive?,"Luke said, ", Please provide the probability that Luke thinks that the laptop is expensive.,False,sharp,10000,10001,laptop
Matt,Matt bought a new laptop,10002,It cost $10002.,It cost $497.,"A friend asked him, ",Was it expensive?,"Matt said, ", Please provide the probability that Matt thinks that the laptop is expensive.,False,sharp,10000,10001,laptop
Bob,Bob bought a new laptop,10002,It cost $10002.,It cost $498.,"A friend asked him, ",Was it expensive?,"Bob said, ", Please provide the probability that Bob thinks that the laptop is expensive.,False,sharp,10000,10001,laptop
Bob,Bob bought a new laptop,10002,It cost $10002.,It cost $499.,"A friend asked him, ",Was it expensive?,"Bob said, ", Please provide the probability that Bob thinks that the laptop is expensive.,False,sharp,10000,10001,laptop
Bob,Bob bought a new laptop,10002,It cost $10002.,It cost $500.,"A friend asked him, ",Was it expensive?,"Bob said, ", Please provide the probability that Bob thinks that the laptop is expensive.,False,sharp,10000,10001,laptop
Eric,Eric bought a new laptop,10002,It cost $10002.,It cost $500.,"A friend asked him, ",Was it expensive?,"Eric said, ", Please provide the probability that Eric thinks that the laptop is expensive.,False,sharp,10000,10001,laptop
Jake,Jake bought a new laptop,10002,It cost $10002.,It cost $501.,"A friend asked him, ",Was it expensive?,"Jake said, ", Please provide the probability that Jake thinks that the laptop is expensive.,False,sharp,10000,10001,laptop
Charles,Charles bought a new laptop,10002,It cost $10002.,It cost $502.,"A friend asked him, ",Was it expensive?,"Charles said, ", Please provide the probability that Charles thinks that the laptop is expensive.,False,sharp,10000,10001,laptop
Ivan,Ivan bought a new laptop,10002,It cost $10002.,It cost $503.,"A friend asked him, ",Was it expensive?,"Ivan said, ", Please provide the probability that Ivan thinks that the laptop is expensive.,False,sharp,10000,10001,laptop
Tom,Tom bought a new laptop,10002,It cost $10002.,It cost $997.,"A friend asked him, ",Was it expensive?,"Tom said, ", Please provide the probability that Tom thinks that the laptop is expensive.,False,sharp,10000,10001,laptop
Albert,Albert bought a new laptop,10002,It cost $10002.,It cost $998.,"A friend asked him, ",Was it expensive?,"Albert said, ", Please provide the probability that Albert thinks that the laptop is expensive.,False,sharp,10000,10001,laptop
Frank,Frank bought a new laptop,10002,It cost $10002.,It cost $999.,"A friend asked him, ",Was it expensive?,"Frank said, ", Please provide the probability that Frank thinks that the laptop is expensive.,False,sharp,10000,10001,laptop
Patrick,Patrick bought a new laptop,10002,It cost $10002.,It cost $1000.,"A friend asked him, ",Was it expensive?,"Patrick said, ", Please provide the probability that Patrick thinks that the laptop is expensive.,False,sharp,10000,10001,laptop
Kenneth,Kenneth bought a new laptop,10002,It cost $10002.,It cost $1000.,"A friend asked him, ",Was it expensive?,"Kenneth said, ", Please provide the probability that Kenneth thinks that the laptop is expensive.,False,sharp,10000,10001,laptop
Bob,Bob bought a new laptop,10002,It cost $10002.,It cost $1001.,"A friend asked him, ",Was it expensive?,"Bob said, ", Please provide the probability that Bob thinks that the laptop is expensive.,False,sharp,10000,10001,laptop
Owen,Owen bought a new laptop,10002,It cost $10002.,It cost $1002.,"A friend asked him, ",Was it expensive?,"Owen said, ", Please provide the probability that Owen thinks that the laptop is expensive.,False,sharp,10000,10001,laptop
Steve,Steve bought a new laptop,10002,It cost $10002.,It cost $1003.,"A friend asked him, ",Was it expensive?,"Steve said, ", Please provide the probability that Steve thinks that the laptop is expensive.,False,sharp,10000,10001,laptop
Calvin,Calvin bought a new laptop,10002,It cost $10002.,It cost $4997.,"A friend asked him, ",Was it expensive?,"Calvin said, ", Please provide the probability that Calvin thinks that the laptop is expensive.,False,sharp,10000,10001,laptop
Matt,Matt bought a new laptop,10002,It cost $10002.,It cost $4998.,"A friend asked him, ",Was it expensive?,"Matt said, ", Please provide the probability that Matt thinks that the laptop is expensive.,False,sharp,10000,10001,laptop
Charles,Charles bought a new laptop,10002,It cost $10002.,It cost $4999.,"A friend asked him, ",Was it expensive?,"Charles said, ", Please provide the probability that Charles thinks that the laptop is expensive.,False,sharp,10000,10001,laptop
Bob,Bob bought a new laptop,10002,It cost $10002.,It cost $5000.,"A friend asked him, ",Was it expensive?,"Bob said, ", Please provide the probability that Bob thinks that the laptop is expensive.,False,sharp,10000,10001,laptop
Owen,Owen bought a new laptop,10002,It cost $10002.,It cost $5000.,"A friend asked him, ",Was it expensive?,"Owen said, ", Please provide the probability that Owen thinks that the laptop is expensive.,False,sharp,10000,10001,laptop
Fred,Fred bought a new laptop,10002,It cost $10002.,It cost $5001.,"A friend asked him, ",Was it expensive?,"Fred said, ", Please provide the probability that Fred thinks that the laptop is expensive.,False,sharp,10000,10001,laptop
Steve,Steve bought a new laptop,10002,It cost $10002.,It cost $5002.,"A friend asked him, ",Was it expensive?,"Steve said, ", Please provide the probability that Steve thinks that the laptop is expensive.,False,sharp,10000,10001,laptop
Winston,Winston bought a new laptop,10002,It cost $10002.,It cost $5003.,"A friend asked him, ",Was it expensive?,"Winston said, ", Please provide the probability that Winston thinks that the laptop is expensive.,False,sharp,10000,10001,laptop
Fred,Fred bought a new laptop,10002,It cost $10002.,It cost $9997.,"A friend asked him, ",Was it expensive?,"Fred said, ", Please provide the probability that Fred thinks that the laptop is expensive.,False,sharp,10000,10001,laptop
Calvin,Calvin bought a new laptop,10002,It cost $10002.,It cost $9998.,"A friend asked him, ",Was it expensive?,"Calvin said, ", Please provide the probability that Calvin thinks that the laptop is expensive.,False,sharp,10000,10001,laptop
Calvin,Calvin bought a new laptop,10002,It cost $10002.,It cost $9999.,"A friend asked him, ",Was it expensive?,"Calvin said, ", Please provide the probability that Calvin thinks that the laptop is expensive.,False,sharp,10000,10001,laptop
Owen,Owen bought a new laptop,10002,It cost $10002.,It cost $10000.,"A friend asked him, ",Was it expensive?,"Owen said, ", Please provide the probability that Owen thinks that the laptop is expensive.,False,sharp,10000,10001,laptop
Fred,Fred bought a new laptop,10002,It cost $10002.,It cost $10000.,"A friend asked him, ",Was it expensive?,"Fred said, ", Please provide the probability that Fred thinks that the laptop is expensive.,False,sharp,10000,10001,laptop
Winston,Winston bought a new laptop,10002,It cost $10002.,It cost $10001.,"A friend asked him, ",Was it expensive?,"Winston said, ", Please provide the probability that Winston thinks that the laptop is expensive.,False,sharp,10000,10001,laptop
David,David bought a new laptop,10002,It cost $10002.,It cost $10002.,"A friend asked him, ",Was it expensive?,"David said, ", Please provide the probability that David thinks that the laptop is expensive.,False,sharp,10000,10001,laptop
Fred,Fred bought a new laptop,10003,It cost $10003.,It cost $47.,"A friend asked him, ",Was it expensive?,"Fred said, ", Please provide the probability that Fred thinks that the laptop is expensive.,False,sharp,10000,10001,laptop
Charles,Charles bought a new laptop,10003,It cost $10003.,It cost $48.,"A friend asked him, ",Was it expensive?,"Charles said, ", Please provide the probability that Charles thinks that the laptop is expensive.,False,sharp,10000,10001,laptop
Zach,Zach bought a new laptop,10003,It cost $10003.,It cost $49.,"A friend asked him, ",Was it expensive?,"Zach said, ", Please provide the probability that Zach thinks that the laptop is expensive.,False,sharp,10000,10001,laptop
Nathan,Nathan bought a new laptop,10003,It cost $10003.,It cost $50.,"A friend asked him, ",Was it expensive?,"Nathan said, ", Please provide the probability that Nathan thinks that the laptop is expensive.,False,sharp,10000,10001,laptop
Steve,Steve bought a new laptop,10003,It cost $10003.,It cost $50.,"A friend asked him, ",Was it expensive?,"Steve said, ", Please provide the probability that Steve thinks that the laptop is expensive.,False,sharp,10000,10001,laptop
David,David bought a new laptop,10003,It cost $10003.,It cost $51.,"A friend asked him, ",Was it expensive?,"David said, ", Please provide the probability that David thinks that the laptop is expensive.,False,sharp,10000,10001,laptop
Eric,Eric bought a new laptop,10003,It cost $10003.,It cost $52.,"A friend asked him, ",Was it expensive?,"Eric said, ", Please provide the probability that Eric thinks that the laptop is expensive.,False,sharp,10000,10001,laptop
Fred,Fred bought a new laptop,10003,It cost $10003.,It cost $53.,"A friend asked him, ",Was it expensive?,"Fred said, ", Please provide the probability that Fred thinks that the laptop is expensive.,False,sharp,10000,10001,laptop
Harry,Harry bought a new laptop,10003,It cost $10003.,It cost $497.,"A friend asked him, ",Was it expensive?,"Harry said, ", Please provide the probability that Harry thinks that the laptop is expensive.,False,sharp,10000,10001,laptop
Quinn,Quinn bought a new laptop,10003,It cost $10003.,It cost $498.,"A friend asked him, ",Was it expensive?,"Quinn said, ", Please provide the probability that Quinn thinks that the laptop is expensive.,False,sharp,10000,10001,laptop
Kenneth,Kenneth bought a new laptop,10003,It cost $10003.,It cost $499.,"A friend asked him, ",Was it expensive?,"Kenneth said, ", Please provide the probability that Kenneth thinks that the laptop is expensive.,False,sharp,10000,10001,laptop
Victor,Victor bought a new laptop,10003,It cost $10003.,It cost $500.,"A friend asked him, ",Was it expensive?,"Victor said, ", Please provide the probability that Victor thinks that the laptop is expensive.,False,sharp,10000,10001,laptop
Victor,Victor bought a new laptop,10003,It cost $10003.,It cost $500.,"A friend asked him, ",Was it expensive?,"Victor said, ", Please provide the probability that Victor thinks that the laptop is expensive.,False,sharp,10000,10001,laptop
Quinn,Quinn bought a new laptop,10003,It cost $10003.,It cost $501.,"A friend asked him, ",Was it expensive?,"Quinn said, ", Please provide the probability that Quinn thinks that the laptop is expensive.,False,sharp,10000,10001,laptop
Albert,Albert bought a new laptop,10003,It cost $10003.,It cost $502.,"A friend asked him, ",Was it expensive?,"Albert said, ", Please provide the probability that Albert thinks that the laptop is expensive.,False,sharp,10000,10001,laptop
Fred,Fred bought a new laptop,10003,It cost $10003.,It cost $503.,"A friend asked him, ",Was it expensive?,"Fred said, ", Please provide the probability that Fred thinks that the laptop is expensive.,False,sharp,10000,10001,laptop
Ivan,Ivan bought a new laptop,10003,It cost $10003.,It cost $997.,"A friend asked him, ",Was it expensive?,"Ivan said, ", Please provide the probability that Ivan thinks that the laptop is expensive.,False,sharp,10000,10001,laptop
Daniel,Daniel bought a new laptop,10003,It cost $10003.,It cost $998.,"A friend asked him, ",Was it expensive?,"Daniel said, ", Please provide the probability that Daniel thinks that the laptop is expensive.,False,sharp,10000,10001,laptop
Patrick,Patrick bought a new laptop,10003,It cost $10003.,It cost $999.,"A friend asked him, ",Was it expensive?,"Patrick said, ", Please provide the probability that Patrick thinks that the laptop is expensive.,False,sharp,10000,10001,laptop
Jake,Jake bought a new laptop,10003,It cost $10003.,It cost $1000.,"A friend asked him, ",Was it expensive?,"Jake said, ", Please provide the probability that Jake thinks that the laptop is expensive.,False,sharp,10000,10001,laptop
Robert,Robert bought a new laptop,10003,It cost $10003.,It cost $1000.,"A friend asked him, ",Was it expensive?,"Robert said, ", Please provide the probability that Robert thinks that the laptop is expensive.,False,sharp,10000,10001,laptop
Gary,Gary bought a new laptop,10003,It cost $10003.,It cost $1001.,"A friend asked him, ",Was it expensive?,"Gary said, ", Please provide the probability that Gary thinks that the laptop is expensive.,False,sharp,10000,10001,laptop
Eric,Eric bought a new laptop,10003,It cost $10003.,It cost $1002.,"A friend asked him, ",Was it expensive?,"Eric said, ", Please provide the probability that Eric thinks that the laptop is expensive.,False,sharp,10000,10001,laptop
Robert,Robert bought a new laptop,10003,It cost $10003.,It cost $1003.,"A friend asked him, ",Was it expensive?,"Robert said, ", Please provide the probability that Robert thinks that the laptop is expensive.,False,sharp,10000,10001,laptop
Alex,Alex bought a new laptop,10003,It cost $10003.,It cost $4997.,"A friend asked him, ",Was it expensive?,"Alex said, ", Please provide the probability that Alex thinks that the laptop is expensive.,False,sharp,10000,10001,laptop
Alex,Alex bought a new laptop,10003,It cost $10003.,It cost $4998.,"A friend asked him, ",Was it expensive?,"Alex said, ", Please provide the probability that Alex thinks that the laptop is expensive.,False,sharp,10000,10001,laptop
Steve,Steve bought a new laptop,10003,It cost $10003.,It cost $4999.,"A friend asked him, ",Was it expensive?,"Steve said, ", Please provide the probability that Steve thinks that the laptop is expensive.,False,sharp,10000,10001,laptop
Fred,Fred bought a new laptop,10003,It cost $10003.,It cost $5000.,"A friend asked him, ",Was it expensive?,"Fred said, ", Please provide the probability that Fred thinks that the laptop is expensive.,False,sharp,10000,10001,laptop
David,David bought a new laptop,10003,It cost $10003.,It cost $5000.,"A friend asked him, ",Was it expensive?,"David said, ", Please provide the probability that David thinks that the laptop is expensive.,False,sharp,10000,10001,laptop
Owen,Owen bought a new laptop,10003,It cost $10003.,It cost $5001.,"A friend asked him, ",Was it expensive?,"Owen said, ", Please provide the probability that Owen thinks that the laptop is expensive.,False,sharp,10000,10001,laptop
Ethan,Ethan bought a new laptop,10003,It cost $10003.,It cost $5002.,"A friend asked him, ",Was it expensive?,"Ethan said, ", Please provide the probability that Ethan thinks that the laptop is expensive.,False,sharp,10000,10001,laptop
Jake,Jake bought a new laptop,10003,It cost $10003.,It cost $5003.,"A friend asked him, ",Was it expensive?,"Jake said, ", Please provide the probability that Jake thinks that the laptop is expensive.,False,sharp,10000,10001,laptop
Matt,Matt bought a new laptop,10003,It cost $10003.,It cost $9997.,"A friend asked him, ",Was it expensive?,"Matt said, ", Please provide the probability that Matt thinks that the laptop is expensive.,False,sharp,10000,10001,laptop
Patrick,Patrick bought a new laptop,10003,It cost $10003.,It cost $9998.,"A friend asked him, ",Was it expensive?,"Patrick said, ", Please provide the probability that Patrick thinks that the laptop is expensive.,False,sharp,10000,10001,laptop
Winston,Winston bought a new laptop,10003,It cost $10003.,It cost $9999.,"A friend asked him, ",Was it expensive?,"Winston said, ", Please provide the probability that Winston thinks that the laptop is expensive.,False,sharp,10000,10001,laptop
Ivan,Ivan bought a new laptop,10003,It cost $10003.,It cost $10000.,"A friend asked him, ",Was it expensive?,"Ivan said, ", Please provide the probability that Ivan thinks that the laptop is expensive.,False,sharp,10000,10001,laptop
David,David bought a new laptop,10003,It cost $10003.,It cost $10000.,"A friend asked him, ",Was it expensive?,"David said, ", Please provide the probability that David thinks that the laptop is expensive.,False,sharp,10000,10001,laptop
Steve,Steve bought a new laptop,10003,It cost $10003.,It cost $10001.,"A friend asked him, ",Was it expensive?,"Steve said, ", Please provide the probability that Steve thinks that the laptop is expensive.,False,sharp,10000,10001,laptop
Quinn,Quinn bought a new laptop,10003,It cost $10003.,It cost $10002.,"A friend asked him, ",Was it expensive?,"Quinn said, ", Please provide the probability that Quinn thinks that the laptop is expensive.,False,sharp,10000,10001,laptop
Ethan,Ethan bought a new laptop,10003,It cost $10003.,It cost $10003.,"A friend asked him, ",Was it expensive?,"Ethan said, ", Please provide the probability that Ethan thinks that the laptop is expensive.,False,sharp,10000,10001,laptop
